sequence,event_type,symbol,recorded_decision,replayed_decision,matched,detail
280,market_gate,,skip,skip,True,four-factor market gate
281,market_gate,,trade,trade,True,four-factor market gate
282,scan_completed,,candidates_ranked,candidates_ranked,True,"recorded=['WINDLAS-EQ', 'AYMSYNTEX-EQ', 'RISHABH-EQ', 'MOLBIO-EQ', 'ARIES-EQ']; replayed=['WINDLAS-EQ', 'AYMSYNTEX-EQ', 'RISHABH-EQ', 'MOLBIO-EQ', 'ARIES-EQ']"
283,tradability_filter,,candidates_available,candidates_available,True,captured filter outcome
284,broker_tradability_result,,candidates_available,candidates_available,True,captured filter outcome
285,candidate_validation,WINDLAS-EQ,rejected,rejected,True,Range position 0.709 < 0.85 (price retreating from high)
286,candidate_validation,AYMSYNTEX-EQ,rejected,rejected,True,Range position 0.804 < 0.85 (price retreating from high)
287,candidate_validation,RISHABH-EQ,rejected,rejected,True,Gain +4.96% outside 5.0-10.0% range
288,candidate_validation,MOLBIO-EQ,rejected,rejected,True,Gain +4.99% outside 5.0-10.0% range
289,scan_completed,,candidates_ranked,candidates_ranked,True,"recorded=['COALINDIA-EQ', 'MAITHANALL-EQ', 'WINDLAS-EQ', 'AYMSYNTEX-EQ', 'RISHABH-EQ']; replayed=['COALINDIA-EQ', 'MAITHANALL-EQ', 'WINDLAS-EQ', 'AYMSYNTEX-EQ', 'RISHABH-EQ']"
290,tradability_filter,,candidates_available,candidates_available,True,captured filter outcome
291,broker_tradability_result,,candidates_available,candidates_available,True,captured filter outcome
292,candidate_validation,WINDLAS-EQ,rejected,rejected,True,Range position 0.666 < 0.85 (price retreating from high)
293,candidate_validation,AYMSYNTEX-EQ,rejected,rejected,True,Range position 0.786 < 0.85 (price retreating from high)
294,candidate_validation,RISHABH-EQ,rejected,rejected,True,Range position 0.808 < 0.85 (price retreating from high)
295,candidate_validation,COALINDIA-EQ,rejected,rejected,True,Volume fading: current 61750 vs avg 131143 (ratio 0.47 < 1.2)
296,candidate_validation,MAITHANALL-EQ,rejected,rejected,True,Volume fading: current 105 vs avg 2158 (ratio 0.05 < 1.2)
297,scan_completed,,candidates_ranked,candidates_ranked,True,"recorded=['MAITHANALL-EQ', 'WINDLAS-EQ', 'AYMSYNTEX-EQ', 'RISHABH-EQ', 'EXPLEOSOL-EQ']; replayed=['MAITHANALL-EQ', 'WINDLAS-EQ', 'AYMSYNTEX-EQ', 'RISHABH-EQ', 'EXPLEOSOL-EQ']"
298,tradability_filter,,candidates_available,candidates_available,True,captured filter outcome
299,broker_tradability_result,,candidates_available,candidates_available,True,captured filter outcome
300,candidate_validation,WINDLAS-EQ,rejected,rejected,True,Range position 0.693 < 0.85 (price retreating from high)
301,candidate_validation,AYMSYNTEX-EQ,rejected,rejected,True,Range position 0.750 < 0.85 (price retreating from high)
302,candidate_validation,RISHABH-EQ,rejected,rejected,True,Range position 0.809 < 0.85 (price retreating from high)
303,candidate_validation,EXPLEOSOL-EQ,rejected,rejected,True,Range position 0.532 < 0.85 (price retreating from high)
304,candidate_validation,MAITHANALL-EQ,rejected,rejected,True,Volume fading: current 57 vs avg 2429 (ratio 0.02 < 1.2)
305,scan_completed,,candidates_ranked,candidates_ranked,True,"recorded=['MAITHANALL-EQ', 'WINDLAS-EQ', 'RISHABH-EQ', 'AYMSYNTEX-EQ', 'ARIES-EQ']; replayed=['MAITHANALL-EQ', 'WINDLAS-EQ', 'RISHABH-EQ', 'AYMSYNTEX-EQ', 'ARIES-EQ']"
306,tradability_filter,,candidates_available,candidates_available,True,captured filter outcome
307,broker_tradability_result,,candidates_available,candidates_available,True,captured filter outcome
308,candidate_validation,WINDLAS-EQ,rejected,rejected,True,Range position 0.703 < 0.85 (price retreating from high)
309,candidate_validation,RISHABH-EQ,rejected,rejected,True,Range position 0.836 < 0.85 (price retreating from high)
310,candidate_validation,AYMSYNTEX-EQ,rejected,rejected,True,Range position 0.734 < 0.85 (price retreating from high)
311,candidate_validation,MAITHANALL-EQ,rejected,rejected,True,Volume fading: current 1895 vs avg 2925 (ratio 0.65 < 1.2)
312,scan_completed,,candidates_ranked,candidates_ranked,True,"recorded=['MAITHANALL-EQ', 'WINDLAS-EQ', 'MILKYMIST-EQ', 'RISHABH-EQ', 'AYMSYNTEX-EQ']; replayed=['MAITHANALL-EQ', 'WINDLAS-EQ', 'MILKYMIST-EQ', 'RISHABH-EQ', 'AYMSYNTEX-EQ']"
313,tradability_filter,,candidates_available,candidates_available,True,captured filter outcome
314,broker_tradability_result,,candidates_available,candidates_available,True,captured filter outcome
315,candidate_validation,WINDLAS-EQ,rejected,rejected,True,Range position 0.719 < 0.85 (price retreating from high)
316,candidate_validation,MILKYMIST-EQ,rejected,rejected,True,Range position 0.825 < 0.85 (price retreating from high)
317,candidate_validation,AYMSYNTEX-EQ,rejected,rejected,True,Range position 0.714 < 0.85 (price retreating from high)
318,candidate_validation,RISHABH-EQ,rejected,rejected,True,Volume fading: current 633 vs avg 2597 (ratio 0.24 < 1.2)
319,candidate_validation,MAITHANALL-EQ,rejected,rejected,True,Volume fading: current 2606 vs avg 2807 (ratio 0.93 < 1.2)
320,scan_completed,,candidates_ranked,candidates_ranked,True,"recorded=['MAITHANALL-EQ', 'WINDLAS-EQ', 'RISHABH-EQ', 'AYMSYNTEX-EQ', 'NIACL-EQ']; replayed=['MAITHANALL-EQ', 'WINDLAS-EQ', 'RISHABH-EQ', 'AYMSYNTEX-EQ', 'NIACL-EQ']"
321,tradability_filter,,candidates_available,candidates_available,True,captured filter outcome
322,broker_tradability_result,,candidates_available,candidates_available,True,captured filter outcome
323,candidate_validation,WINDLAS-EQ,rejected,rejected,True,Range position 0.779 < 0.85 (price retreating from high)
324,candidate_validation,AYMSYNTEX-EQ,rejected,rejected,True,Range position 0.735 < 0.85 (price retreating from high)
325,candidate_validation,NIACL-EQ,rejected,rejected,True,Range position 0.799 < 0.85 (price retreating from high)
326,candidate_validation,MAITHANALL-EQ,rejected,rejected,True,No micro breakout: LTP 1040.80 < last 5min high 1042.05
327,candidate_validation,RISHABH-EQ,accepted,accepted,True,All checks passed
328,position_sized,RISHABH-EQ,67,67,True,risk-based position sizing
336,position_evaluated,RISHABH-EQ,hold,hold,True,target and post-trail stop decision
337,position_evaluated,RISHABH-EQ,hold,hold,True,target and post-trail stop decision
338,position_evaluated,RISHABH-EQ,hold,hold,True,target and post-trail stop decision
339,position_evaluated,RISHABH-EQ,hold,hold,True,target and post-trail stop decision
340,position_evaluated,RISHABH-EQ,hold,hold,True,target and post-trail stop decision
341,position_evaluated,RISHABH-EQ,hold,hold,True,target and post-trail stop decision
342,position_evaluated,RISHABH-EQ,hold,hold,True,target and post-trail stop decision
343,position_evaluated,RISHABH-EQ,hold,hold,True,target and post-trail stop decision
344,position_evaluated,RISHABH-EQ,hold,hold,True,target and post-trail stop decision
345,position_evaluated,RISHABH-EQ,hold,hold,True,target and post-trail stop decision
346,position_evaluated,RISHABH-EQ,hold,hold,True,target and post-trail stop decision
347,position_evaluated,RISHABH-EQ,hold,hold,True,target and post-trail stop decision
348,position_evaluated,RISHABH-EQ,hold,hold,True,target and post-trail stop decision
349,position_evaluated,RISHABH-EQ,hold,hold,True,target and post-trail stop decision
350,position_evaluated,RISHABH-EQ,hold,hold,True,target and post-trail stop decision
351,position_evaluated,RISHABH-EQ,hold,hold,True,target and post-trail stop decision
352,position_evaluated,RISHABH-EQ,hold,hold,True,target and post-trail stop decision
353,position_evaluated,RISHABH-EQ,hold,hold,True,target and post-trail stop decision
354,position_evaluated,RISHABH-EQ,hold,hold,True,target and post-trail stop decision
355,position_evaluated,RISHABH-EQ,hold,hold,True,target and post-trail stop decision
356,position_evaluated,RISHABH-EQ,hold,hold,True,target and post-trail stop decision
357,position_evaluated,RISHABH-EQ,hold,hold,True,target and post-trail stop decision
358,position_evaluated,RISHABH-EQ,hold,hold,True,target and post-trail stop decision
359,position_evaluated,RISHABH-EQ,hold,hold,True,target and post-trail stop decision
360,position_evaluated,RISHABH-EQ,hold,hold,True,target and post-trail stop decision
361,position_evaluated,RISHABH-EQ,hold,hold,True,target and post-trail stop decision
362,position_evaluated,RISHABH-EQ,hold,hold,True,target and post-trail stop decision
363,position_evaluated,RISHABH-EQ,hold,hold,True,target and post-trail stop decision
364,position_evaluated,RISHABH-EQ,hold,hold,True,target and post-trail stop decision
365,position_evaluated,RISHABH-EQ,hold,hold,True,target and post-trail stop decision
366,position_evaluated,RISHABH-EQ,hold,hold,True,target and post-trail stop decision
367,position_evaluated,RISHABH-EQ,hold,hold,True,target and post-trail stop decision
368,position_evaluated,RISHABH-EQ,hold,hold,True,target and post-trail stop decision
369,position_evaluated,RISHABH-EQ,hold,hold,True,target and post-trail stop decision
370,position_evaluated,RISHABH-EQ,hold,hold,True,target and post-trail stop decision
371,position_evaluated,RISHABH-EQ,hold,hold,True,target and post-trail stop decision
372,position_evaluated,RISHABH-EQ,hold,hold,True,target and post-trail stop decision
373,position_evaluated,RISHABH-EQ,hold,hold,True,target and post-trail stop decision
374,position_evaluated,RISHABH-EQ,hold,hold,True,target and post-trail stop decision
375,position_evaluated,RISHABH-EQ,hold,hold,True,target and post-trail stop decision
376,position_evaluated,RISHABH-EQ,hold,hold,True,target and post-trail stop decision
377,position_evaluated,RISHABH-EQ,hold,hold,True,target and post-trail stop decision
378,position_evaluated,RISHABH-EQ,hold,hold,True,target and post-trail stop decision
379,position_evaluated,RISHABH-EQ,hold,hold,True,target and post-trail stop decision
380,position_evaluated,RISHABH-EQ,hold,hold,True,target and post-trail stop decision
381,position_evaluated,RISHABH-EQ,hold,hold,True,target and post-trail stop decision
382,position_evaluated,RISHABH-EQ,hold,hold,True,target and post-trail stop decision
383,position_evaluated,RISHABH-EQ,hold,hold,True,target and post-trail stop decision
384,position_evaluated,RISHABH-EQ,hold,hold,True,target and post-trail stop decision
385,position_evaluated,RISHABH-EQ,hold,hold,True,target and post-trail stop decision
386,position_evaluated,RISHABH-EQ,hold,hold,True,target and post-trail stop decision
387,position_evaluated,RISHABH-EQ,hold,hold,True,target and post-trail stop decision
388,position_evaluated,RISHABH-EQ,hold,hold,True,target and post-trail stop decision
389,position_evaluated,RISHABH-EQ,hold,hold,True,target and post-trail stop decision
390,position_evaluated,RISHABH-EQ,hold,hold,True,target and post-trail stop decision
391,position_evaluated,RISHABH-EQ,hold,hold,True,target and post-trail stop decision
392,position_evaluated,RISHABH-EQ,hold,hold,True,target and post-trail stop decision
393,position_evaluated,RISHABH-EQ,hold,hold,True,target and post-trail stop decision
394,position_evaluated,RISHABH-EQ,hold,hold,True,target and post-trail stop decision
395,position_evaluated,RISHABH-EQ,hold,hold,True,target and post-trail stop decision
396,position_evaluated,RISHABH-EQ,hold,hold,True,target and post-trail stop decision
397,position_evaluated,RISHABH-EQ,hold,hold,True,target and post-trail stop decision
398,position_evaluated,RISHABH-EQ,hold,hold,True,target and post-trail stop decision
399,position_evaluated,RISHABH-EQ,hold,hold,True,target and post-trail stop decision
400,position_evaluated,RISHABH-EQ,hold,hold,True,target and post-trail stop decision
401,position_evaluated,RISHABH-EQ,hold,hold,True,target and post-trail stop decision
402,position_evaluated,RISHABH-EQ,hold,hold,True,target and post-trail stop decision
403,position_evaluated,RISHABH-EQ,hold,hold,True,target and post-trail stop decision
404,position_evaluated,RISHABH-EQ,hold,hold,True,target and post-trail stop decision
405,position_evaluated,RISHABH-EQ,hold,hold,True,target and post-trail stop decision
406,position_evaluated,RISHABH-EQ,hold,hold,True,target and post-trail stop decision
407,position_evaluated,RISHABH-EQ,hold,hold,True,target and post-trail stop decision
408,position_evaluated,RISHABH-EQ,hold,hold,True,target and post-trail stop decision
409,position_evaluated,RISHABH-EQ,hold,hold,True,target and post-trail stop decision
410,position_evaluated,RISHABH-EQ,hold,hold,True,target and post-trail stop decision
411,position_evaluated,RISHABH-EQ,hold,hold,True,target and post-trail stop decision
412,position_evaluated,RISHABH-EQ,hold,hold,True,target and post-trail stop decision
413,position_evaluated,RISHABH-EQ,hold,hold,True,target and post-trail stop decision
414,position_evaluated,RISHABH-EQ,hold,hold,True,target and post-trail stop decision
415,position_evaluated,RISHABH-EQ,hold,hold,True,target and post-trail stop decision
416,position_evaluated,RISHABH-EQ,hold,hold,True,target and post-trail stop decision
417,position_evaluated,RISHABH-EQ,hold,hold,True,target and post-trail stop decision
418,position_evaluated,RISHABH-EQ,hold,hold,True,target and post-trail stop decision
419,position_evaluated,RISHABH-EQ,hold,hold,True,target and post-trail stop decision
420,position_evaluated,RISHABH-EQ,hold,hold,True,target and post-trail stop decision
421,position_evaluated,RISHABH-EQ,hold,hold,True,target and post-trail stop decision
422,position_evaluated,RISHABH-EQ,hold,hold,True,target and post-trail stop decision
423,position_evaluated,RISHABH-EQ,hold,hold,True,target and post-trail stop decision
424,position_evaluated,RISHABH-EQ,hold,hold,True,target and post-trail stop decision
425,position_evaluated,RISHABH-EQ,hold,hold,True,target and post-trail stop decision
426,position_evaluated,RISHABH-EQ,hold,hold,True,target and post-trail stop decision
427,position_evaluated,RISHABH-EQ,hold,hold,True,target and post-trail stop decision
428,position_evaluated,RISHABH-EQ,hold,hold,True,target and post-trail stop decision
429,position_evaluated,RISHABH-EQ,hold,hold,True,target and post-trail stop decision
430,position_evaluated,RISHABH-EQ,hold,hold,True,target and post-trail stop decision
431,position_evaluated,RISHABH-EQ,hold,hold,True,target and post-trail stop decision
432,position_evaluated,RISHABH-EQ,hold,hold,True,target and post-trail stop decision
433,position_evaluated,RISHABH-EQ,hold,hold,True,target and post-trail stop decision
434,position_evaluated,RISHABH-EQ,hold,hold,True,target and post-trail stop decision
435,position_evaluated,RISHABH-EQ,hold,hold,True,target and post-trail stop decision
436,position_evaluated,RISHABH-EQ,hold,hold,True,target and post-trail stop decision
437,position_evaluated,RISHABH-EQ,hold,hold,True,target and post-trail stop decision
438,position_evaluated,RISHABH-EQ,hold,hold,True,target and post-trail stop decision
439,position_evaluated,RISHABH-EQ,hold,hold,True,target and post-trail stop decision
440,position_evaluated,RISHABH-EQ,hold,hold,True,target and post-trail stop decision
441,position_evaluated,RISHABH-EQ,hold,hold,True,target and post-trail stop decision
442,position_evaluated,RISHABH-EQ,hold,hold,True,target and post-trail stop decision
443,position_evaluated,RISHABH-EQ,hold,hold,True,target and post-trail stop decision
444,position_evaluated,RISHABH-EQ,hold,hold,True,target and post-trail stop decision
445,position_evaluated,RISHABH-EQ,hold,hold,True,target and post-trail stop decision
446,position_evaluated,RISHABH-EQ,hold,hold,True,target and post-trail stop decision
447,position_evaluated,RISHABH-EQ,hold,hold,True,target and post-trail stop decision
448,position_evaluated,RISHABH-EQ,hold,hold,True,target and post-trail stop decision
449,position_evaluated,RISHABH-EQ,hold,hold,True,target and post-trail stop decision
450,position_evaluated,RISHABH-EQ,hold,hold,True,target and post-trail stop decision
451,position_evaluated,RISHABH-EQ,hold,hold,True,target and post-trail stop decision
452,position_evaluated,RISHABH-EQ,hold,hold,True,target and post-trail stop decision
453,position_evaluated,RISHABH-EQ,hold,hold,True,target and post-trail stop decision
454,position_evaluated,RISHABH-EQ,hold,hold,True,target and post-trail stop decision
455,position_evaluated,RISHABH-EQ,hold,hold,True,target and post-trail stop decision
456,position_evaluated,RISHABH-EQ,hold,hold,True,target and post-trail stop decision
457,position_evaluated,RISHABH-EQ,hold,hold,True,target and post-trail stop decision
458,position_evaluated,RISHABH-EQ,hold,hold,True,target and post-trail stop decision
459,position_evaluated,RISHABH-EQ,hold,hold,True,target and post-trail stop decision
460,position_evaluated,RISHABH-EQ,hold,hold,True,target and post-trail stop decision
461,position_evaluated,RISHABH-EQ,hold,hold,True,target and post-trail stop decision
462,position_evaluated,RISHABH-EQ,hold,hold,True,target and post-trail stop decision
463,position_evaluated,RISHABH-EQ,hold,hold,True,target and post-trail stop decision
464,position_evaluated,RISHABH-EQ,hold,hold,True,target and post-trail stop decision
465,position_evaluated,RISHABH-EQ,hold,hold,True,target and post-trail stop decision
466,position_evaluated,RISHABH-EQ,hold,hold,True,target and post-trail stop decision
467,position_evaluated,RISHABH-EQ,hold,hold,True,target and post-trail stop decision
468,position_evaluated,RISHABH-EQ,hold,hold,True,target and post-trail stop decision
469,position_evaluated,RISHABH-EQ,hold,hold,True,target and post-trail stop decision
470,position_evaluated,RISHABH-EQ,hold,hold,True,target and post-trail stop decision
471,position_evaluated,RISHABH-EQ,hold,hold,True,target and post-trail stop decision
472,position_evaluated,RISHABH-EQ,hold,hold,True,target and post-trail stop decision
473,position_evaluated,RISHABH-EQ,hold,hold,True,target and post-trail stop decision
474,position_evaluated,RISHABH-EQ,hold,hold,True,target and post-trail stop decision
475,position_evaluated,RISHABH-EQ,hold,hold,True,target and post-trail stop decision
476,position_evaluated,RISHABH-EQ,hold,hold,True,target and post-trail stop decision
477,position_evaluated,RISHABH-EQ,hold,hold,True,target and post-trail stop decision
478,position_evaluated,RISHABH-EQ,hold,hold,True,target and post-trail stop decision
479,position_evaluated,RISHABH-EQ,hold,hold,True,target and post-trail stop decision
480,position_evaluated,RISHABH-EQ,hold,hold,True,target and post-trail stop decision
481,position_evaluated,RISHABH-EQ,hold,hold,True,target and post-trail stop decision
482,position_evaluated,RISHABH-EQ,hold,hold,True,target and post-trail stop decision
483,position_evaluated,RISHABH-EQ,hold,hold,True,target and post-trail stop decision
484,position_evaluated,RISHABH-EQ,hold,hold,True,target and post-trail stop decision
485,position_evaluated,RISHABH-EQ,hold,hold,True,target and post-trail stop decision
486,position_evaluated,RISHABH-EQ,hold,hold,True,target and post-trail stop decision
487,position_evaluated,RISHABH-EQ,hold,hold,True,target and post-trail stop decision
488,position_evaluated,RISHABH-EQ,hold,hold,True,target and post-trail stop decision
489,position_evaluated,RISHABH-EQ,hold,hold,True,target and post-trail stop decision
490,position_evaluated,RISHABH-EQ,hold,hold,True,target and post-trail stop decision
491,position_evaluated,RISHABH-EQ,hold,hold,True,target and post-trail stop decision
492,position_evaluated,RISHABH-EQ,hold,hold,True,target and post-trail stop decision
493,position_evaluated,RISHABH-EQ,hold,hold,True,target and post-trail stop decision
494,position_evaluated,RISHABH-EQ,hold,hold,True,target and post-trail stop decision
495,position_evaluated,RISHABH-EQ,hold,hold,True,target and post-trail stop decision
496,position_evaluated,RISHABH-EQ,hold,hold,True,target and post-trail stop decision
497,position_evaluated,RISHABH-EQ,hold,hold,True,target and post-trail stop decision
498,position_evaluated,RISHABH-EQ,hold,hold,True,target and post-trail stop decision
499,position_evaluated,RISHABH-EQ,hold,hold,True,target and post-trail stop decision
500,position_evaluated,RISHABH-EQ,hold,hold,True,target and post-trail stop decision
501,position_evaluated,RISHABH-EQ,hold,hold,True,target and post-trail stop decision
502,position_evaluated,RISHABH-EQ,hold,hold,True,target and post-trail stop decision
503,position_evaluated,RISHABH-EQ,hold,hold,True,target and post-trail stop decision
504,position_evaluated,RISHABH-EQ,hold,hold,True,target and post-trail stop decision
505,position_evaluated,RISHABH-EQ,hold,hold,True,target and post-trail stop decision
506,position_evaluated,RISHABH-EQ,hold,hold,True,target and post-trail stop decision
507,position_evaluated,RISHABH-EQ,hold,hold,True,target and post-trail stop decision
508,position_evaluated,RISHABH-EQ,hold,hold,True,target and post-trail stop decision
509,position_evaluated,RISHABH-EQ,hold,hold,True,target and post-trail stop decision
510,position_evaluated,RISHABH-EQ,hold,hold,True,target and post-trail stop decision
511,position_evaluated,RISHABH-EQ,hold,hold,True,target and post-trail stop decision
512,position_evaluated,RISHABH-EQ,hold,hold,True,target and post-trail stop decision
513,position_evaluated,RISHABH-EQ,hold,hold,True,target and post-trail stop decision
514,position_evaluated,RISHABH-EQ,hold,hold,True,target and post-trail stop decision
515,position_evaluated,RISHABH-EQ,hold,hold,True,target and post-trail stop decision
516,position_evaluated,RISHABH-EQ,hold,hold,True,target and post-trail stop decision
517,position_evaluated,RISHABH-EQ,hold,hold,True,target and post-trail stop decision
518,position_evaluated,RISHABH-EQ,hold,hold,True,target and post-trail stop decision
519,position_evaluated,RISHABH-EQ,hold,hold,True,target and post-trail stop decision
520,position_evaluated,RISHABH-EQ,hold,hold,True,target and post-trail stop decision
521,position_evaluated,RISHABH-EQ,hold,hold,True,target and post-trail stop decision
522,position_evaluated,RISHABH-EQ,hold,hold,True,target and post-trail stop decision
523,position_evaluated,RISHABH-EQ,hold,hold,True,target and post-trail stop decision
524,position_evaluated,RISHABH-EQ,hold,hold,True,target and post-trail stop decision
525,position_evaluated,RISHABH-EQ,hold,hold,True,target and post-trail stop decision
526,position_evaluated,RISHABH-EQ,hold,hold,True,target and post-trail stop decision
527,position_evaluated,RISHABH-EQ,hold,hold,True,target and post-trail stop decision
528,position_evaluated,RISHABH-EQ,hold,hold,True,target and post-trail stop decision
529,position_evaluated,RISHABH-EQ,hold,hold,True,target and post-trail stop decision
530,position_evaluated,RISHABH-EQ,hold,hold,True,target and post-trail stop decision
531,position_evaluated,RISHABH-EQ,hold,hold,True,target and post-trail stop decision
532,position_evaluated,RISHABH-EQ,hold,hold,True,target and post-trail stop decision
533,position_evaluated,RISHABH-EQ,hold,hold,True,target and post-trail stop decision
534,position_evaluated,RISHABH-EQ,hold,hold,True,target and post-trail stop decision
535,position_evaluated,RISHABH-EQ,hold,hold,True,target and post-trail stop decision
536,position_evaluated,RISHABH-EQ,hold,hold,True,target and post-trail stop decision
537,position_evaluated,RISHABH-EQ,hold,hold,True,target and post-trail stop decision
538,position_evaluated,RISHABH-EQ,hold,hold,True,target and post-trail stop decision
539,position_evaluated,RISHABH-EQ,hold,hold,True,target and post-trail stop decision
540,position_evaluated,RISHABH-EQ,hold,hold,True,target and post-trail stop decision
541,position_evaluated,RISHABH-EQ,hold,hold,True,target and post-trail stop decision
542,position_evaluated,RISHABH-EQ,hold,hold,True,target and post-trail stop decision
543,position_evaluated,RISHABH-EQ,hold,hold,True,target and post-trail stop decision
544,position_evaluated,RISHABH-EQ,hold,hold,True,target and post-trail stop decision
545,position_evaluated,RISHABH-EQ,hold,hold,True,target and post-trail stop decision
546,position_evaluated,RISHABH-EQ,hold,hold,True,target and post-trail stop decision
547,position_evaluated,RISHABH-EQ,hold,hold,True,target and post-trail stop decision
548,position_evaluated,RISHABH-EQ,hold,hold,True,target and post-trail stop decision
549,position_evaluated,RISHABH-EQ,hold,hold,True,target and post-trail stop decision
550,position_evaluated,RISHABH-EQ,hold,hold,True,target and post-trail stop decision
551,position_evaluated,RISHABH-EQ,hold,hold,True,target and post-trail stop decision
552,position_evaluated,RISHABH-EQ,hold,hold,True,target and post-trail stop decision
553,position_evaluated,RISHABH-EQ,hold,hold,True,target and post-trail stop decision
554,position_evaluated,RISHABH-EQ,hold,hold,True,target and post-trail stop decision
555,position_evaluated,RISHABH-EQ,hold,hold,True,target and post-trail stop decision
556,position_evaluated,RISHABH-EQ,hold,hold,True,target and post-trail stop decision
557,position_evaluated,RISHABH-EQ,hold,hold,True,target and post-trail stop decision
558,position_evaluated,RISHABH-EQ,hold,hold,True,target and post-trail stop decision
559,position_evaluated,RISHABH-EQ,hold,hold,True,target and post-trail stop decision
560,position_evaluated,RISHABH-EQ,hold,hold,True,target and post-trail stop decision
561,position_evaluated,RISHABH-EQ,hold,hold,True,target and post-trail stop decision
562,position_evaluated,RISHABH-EQ,hold,hold,True,target and post-trail stop decision
563,position_evaluated,RISHABH-EQ,hold,hold,True,target and post-trail stop decision
564,position_evaluated,RISHABH-EQ,hold,hold,True,target and post-trail stop decision
565,position_evaluated,RISHABH-EQ,hold,hold,True,target and post-trail stop decision
566,position_evaluated,RISHABH-EQ,hold,hold,True,target and post-trail stop decision
567,position_evaluated,RISHABH-EQ,hold,hold,True,target and post-trail stop decision
568,position_evaluated,RISHABH-EQ,hold,hold,True,target and post-trail stop decision
569,position_evaluated,RISHABH-EQ,hold,hold,True,target and post-trail stop decision
570,position_evaluated,RISHABH-EQ,hold,hold,True,target and post-trail stop decision
571,position_evaluated,RISHABH-EQ,hold,hold,True,target and post-trail stop decision
572,position_evaluated,RISHABH-EQ,hold,hold,True,target and post-trail stop decision
573,position_evaluated,RISHABH-EQ,hold,hold,True,target and post-trail stop decision
574,position_evaluated,RISHABH-EQ,hold,hold,True,target and post-trail stop decision
575,position_evaluated,RISHABH-EQ,hold,hold,True,target and post-trail stop decision
576,position_evaluated,RISHABH-EQ,hold,hold,True,target and post-trail stop decision
577,position_evaluated,RISHABH-EQ,hold,hold,True,target and post-trail stop decision
578,position_evaluated,RISHABH-EQ,hold,hold,True,target and post-trail stop decision
579,position_evaluated,RISHABH-EQ,hold,hold,True,target and post-trail stop decision
580,position_evaluated,RISHABH-EQ,hold,hold,True,target and post-trail stop decision
581,position_evaluated,RISHABH-EQ,hold,hold,True,target and post-trail stop decision
582,position_evaluated,RISHABH-EQ,hold,hold,True,target and post-trail stop decision
583,position_evaluated,RISHABH-EQ,hold,hold,True,target and post-trail stop decision
584,position_evaluated,RISHABH-EQ,hold,hold,True,target and post-trail stop decision
585,position_evaluated,RISHABH-EQ,hold,hold,True,target and post-trail stop decision
586,position_evaluated,RISHABH-EQ,hold,hold,True,target and post-trail stop decision
587,position_evaluated,RISHABH-EQ,hold,hold,True,target and post-trail stop decision
588,position_evaluated,RISHABH-EQ,hold,hold,True,target and post-trail stop decision
589,position_evaluated,RISHABH-EQ,hold,hold,True,target and post-trail stop decision
590,position_evaluated,RISHABH-EQ,hold,hold,True,target and post-trail stop decision
591,position_evaluated,RISHABH-EQ,hold,hold,True,target and post-trail stop decision
592,position_evaluated,RISHABH-EQ,hold,hold,True,target and post-trail stop decision
593,position_evaluated,RISHABH-EQ,hold,hold,True,target and post-trail stop decision
594,position_evaluated,RISHABH-EQ,hold,hold,True,target and post-trail stop decision
595,position_evaluated,RISHABH-EQ,hold,hold,True,target and post-trail stop decision
596,position_evaluated,RISHABH-EQ,hold,hold,True,target and post-trail stop decision
597,position_evaluated,RISHABH-EQ,hold,hold,True,target and post-trail stop decision
598,position_evaluated,RISHABH-EQ,hold,hold,True,target and post-trail stop decision
599,position_evaluated,RISHABH-EQ,hold,hold,True,target and post-trail stop decision
600,position_evaluated,RISHABH-EQ,hold,hold,True,target and post-trail stop decision
601,position_evaluated,RISHABH-EQ,hold,hold,True,target and post-trail stop decision
602,position_evaluated,RISHABH-EQ,hold,hold,True,target and post-trail stop decision
603,position_evaluated,RISHABH-EQ,hold,hold,True,target and post-trail stop decision
604,position_evaluated,RISHABH-EQ,hold,hold,True,target and post-trail stop decision
605,position_evaluated,RISHABH-EQ,hold,hold,True,target and post-trail stop decision
606,position_evaluated,RISHABH-EQ,hold,hold,True,target and post-trail stop decision
607,position_evaluated,RISHABH-EQ,hold,hold,True,target and post-trail stop decision
608,position_evaluated,RISHABH-EQ,hold,hold,True,target and post-trail stop decision
609,position_evaluated,RISHABH-EQ,hold,hold,True,target and post-trail stop decision
610,position_evaluated,RISHABH-EQ,hold,hold,True,target and post-trail stop decision
611,position_evaluated,RISHABH-EQ,hold,hold,True,target and post-trail stop decision
612,position_evaluated,RISHABH-EQ,hold,hold,True,target and post-trail stop decision
613,position_evaluated,RISHABH-EQ,hold,hold,True,target and post-trail stop decision
614,position_evaluated,RISHABH-EQ,hold,hold,True,target and post-trail stop decision
615,position_evaluated,RISHABH-EQ,hold,hold,True,target and post-trail stop decision
616,position_evaluated,RISHABH-EQ,hold,hold,True,target and post-trail stop decision
617,position_evaluated,RISHABH-EQ,hold,hold,True,target and post-trail stop decision
618,position_evaluated,RISHABH-EQ,hold,hold,True,target and post-trail stop decision
619,position_evaluated,RISHABH-EQ,hold,hold,True,target and post-trail stop decision
620,position_evaluated,RISHABH-EQ,hold,hold,True,target and post-trail stop decision
621,position_evaluated,RISHABH-EQ,hold,hold,True,target and post-trail stop decision
622,position_evaluated,RISHABH-EQ,hold,hold,True,target and post-trail stop decision
623,position_evaluated,RISHABH-EQ,hold,hold,True,target and post-trail stop decision
624,position_evaluated,RISHABH-EQ,hold,hold,True,target and post-trail stop decision
625,position_evaluated,RISHABH-EQ,hold,hold,True,target and post-trail stop decision
626,position_evaluated,RISHABH-EQ,hold,hold,True,target and post-trail stop decision
627,position_evaluated,RISHABH-EQ,hold,hold,True,target and post-trail stop decision
628,position_evaluated,RISHABH-EQ,hold,hold,True,target and post-trail stop decision
629,position_evaluated,RISHABH-EQ,hold,hold,True,target and post-trail stop decision
630,position_evaluated,RISHABH-EQ,hold,hold,True,target and post-trail stop decision
631,position_evaluated,RISHABH-EQ,hold,hold,True,target and post-trail stop decision
632,position_evaluated,RISHABH-EQ,hold,hold,True,target and post-trail stop decision
633,position_evaluated,RISHABH-EQ,hold,hold,True,target and post-trail stop decision
634,position_evaluated,RISHABH-EQ,hold,hold,True,target and post-trail stop decision
635,position_evaluated,RISHABH-EQ,hold,hold,True,target and post-trail stop decision
636,position_evaluated,RISHABH-EQ,hold,hold,True,target and post-trail stop decision
637,position_evaluated,RISHABH-EQ,hold,hold,True,target and post-trail stop decision
638,position_evaluated,RISHABH-EQ,hold,hold,True,target and post-trail stop decision
639,position_evaluated,RISHABH-EQ,hold,hold,True,target and post-trail stop decision
640,position_evaluated,RISHABH-EQ,hold,hold,True,target and post-trail stop decision
641,position_evaluated,RISHABH-EQ,hold,hold,True,target and post-trail stop decision
642,position_evaluated,RISHABH-EQ,hold,hold,True,target and post-trail stop decision
643,position_evaluated,RISHABH-EQ,hold,hold,True,target and post-trail stop decision
644,position_evaluated,RISHABH-EQ,hold,hold,True,target and post-trail stop decision
645,position_evaluated,RISHABH-EQ,hold,hold,True,target and post-trail stop decision
646,position_evaluated,RISHABH-EQ,hold,hold,True,target and post-trail stop decision
647,position_evaluated,RISHABH-EQ,hold,hold,True,target and post-trail stop decision
648,position_evaluated,RISHABH-EQ,hold,hold,True,target and post-trail stop decision
649,position_evaluated,RISHABH-EQ,hold,hold,True,target and post-trail stop decision
650,position_evaluated,RISHABH-EQ,hold,hold,True,target and post-trail stop decision
651,position_evaluated,RISHABH-EQ,hold,hold,True,target and post-trail stop decision
652,position_evaluated,RISHABH-EQ,hold,hold,True,target and post-trail stop decision
653,position_evaluated,RISHABH-EQ,hold,hold,True,target and post-trail stop decision
654,position_evaluated,RISHABH-EQ,hold,hold,True,target and post-trail stop decision
655,position_evaluated,RISHABH-EQ,hold,hold,True,target and post-trail stop decision
656,position_evaluated,RISHABH-EQ,hold,hold,True,target and post-trail stop decision
657,position_evaluated,RISHABH-EQ,hold,hold,True,target and post-trail stop decision
658,position_evaluated,RISHABH-EQ,hold,hold,True,target and post-trail stop decision
659,position_evaluated,RISHABH-EQ,hold,hold,True,target and post-trail stop decision
660,position_evaluated,RISHABH-EQ,hold,hold,True,target and post-trail stop decision
661,position_evaluated,RISHABH-EQ,hold,hold,True,target and post-trail stop decision
662,position_evaluated,RISHABH-EQ,hold,hold,True,target and post-trail stop decision
663,position_evaluated,RISHABH-EQ,hold,hold,True,target and post-trail stop decision
664,position_evaluated,RISHABH-EQ,hold,hold,True,target and post-trail stop decision
665,position_evaluated,RISHABH-EQ,hold,hold,True,target and post-trail stop decision
666,position_evaluated,RISHABH-EQ,hold,hold,True,target and post-trail stop decision
667,position_evaluated,RISHABH-EQ,hold,hold,True,target and post-trail stop decision
668,position_evaluated,RISHABH-EQ,hold,hold,True,target and post-trail stop decision
669,position_evaluated,RISHABH-EQ,hold,hold,True,target and post-trail stop decision
670,position_evaluated,RISHABH-EQ,hold,hold,True,target and post-trail stop decision
671,position_evaluated,RISHABH-EQ,hold,hold,True,target and post-trail stop decision
672,position_evaluated,RISHABH-EQ,hold,hold,True,target and post-trail stop decision
673,position_evaluated,RISHABH-EQ,hold,hold,True,target and post-trail stop decision
674,position_evaluated,RISHABH-EQ,hold,hold,True,target and post-trail stop decision
675,position_evaluated,RISHABH-EQ,hold,hold,True,target and post-trail stop decision
676,position_evaluated,RISHABH-EQ,hold,hold,True,target and post-trail stop decision
677,position_evaluated,RISHABH-EQ,hold,hold,True,target and post-trail stop decision
678,position_evaluated,RISHABH-EQ,hold,hold,True,target and post-trail stop decision
679,position_evaluated,RISHABH-EQ,hold,hold,True,target and post-trail stop decision
680,position_evaluated,RISHABH-EQ,hold,hold,True,target and post-trail stop decision
681,position_evaluated,RISHABH-EQ,hold,hold,True,target and post-trail stop decision
682,position_evaluated,RISHABH-EQ,hold,hold,True,target and post-trail stop decision
683,position_evaluated,RISHABH-EQ,hold,hold,True,target and post-trail stop decision
684,position_evaluated,RISHABH-EQ,hold,hold,True,target and post-trail stop decision
685,position_evaluated,RISHABH-EQ,hold,hold,True,target and post-trail stop decision
686,position_evaluated,RISHABH-EQ,hold,hold,True,target and post-trail stop decision
687,position_evaluated,RISHABH-EQ,hold,hold,True,target and post-trail stop decision
688,position_evaluated,RISHABH-EQ,hold,hold,True,target and post-trail stop decision
689,position_evaluated,RISHABH-EQ,hold,hold,True,target and post-trail stop decision
690,position_evaluated,RISHABH-EQ,hold,hold,True,target and post-trail stop decision
691,position_evaluated,RISHABH-EQ,hold,hold,True,target and post-trail stop decision
692,position_evaluated,RISHABH-EQ,hold,hold,True,target and post-trail stop decision
693,position_evaluated,RISHABH-EQ,hold,hold,True,target and post-trail stop decision
694,position_evaluated,RISHABH-EQ,hold,hold,True,target and post-trail stop decision
695,position_evaluated,RISHABH-EQ,hold,hold,True,target and post-trail stop decision
696,position_evaluated,RISHABH-EQ,hold,hold,True,target and post-trail stop decision
697,position_evaluated,RISHABH-EQ,hold,hold,True,target and post-trail stop decision
698,position_evaluated,RISHABH-EQ,hold,hold,True,target and post-trail stop decision
699,position_evaluated,RISHABH-EQ,hold,hold,True,target and post-trail stop decision
700,position_evaluated,RISHABH-EQ,hold,hold,True,target and post-trail stop decision
701,position_evaluated,RISHABH-EQ,hold,hold,True,target and post-trail stop decision
702,position_evaluated,RISHABH-EQ,hold,hold,True,target and post-trail stop decision
703,position_evaluated,RISHABH-EQ,hold,hold,True,target and post-trail stop decision
704,position_evaluated,RISHABH-EQ,hold,hold,True,target and post-trail stop decision
705,position_evaluated,RISHABH-EQ,hold,hold,True,target and post-trail stop decision
706,position_evaluated,RISHABH-EQ,hold,hold,True,target and post-trail stop decision
707,position_evaluated,RISHABH-EQ,hold,hold,True,target and post-trail stop decision
708,position_evaluated,RISHABH-EQ,hold,hold,True,target and post-trail stop decision
709,position_evaluated,RISHABH-EQ,hold,hold,True,target and post-trail stop decision
710,position_evaluated,RISHABH-EQ,hold,hold,True,target and post-trail stop decision
711,position_evaluated,RISHABH-EQ,hold,hold,True,target and post-trail stop decision
712,position_evaluated,RISHABH-EQ,hold,hold,True,target and post-trail stop decision
713,position_evaluated,RISHABH-EQ,hold,hold,True,target and post-trail stop decision
714,position_evaluated,RISHABH-EQ,hold,hold,True,target and post-trail stop decision
715,position_evaluated,RISHABH-EQ,hold,hold,True,target and post-trail stop decision
716,position_evaluated,RISHABH-EQ,hold,hold,True,target and post-trail stop decision
717,position_evaluated,RISHABH-EQ,hold,hold,True,target and post-trail stop decision
718,position_evaluated,RISHABH-EQ,hold,hold,True,target and post-trail stop decision
719,position_evaluated,RISHABH-EQ,hold,hold,True,target and post-trail stop decision
720,position_evaluated,RISHABH-EQ,hold,hold,True,target and post-trail stop decision
721,position_evaluated,RISHABH-EQ,hold,hold,True,target and post-trail stop decision
722,position_evaluated,RISHABH-EQ,hold,hold,True,target and post-trail stop decision
723,position_evaluated,RISHABH-EQ,hold,hold,True,target and post-trail stop decision
724,position_evaluated,RISHABH-EQ,hold,hold,True,target and post-trail stop decision
725,position_evaluated,RISHABH-EQ,hold,hold,True,target and post-trail stop decision
726,position_evaluated,RISHABH-EQ,hold,hold,True,target and post-trail stop decision
727,position_evaluated,RISHABH-EQ,hold,hold,True,target and post-trail stop decision
728,position_evaluated,RISHABH-EQ,hold,hold,True,target and post-trail stop decision
729,position_evaluated,RISHABH-EQ,hold,hold,True,target and post-trail stop decision
730,position_evaluated,RISHABH-EQ,hold,hold,True,target and post-trail stop decision
731,position_evaluated,RISHABH-EQ,hold,hold,True,target and post-trail stop decision
732,position_evaluated,RISHABH-EQ,hold,hold,True,target and post-trail stop decision
733,position_evaluated,RISHABH-EQ,hold,hold,True,target and post-trail stop decision
734,position_evaluated,RISHABH-EQ,hold,hold,True,target and post-trail stop decision
735,position_evaluated,RISHABH-EQ,hold,hold,True,target and post-trail stop decision
736,position_evaluated,RISHABH-EQ,hold,hold,True,target and post-trail stop decision
737,position_evaluated,RISHABH-EQ,hold,hold,True,target and post-trail stop decision
738,position_evaluated,RISHABH-EQ,hold,hold,True,target and post-trail stop decision
739,position_evaluated,RISHABH-EQ,hold,hold,True,target and post-trail stop decision
740,position_evaluated,RISHABH-EQ,hold,hold,True,target and post-trail stop decision
741,position_evaluated,RISHABH-EQ,hold,hold,True,target and post-trail stop decision
742,position_evaluated,RISHABH-EQ,hold,hold,True,target and post-trail stop decision
743,position_evaluated,RISHABH-EQ,hold,hold,True,target and post-trail stop decision
744,position_evaluated,RISHABH-EQ,hold,hold,True,target and post-trail stop decision
745,position_evaluated,RISHABH-EQ,hold,hold,True,target and post-trail stop decision
746,position_evaluated,RISHABH-EQ,hold,hold,True,target and post-trail stop decision
747,position_evaluated,RISHABH-EQ,hold,hold,True,target and post-trail stop decision
748,position_evaluated,RISHABH-EQ,hold,hold,True,target and post-trail stop decision
749,position_evaluated,RISHABH-EQ,hold,hold,True,target and post-trail stop decision
750,position_evaluated,RISHABH-EQ,hold,hold,True,target and post-trail stop decision
751,position_evaluated,RISHABH-EQ,hold,hold,True,target and post-trail stop decision
752,position_evaluated,RISHABH-EQ,hold,hold,True,target and post-trail stop decision
753,position_evaluated,RISHABH-EQ,hold,hold,True,target and post-trail stop decision
754,position_evaluated,RISHABH-EQ,hold,hold,True,target and post-trail stop decision
755,position_evaluated,RISHABH-EQ,hold,hold,True,target and post-trail stop decision
756,position_evaluated,RISHABH-EQ,hold,hold,True,target and post-trail stop decision
757,position_evaluated,RISHABH-EQ,hold,hold,True,target and post-trail stop decision
758,position_evaluated,RISHABH-EQ,hold,hold,True,target and post-trail stop decision
759,position_evaluated,RISHABH-EQ,hold,hold,True,target and post-trail stop decision
760,position_evaluated,RISHABH-EQ,hold,hold,True,target and post-trail stop decision
761,position_evaluated,RISHABH-EQ,hold,hold,True,target and post-trail stop decision
762,position_evaluated,RISHABH-EQ,hold,hold,True,target and post-trail stop decision
763,position_evaluated,RISHABH-EQ,hold,hold,True,target and post-trail stop decision
764,position_evaluated,RISHABH-EQ,hold,hold,True,target and post-trail stop decision
765,position_evaluated,RISHABH-EQ,hold,hold,True,target and post-trail stop decision
766,position_evaluated,RISHABH-EQ,hold,hold,True,target and post-trail stop decision
767,position_evaluated,RISHABH-EQ,hold,hold,True,target and post-trail stop decision
768,position_evaluated,RISHABH-EQ,hold,hold,True,target and post-trail stop decision
769,position_evaluated,RISHABH-EQ,hold,hold,True,target and post-trail stop decision
770,position_evaluated,RISHABH-EQ,hold,hold,True,target and post-trail stop decision
771,position_evaluated,RISHABH-EQ,hold,hold,True,target and post-trail stop decision
772,position_evaluated,RISHABH-EQ,hold,hold,True,target and post-trail stop decision
773,position_evaluated,RISHABH-EQ,hold,hold,True,target and post-trail stop decision
774,position_evaluated,RISHABH-EQ,hold,hold,True,target and post-trail stop decision
775,position_evaluated,RISHABH-EQ,hold,hold,True,target and post-trail stop decision
776,position_evaluated,RISHABH-EQ,hold,hold,True,target and post-trail stop decision
777,position_evaluated,RISHABH-EQ,hold,hold,True,target and post-trail stop decision
778,position_evaluated,RISHABH-EQ,hold,hold,True,target and post-trail stop decision
779,position_evaluated,RISHABH-EQ,hold,hold,True,target and post-trail stop decision
780,position_evaluated,RISHABH-EQ,hold,hold,True,target and post-trail stop decision
781,position_evaluated,RISHABH-EQ,hold,hold,True,target and post-trail stop decision
782,position_evaluated,RISHABH-EQ,hold,hold,True,target and post-trail stop decision
783,position_evaluated,RISHABH-EQ,hold,hold,True,target and post-trail stop decision
784,position_evaluated,RISHABH-EQ,hold,hold,True,target and post-trail stop decision
785,position_evaluated,RISHABH-EQ,hold,hold,True,target and post-trail stop decision
786,position_evaluated,RISHABH-EQ,hold,hold,True,target and post-trail stop decision
787,position_evaluated,RISHABH-EQ,hold,hold,True,target and post-trail stop decision
788,position_evaluated,RISHABH-EQ,hold,hold,True,target and post-trail stop decision
789,position_evaluated,RISHABH-EQ,hold,hold,True,target and post-trail stop decision
790,position_evaluated,RISHABH-EQ,hold,hold,True,target and post-trail stop decision
791,position_evaluated,RISHABH-EQ,hold,hold,True,target and post-trail stop decision
792,position_evaluated,RISHABH-EQ,hold,hold,True,target and post-trail stop decision
793,position_evaluated,RISHABH-EQ,hold,hold,True,target and post-trail stop decision
794,position_evaluated,RISHABH-EQ,hold,hold,True,target and post-trail stop decision
795,position_evaluated,RISHABH-EQ,hold,hold,True,target and post-trail stop decision
796,position_evaluated,RISHABH-EQ,hold,hold,True,target and post-trail stop decision
797,position_evaluated,RISHABH-EQ,hold,hold,True,target and post-trail stop decision
798,position_evaluated,RISHABH-EQ,hold,hold,True,target and post-trail stop decision
799,position_evaluated,RISHABH-EQ,hold,hold,True,target and post-trail stop decision
800,position_evaluated,RISHABH-EQ,hold,hold,True,target and post-trail stop decision
801,position_evaluated,RISHABH-EQ,hold,hold,True,target and post-trail stop decision
802,position_evaluated,RISHABH-EQ,hold,hold,True,target and post-trail stop decision
803,position_evaluated,RISHABH-EQ,hold,hold,True,target and post-trail stop decision
804,position_evaluated,RISHABH-EQ,hold,hold,True,target and post-trail stop decision
805,position_evaluated,RISHABH-EQ,hold,hold,True,target and post-trail stop decision
806,position_evaluated,RISHABH-EQ,hold,hold,True,target and post-trail stop decision
807,position_evaluated,RISHABH-EQ,hold,hold,True,target and post-trail stop decision
808,position_evaluated,RISHABH-EQ,hold,hold,True,target and post-trail stop decision
809,position_evaluated,RISHABH-EQ,hold,hold,True,target and post-trail stop decision
810,position_evaluated,RISHABH-EQ,hold,hold,True,target and post-trail stop decision
811,position_evaluated,RISHABH-EQ,hold,hold,True,target and post-trail stop decision
812,position_evaluated,RISHABH-EQ,hold,hold,True,target and post-trail stop decision
813,position_evaluated,RISHABH-EQ,hold,hold,True,target and post-trail stop decision
814,position_evaluated,RISHABH-EQ,hold,hold,True,target and post-trail stop decision
815,position_evaluated,RISHABH-EQ,hold,hold,True,target and post-trail stop decision
816,position_evaluated,RISHABH-EQ,hold,hold,True,target and post-trail stop decision
817,position_evaluated,RISHABH-EQ,hold,hold,True,target and post-trail stop decision
818,position_evaluated,RISHABH-EQ,hold,hold,True,target and post-trail stop decision
819,position_evaluated,RISHABH-EQ,hold,hold,True,target and post-trail stop decision
820,position_evaluated,RISHABH-EQ,hold,hold,True,target and post-trail stop decision
821,position_evaluated,RISHABH-EQ,hold,hold,True,target and post-trail stop decision
822,position_evaluated,RISHABH-EQ,hold,hold,True,target and post-trail stop decision
823,position_evaluated,RISHABH-EQ,hold,hold,True,target and post-trail stop decision
824,position_evaluated,RISHABH-EQ,hold,hold,True,target and post-trail stop decision
825,position_evaluated,RISHABH-EQ,hold,hold,True,target and post-trail stop decision
826,position_evaluated,RISHABH-EQ,hold,hold,True,target and post-trail stop decision
827,position_evaluated,RISHABH-EQ,hold,hold,True,target and post-trail stop decision
828,position_evaluated,RISHABH-EQ,hold,hold,True,target and post-trail stop decision
829,position_evaluated,RISHABH-EQ,hold,hold,True,target and post-trail stop decision
830,position_evaluated,RISHABH-EQ,hold,hold,True,target and post-trail stop decision
831,position_evaluated,RISHABH-EQ,hold,hold,True,target and post-trail stop decision
832,position_evaluated,RISHABH-EQ,hold,hold,True,target and post-trail stop decision
833,position_evaluated,RISHABH-EQ,hold,hold,True,target and post-trail stop decision
834,position_evaluated,RISHABH-EQ,hold,hold,True,target and post-trail stop decision
835,position_evaluated,RISHABH-EQ,hold,hold,True,target and post-trail stop decision
836,position_evaluated,RISHABH-EQ,hold,hold,True,target and post-trail stop decision
837,position_evaluated,RISHABH-EQ,hold,hold,True,target and post-trail stop decision
838,position_evaluated,RISHABH-EQ,hold,hold,True,target and post-trail stop decision
839,position_evaluated,RISHABH-EQ,hold,hold,True,target and post-trail stop decision
840,position_evaluated,RISHABH-EQ,hold,hold,True,target and post-trail stop decision
841,position_evaluated,RISHABH-EQ,hold,hold,True,target and post-trail stop decision
842,position_evaluated,RISHABH-EQ,hold,hold,True,target and post-trail stop decision
843,position_evaluated,RISHABH-EQ,hold,hold,True,target and post-trail stop decision
844,position_evaluated,RISHABH-EQ,hold,hold,True,target and post-trail stop decision
845,position_evaluated,RISHABH-EQ,hold,hold,True,target and post-trail stop decision
846,position_evaluated,RISHABH-EQ,hold,hold,True,target and post-trail stop decision
847,position_evaluated,RISHABH-EQ,hold,hold,True,target and post-trail stop decision
848,position_evaluated,RISHABH-EQ,hold,hold,True,target and post-trail stop decision
849,position_evaluated,RISHABH-EQ,hold,hold,True,target and post-trail stop decision
850,position_evaluated,RISHABH-EQ,hold,hold,True,target and post-trail stop decision
851,position_evaluated,RISHABH-EQ,hold,hold,True,target and post-trail stop decision
852,position_evaluated,RISHABH-EQ,hold,hold,True,target and post-trail stop decision
853,position_evaluated,RISHABH-EQ,hold,hold,True,target and post-trail stop decision
854,position_evaluated,RISHABH-EQ,hold,hold,True,target and post-trail stop decision
855,position_evaluated,RISHABH-EQ,hold,hold,True,target and post-trail stop decision
856,position_evaluated,RISHABH-EQ,hold,hold,True,target and post-trail stop decision
857,position_evaluated,RISHABH-EQ,hold,hold,True,target and post-trail stop decision
858,position_evaluated,RISHABH-EQ,hold,hold,True,target and post-trail stop decision
859,position_evaluated,RISHABH-EQ,hold,hold,True,target and post-trail stop decision
860,position_evaluated,RISHABH-EQ,hold,hold,True,target and post-trail stop decision
861,position_evaluated,RISHABH-EQ,hold,hold,True,target and post-trail stop decision
862,position_evaluated,RISHABH-EQ,hold,hold,True,target and post-trail stop decision
863,position_evaluated,RISHABH-EQ,hold,hold,True,target and post-trail stop decision
864,position_evaluated,RISHABH-EQ,hold,hold,True,target and post-trail stop decision
865,position_evaluated,RISHABH-EQ,hold,hold,True,target and post-trail stop decision
866,position_evaluated,RISHABH-EQ,hold,hold,True,target and post-trail stop decision
867,position_evaluated,RISHABH-EQ,hold,hold,True,target and post-trail stop decision
868,position_evaluated,RISHABH-EQ,hold,hold,True,target and post-trail stop decision
869,position_evaluated,RISHABH-EQ,hold,hold,True,target and post-trail stop decision
870,position_evaluated,RISHABH-EQ,hold,hold,True,target and post-trail stop decision
871,position_evaluated,RISHABH-EQ,hold,hold,True,target and post-trail stop decision
872,position_evaluated,RISHABH-EQ,hold,hold,True,target and post-trail stop decision
873,position_evaluated,RISHABH-EQ,hold,hold,True,target and post-trail stop decision
874,position_evaluated,RISHABH-EQ,hold,hold,True,target and post-trail stop decision
875,position_evaluated,RISHABH-EQ,hold,hold,True,target and post-trail stop decision
876,position_evaluated,RISHABH-EQ,hold,hold,True,target and post-trail stop decision
877,position_evaluated,RISHABH-EQ,hold,hold,True,target and post-trail stop decision
878,position_evaluated,RISHABH-EQ,hold,hold,True,target and post-trail stop decision
879,position_evaluated,RISHABH-EQ,hold,hold,True,target and post-trail stop decision
880,position_evaluated,RISHABH-EQ,hold,hold,True,target and post-trail stop decision
881,position_evaluated,RISHABH-EQ,hold,hold,True,target and post-trail stop decision
882,position_evaluated,RISHABH-EQ,hold,hold,True,target and post-trail stop decision
883,position_evaluated,RISHABH-EQ,hold,hold,True,target and post-trail stop decision
884,position_evaluated,RISHABH-EQ,hold,hold,True,target and post-trail stop decision
885,position_evaluated,RISHABH-EQ,hold,hold,True,target and post-trail stop decision
886,position_evaluated,RISHABH-EQ,hold,hold,True,target and post-trail stop decision
887,position_evaluated,RISHABH-EQ,hold,hold,True,target and post-trail stop decision
888,position_evaluated,RISHABH-EQ,hold,hold,True,target and post-trail stop decision
889,position_evaluated,RISHABH-EQ,hold,hold,True,target and post-trail stop decision
890,position_evaluated,RISHABH-EQ,hold,hold,True,target and post-trail stop decision
891,position_evaluated,RISHABH-EQ,hold,hold,True,target and post-trail stop decision
892,position_evaluated,RISHABH-EQ,hold,hold,True,target and post-trail stop decision
893,position_evaluated,RISHABH-EQ,hold,hold,True,target and post-trail stop decision
894,position_evaluated,RISHABH-EQ,hold,hold,True,target and post-trail stop decision
895,position_evaluated,RISHABH-EQ,hold,hold,True,target and post-trail stop decision
896,position_evaluated,RISHABH-EQ,hold,hold,True,target and post-trail stop decision
897,position_evaluated,RISHABH-EQ,hold,hold,True,target and post-trail stop decision
898,position_evaluated,RISHABH-EQ,hold,hold,True,target and post-trail stop decision
899,position_evaluated,RISHABH-EQ,hold,hold,True,target and post-trail stop decision
900,position_evaluated,RISHABH-EQ,hold,hold,True,target and post-trail stop decision
901,position_evaluated,RISHABH-EQ,hold,hold,True,target and post-trail stop decision
902,position_evaluated,RISHABH-EQ,hold,hold,True,target and post-trail stop decision
903,position_evaluated,RISHABH-EQ,hold,hold,True,target and post-trail stop decision
904,position_evaluated,RISHABH-EQ,hold,hold,True,target and post-trail stop decision
905,position_evaluated,RISHABH-EQ,hold,hold,True,target and post-trail stop decision
906,position_evaluated,RISHABH-EQ,hold,hold,True,target and post-trail stop decision
907,position_evaluated,RISHABH-EQ,hold,hold,True,target and post-trail stop decision
908,position_evaluated,RISHABH-EQ,hold,hold,True,target and post-trail stop decision
909,position_evaluated,RISHABH-EQ,hold,hold,True,target and post-trail stop decision
910,position_evaluated,RISHABH-EQ,hold,hold,True,target and post-trail stop decision
911,position_evaluated,RISHABH-EQ,hold,hold,True,target and post-trail stop decision
912,position_evaluated,RISHABH-EQ,hold,hold,True,target and post-trail stop decision
913,position_evaluated,RISHABH-EQ,hold,hold,True,target and post-trail stop decision
914,position_evaluated,RISHABH-EQ,hold,hold,True,target and post-trail stop decision
915,position_evaluated,RISHABH-EQ,hold,hold,True,target and post-trail stop decision
916,position_evaluated,RISHABH-EQ,hold,hold,True,target and post-trail stop decision
917,position_evaluated,RISHABH-EQ,hold,hold,True,target and post-trail stop decision
918,position_evaluated,RISHABH-EQ,hold,hold,True,target and post-trail stop decision
919,position_evaluated,RISHABH-EQ,hold,hold,True,target and post-trail stop decision
920,position_evaluated,RISHABH-EQ,hold,hold,True,target and post-trail stop decision
921,position_evaluated,RISHABH-EQ,hold,hold,True,target and post-trail stop decision
922,position_evaluated,RISHABH-EQ,hold,hold,True,target and post-trail stop decision
923,position_evaluated,RISHABH-EQ,hold,hold,True,target and post-trail stop decision
924,position_evaluated,RISHABH-EQ,hold,hold,True,target and post-trail stop decision
925,position_evaluated,RISHABH-EQ,hold,hold,True,target and post-trail stop decision
926,position_evaluated,RISHABH-EQ,hold,hold,True,target and post-trail stop decision
927,position_evaluated,RISHABH-EQ,hold,hold,True,target and post-trail stop decision
928,position_evaluated,RISHABH-EQ,hold,hold,True,target and post-trail stop decision
929,position_evaluated,RISHABH-EQ,hold,hold,True,target and post-trail stop decision
930,position_evaluated,RISHABH-EQ,hold,hold,True,target and post-trail stop decision
931,position_evaluated,RISHABH-EQ,hold,hold,True,target and post-trail stop decision
932,position_evaluated,RISHABH-EQ,hold,hold,True,target and post-trail stop decision
933,position_evaluated,RISHABH-EQ,hold,hold,True,target and post-trail stop decision
934,position_evaluated,RISHABH-EQ,hold,hold,True,target and post-trail stop decision
935,position_evaluated,RISHABH-EQ,hold,hold,True,target and post-trail stop decision
936,position_evaluated,RISHABH-EQ,hold,hold,True,target and post-trail stop decision
937,position_evaluated,RISHABH-EQ,hold,hold,True,target and post-trail stop decision
938,position_evaluated,RISHABH-EQ,hold,hold,True,target and post-trail stop decision
939,position_evaluated,RISHABH-EQ,hold,hold,True,target and post-trail stop decision
940,position_evaluated,RISHABH-EQ,hold,hold,True,target and post-trail stop decision
941,position_evaluated,RISHABH-EQ,hold,hold,True,target and post-trail stop decision
942,position_evaluated,RISHABH-EQ,hold,hold,True,target and post-trail stop decision
943,position_evaluated,RISHABH-EQ,hold,hold,True,target and post-trail stop decision
944,position_evaluated,RISHABH-EQ,hold,hold,True,target and post-trail stop decision
945,position_evaluated,RISHABH-EQ,hold,hold,True,target and post-trail stop decision
946,position_evaluated,RISHABH-EQ,hold,hold,True,target and post-trail stop decision
947,position_evaluated,RISHABH-EQ,hold,hold,True,target and post-trail stop decision
948,position_evaluated,RISHABH-EQ,hold,hold,True,target and post-trail stop decision
949,position_evaluated,RISHABH-EQ,hold,hold,True,target and post-trail stop decision
950,position_evaluated,RISHABH-EQ,hold,hold,True,target and post-trail stop decision
951,position_evaluated,RISHABH-EQ,hold,hold,True,target and post-trail stop decision
952,position_evaluated,RISHABH-EQ,hold,hold,True,target and post-trail stop decision
953,position_evaluated,RISHABH-EQ,hold,hold,True,target and post-trail stop decision
954,position_evaluated,RISHABH-EQ,hold,hold,True,target and post-trail stop decision
955,position_evaluated,RISHABH-EQ,hold,hold,True,target and post-trail stop decision
956,position_evaluated,RISHABH-EQ,hold,hold,True,target and post-trail stop decision
957,position_evaluated,RISHABH-EQ,hold,hold,True,target and post-trail stop decision
958,position_evaluated,RISHABH-EQ,hold,hold,True,target and post-trail stop decision
959,position_evaluated,RISHABH-EQ,hold,hold,True,target and post-trail stop decision
960,position_evaluated,RISHABH-EQ,hold,hold,True,target and post-trail stop decision
961,position_evaluated,RISHABH-EQ,hold,hold,True,target and post-trail stop decision
962,position_evaluated,RISHABH-EQ,hold,hold,True,target and post-trail stop decision
963,position_evaluated,RISHABH-EQ,hold,hold,True,target and post-trail stop decision
964,position_evaluated,RISHABH-EQ,hold,hold,True,target and post-trail stop decision
965,position_evaluated,RISHABH-EQ,hold,hold,True,target and post-trail stop decision
966,position_evaluated,RISHABH-EQ,hold,hold,True,target and post-trail stop decision
967,position_evaluated,RISHABH-EQ,hold,hold,True,target and post-trail stop decision
968,position_evaluated,RISHABH-EQ,hold,hold,True,target and post-trail stop decision
969,position_evaluated,RISHABH-EQ,hold,hold,True,target and post-trail stop decision
970,position_evaluated,RISHABH-EQ,hold,hold,True,target and post-trail stop decision
971,position_evaluated,RISHABH-EQ,hold,hold,True,target and post-trail stop decision
972,position_evaluated,RISHABH-EQ,hold,hold,True,target and post-trail stop decision
973,position_evaluated,RISHABH-EQ,hold,hold,True,target and post-trail stop decision
974,position_evaluated,RISHABH-EQ,hold,hold,True,target and post-trail stop decision
975,position_evaluated,RISHABH-EQ,hold,hold,True,target and post-trail stop decision
976,position_evaluated,RISHABH-EQ,hold,hold,True,target and post-trail stop decision
977,position_evaluated,RISHABH-EQ,hold,hold,True,target and post-trail stop decision
978,position_evaluated,RISHABH-EQ,hold,hold,True,target and post-trail stop decision
979,position_evaluated,RISHABH-EQ,hold,hold,True,target and post-trail stop decision
980,position_evaluated,RISHABH-EQ,hold,hold,True,target and post-trail stop decision
981,position_evaluated,RISHABH-EQ,hold,hold,True,target and post-trail stop decision
982,position_evaluated,RISHABH-EQ,hold,hold,True,target and post-trail stop decision
983,position_evaluated,RISHABH-EQ,hold,hold,True,target and post-trail stop decision
984,position_evaluated,RISHABH-EQ,hold,hold,True,target and post-trail stop decision
985,position_evaluated,RISHABH-EQ,hold,hold,True,target and post-trail stop decision
986,position_evaluated,RISHABH-EQ,hold,hold,True,target and post-trail stop decision
987,position_evaluated,RISHABH-EQ,hold,hold,True,target and post-trail stop decision
988,position_evaluated,RISHABH-EQ,hold,hold,True,target and post-trail stop decision
989,position_evaluated,RISHABH-EQ,hold,hold,True,target and post-trail stop decision
990,position_evaluated,RISHABH-EQ,hold,hold,True,target and post-trail stop decision
991,position_evaluated,RISHABH-EQ,hold,hold,True,target and post-trail stop decision
992,position_evaluated,RISHABH-EQ,hold,hold,True,target and post-trail stop decision
993,position_evaluated,RISHABH-EQ,hold,hold,True,target and post-trail stop decision
994,position_evaluated,RISHABH-EQ,hold,hold,True,target and post-trail stop decision
995,position_evaluated,RISHABH-EQ,hold,hold,True,target and post-trail stop decision
996,position_evaluated,RISHABH-EQ,hold,hold,True,target and post-trail stop decision
997,position_evaluated,RISHABH-EQ,hold,hold,True,target and post-trail stop decision
998,position_evaluated,RISHABH-EQ,hold,hold,True,target and post-trail stop decision
999,position_evaluated,RISHABH-EQ,hold,hold,True,target and post-trail stop decision
1000,position_evaluated,RISHABH-EQ,hold,hold,True,target and post-trail stop decision
1001,position_evaluated,RISHABH-EQ,hold,hold,True,target and post-trail stop decision
1002,position_evaluated,RISHABH-EQ,hold,hold,True,target and post-trail stop decision
1003,position_evaluated,RISHABH-EQ,hold,hold,True,target and post-trail stop decision
1004,position_evaluated,RISHABH-EQ,hold,hold,True,target and post-trail stop decision
1005,position_evaluated,RISHABH-EQ,hold,hold,True,target and post-trail stop decision
1006,position_evaluated,RISHABH-EQ,hold,hold,True,target and post-trail stop decision
1007,position_evaluated,RISHABH-EQ,hold,hold,True,target and post-trail stop decision
1008,position_evaluated,RISHABH-EQ,hold,hold,True,target and post-trail stop decision
1009,position_evaluated,RISHABH-EQ,hold,hold,True,target and post-trail stop decision
1010,position_evaluated,RISHABH-EQ,hold,hold,True,target and post-trail stop decision
1011,position_evaluated,RISHABH-EQ,hold,hold,True,target and post-trail stop decision
1012,position_evaluated,RISHABH-EQ,hold,hold,True,target and post-trail stop decision
1013,position_evaluated,RISHABH-EQ,hold,hold,True,target and post-trail stop decision
1014,position_evaluated,RISHABH-EQ,hold,hold,True,target and post-trail stop decision
1015,position_evaluated,RISHABH-EQ,hold,hold,True,target and post-trail stop decision
1016,position_evaluated,RISHABH-EQ,hold,hold,True,target and post-trail stop decision
1017,position_evaluated,RISHABH-EQ,hold,hold,True,target and post-trail stop decision
1018,position_evaluated,RISHABH-EQ,hold,hold,True,target and post-trail stop decision
1019,position_evaluated,RISHABH-EQ,hold,hold,True,target and post-trail stop decision
1020,position_evaluated,RISHABH-EQ,hold,hold,True,target and post-trail stop decision
1021,position_evaluated,RISHABH-EQ,hold,hold,True,target and post-trail stop decision
1022,position_evaluated,RISHABH-EQ,hold,hold,True,target and post-trail stop decision
1023,position_evaluated,RISHABH-EQ,hold,hold,True,target and post-trail stop decision
1024,position_evaluated,RISHABH-EQ,hold,hold,True,target and post-trail stop decision
1025,position_evaluated,RISHABH-EQ,hold,hold,True,target and post-trail stop decision
1026,position_evaluated,RISHABH-EQ,hold,hold,True,target and post-trail stop decision
1027,position_evaluated,RISHABH-EQ,hold,hold,True,target and post-trail stop decision
1028,position_evaluated,RISHABH-EQ,hold,hold,True,target and post-trail stop decision
1029,position_evaluated,RISHABH-EQ,hold,hold,True,target and post-trail stop decision
1030,position_evaluated,RISHABH-EQ,hold,hold,True,target and post-trail stop decision
1031,position_evaluated,RISHABH-EQ,hold,hold,True,target and post-trail stop decision
1032,position_evaluated,RISHABH-EQ,hold,hold,True,target and post-trail stop decision
1033,position_evaluated,RISHABH-EQ,hold,hold,True,target and post-trail stop decision
1034,position_evaluated,RISHABH-EQ,hold,hold,True,target and post-trail stop decision
1035,position_evaluated,RISHABH-EQ,hold,hold,True,target and post-trail stop decision
1036,position_evaluated,RISHABH-EQ,hold,hold,True,target and post-trail stop decision
1037,position_evaluated,RISHABH-EQ,hold,hold,True,target and post-trail stop decision
1038,position_evaluated,RISHABH-EQ,hold,hold,True,target and post-trail stop decision
1039,position_evaluated,RISHABH-EQ,hold,hold,True,target and post-trail stop decision
1040,position_evaluated,RISHABH-EQ,hold,hold,True,target and post-trail stop decision
1041,position_evaluated,RISHABH-EQ,hold,hold,True,target and post-trail stop decision
1042,position_evaluated,RISHABH-EQ,hold,hold,True,target and post-trail stop decision
1043,position_evaluated,RISHABH-EQ,hold,hold,True,target and post-trail stop decision
1044,position_evaluated,RISHABH-EQ,hold,hold,True,target and post-trail stop decision
1045,position_evaluated,RISHABH-EQ,hold,hold,True,target and post-trail stop decision
1046,position_evaluated,RISHABH-EQ,hold,hold,True,target and post-trail stop decision
1047,position_evaluated,RISHABH-EQ,hold,hold,True,target and post-trail stop decision
1048,position_evaluated,RISHABH-EQ,hold,hold,True,target and post-trail stop decision
1049,position_evaluated,RISHABH-EQ,hold,hold,True,target and post-trail stop decision
1050,position_evaluated,RISHABH-EQ,hold,hold,True,target and post-trail stop decision
1051,position_evaluated,RISHABH-EQ,hold,hold,True,target and post-trail stop decision
1052,position_evaluated,RISHABH-EQ,hold,hold,True,target and post-trail stop decision
1053,position_evaluated,RISHABH-EQ,hold,hold,True,target and post-trail stop decision
1054,position_evaluated,RISHABH-EQ,hold,hold,True,target and post-trail stop decision
1055,position_evaluated,RISHABH-EQ,hold,hold,True,target and post-trail stop decision
1056,position_evaluated,RISHABH-EQ,hold,hold,True,target and post-trail stop decision
1057,position_evaluated,RISHABH-EQ,hold,hold,True,target and post-trail stop decision
1058,position_evaluated,RISHABH-EQ,hold,hold,True,target and post-trail stop decision
1059,position_evaluated,RISHABH-EQ,hold,hold,True,target and post-trail stop decision
1060,position_evaluated,RISHABH-EQ,hold,hold,True,target and post-trail stop decision
1061,position_evaluated,RISHABH-EQ,hold,hold,True,target and post-trail stop decision
1062,position_evaluated,RISHABH-EQ,hold,hold,True,target and post-trail stop decision
1063,position_evaluated,RISHABH-EQ,hold,hold,True,target and post-trail stop decision
1064,position_evaluated,RISHABH-EQ,hold,hold,True,target and post-trail stop decision
1065,position_evaluated,RISHABH-EQ,hold,hold,True,target and post-trail stop decision
1066,position_evaluated,RISHABH-EQ,hold,hold,True,target and post-trail stop decision
1067,position_evaluated,RISHABH-EQ,hold,hold,True,target and post-trail stop decision
1068,position_evaluated,RISHABH-EQ,hold,hold,True,target and post-trail stop decision
1069,position_evaluated,RISHABH-EQ,hold,hold,True,target and post-trail stop decision
1070,position_evaluated,RISHABH-EQ,hold,hold,True,target and post-trail stop decision
1071,position_evaluated,RISHABH-EQ,hold,hold,True,target and post-trail stop decision
1072,position_evaluated,RISHABH-EQ,hold,hold,True,target and post-trail stop decision
1073,position_evaluated,RISHABH-EQ,hold,hold,True,target and post-trail stop decision
1074,position_evaluated,RISHABH-EQ,hold,hold,True,target and post-trail stop decision
1075,position_evaluated,RISHABH-EQ,hold,hold,True,target and post-trail stop decision
1076,position_evaluated,RISHABH-EQ,hold,hold,True,target and post-trail stop decision
1077,position_evaluated,RISHABH-EQ,hold,hold,True,target and post-trail stop decision
1078,position_evaluated,RISHABH-EQ,hold,hold,True,target and post-trail stop decision
1079,position_evaluated,RISHABH-EQ,hold,hold,True,target and post-trail stop decision
1080,position_evaluated,RISHABH-EQ,hold,hold,True,target and post-trail stop decision
1081,position_evaluated,RISHABH-EQ,hold,hold,True,target and post-trail stop decision
1082,position_evaluated,RISHABH-EQ,hold,hold,True,target and post-trail stop decision
1083,position_evaluated,RISHABH-EQ,hold,hold,True,target and post-trail stop decision
1084,position_evaluated,RISHABH-EQ,hold,hold,True,target and post-trail stop decision
1085,position_evaluated,RISHABH-EQ,hold,hold,True,target and post-trail stop decision
1086,position_evaluated,RISHABH-EQ,hold,hold,True,target and post-trail stop decision
1087,position_evaluated,RISHABH-EQ,hold,hold,True,target and post-trail stop decision
1088,position_evaluated,RISHABH-EQ,hold,hold,True,target and post-trail stop decision
1089,position_evaluated,RISHABH-EQ,hold,hold,True,target and post-trail stop decision
1090,position_evaluated,RISHABH-EQ,hold,hold,True,target and post-trail stop decision
1091,position_evaluated,RISHABH-EQ,hold,hold,True,target and post-trail stop decision
1092,position_evaluated,RISHABH-EQ,hold,hold,True,target and post-trail stop decision
1093,position_evaluated,RISHABH-EQ,hold,hold,True,target and post-trail stop decision
1094,position_evaluated,RISHABH-EQ,hold,hold,True,target and post-trail stop decision
1095,position_evaluated,RISHABH-EQ,hold,hold,True,target and post-trail stop decision
1096,position_evaluated,RISHABH-EQ,hold,hold,True,target and post-trail stop decision
1097,position_evaluated,RISHABH-EQ,hold,hold,True,target and post-trail stop decision
1098,position_evaluated,RISHABH-EQ,hold,hold,True,target and post-trail stop decision
1099,position_evaluated,RISHABH-EQ,hold,hold,True,target and post-trail stop decision
1100,position_evaluated,RISHABH-EQ,hold,hold,True,target and post-trail stop decision
1101,position_evaluated,RISHABH-EQ,hold,hold,True,target and post-trail stop decision
1102,position_evaluated,RISHABH-EQ,hold,hold,True,target and post-trail stop decision
1103,position_evaluated,RISHABH-EQ,hold,hold,True,target and post-trail stop decision
1104,position_evaluated,RISHABH-EQ,hold,hold,True,target and post-trail stop decision
1105,position_evaluated,RISHABH-EQ,hold,hold,True,target and post-trail stop decision
1106,position_evaluated,RISHABH-EQ,hold,hold,True,target and post-trail stop decision
1107,position_evaluated,RISHABH-EQ,hold,hold,True,target and post-trail stop decision
1108,position_evaluated,RISHABH-EQ,hold,hold,True,target and post-trail stop decision
1109,position_evaluated,RISHABH-EQ,hold,hold,True,target and post-trail stop decision
1110,position_evaluated,RISHABH-EQ,hold,hold,True,target and post-trail stop decision
1111,position_evaluated,RISHABH-EQ,hold,hold,True,target and post-trail stop decision
1112,position_evaluated,RISHABH-EQ,hold,hold,True,target and post-trail stop decision
1113,position_evaluated,RISHABH-EQ,hold,hold,True,target and post-trail stop decision
1114,position_evaluated,RISHABH-EQ,hold,hold,True,target and post-trail stop decision
1115,position_evaluated,RISHABH-EQ,hold,hold,True,target and post-trail stop decision
1116,position_evaluated,RISHABH-EQ,hold,hold,True,target and post-trail stop decision
1117,position_evaluated,RISHABH-EQ,hold,hold,True,target and post-trail stop decision
1118,position_evaluated,RISHABH-EQ,hold,hold,True,target and post-trail stop decision
1119,position_evaluated,RISHABH-EQ,hold,hold,True,target and post-trail stop decision
1120,position_evaluated,RISHABH-EQ,hold,hold,True,target and post-trail stop decision
1121,position_evaluated,RISHABH-EQ,hold,hold,True,target and post-trail stop decision
1122,position_evaluated,RISHABH-EQ,hold,hold,True,target and post-trail stop decision
1123,position_evaluated,RISHABH-EQ,hold,hold,True,target and post-trail stop decision
1124,position_evaluated,RISHABH-EQ,hold,hold,True,target and post-trail stop decision
1125,position_evaluated,RISHABH-EQ,hold,hold,True,target and post-trail stop decision
1126,position_evaluated,RISHABH-EQ,hold,hold,True,target and post-trail stop decision
1127,position_evaluated,RISHABH-EQ,hold,hold,True,target and post-trail stop decision
1128,position_evaluated,RISHABH-EQ,hold,hold,True,target and post-trail stop decision
1129,position_evaluated,RISHABH-EQ,hold,hold,True,target and post-trail stop decision
1130,position_evaluated,RISHABH-EQ,hold,hold,True,target and post-trail stop decision
1131,position_evaluated,RISHABH-EQ,hold,hold,True,target and post-trail stop decision
1132,position_evaluated,RISHABH-EQ,hold,hold,True,target and post-trail stop decision
1133,position_evaluated,RISHABH-EQ,hold,hold,True,target and post-trail stop decision
1134,position_evaluated,RISHABH-EQ,hold,hold,True,target and post-trail stop decision
1135,position_evaluated,RISHABH-EQ,hold,hold,True,target and post-trail stop decision
1136,position_evaluated,RISHABH-EQ,hold,hold,True,target and post-trail stop decision
1137,position_evaluated,RISHABH-EQ,hold,hold,True,target and post-trail stop decision
1138,position_evaluated,RISHABH-EQ,hold,hold,True,target and post-trail stop decision
1139,position_evaluated,RISHABH-EQ,hold,hold,True,target and post-trail stop decision
1140,position_evaluated,RISHABH-EQ,hold,hold,True,target and post-trail stop decision
1141,position_evaluated,RISHABH-EQ,hold,hold,True,target and post-trail stop decision
1142,position_evaluated,RISHABH-EQ,hold,hold,True,target and post-trail stop decision
1143,position_evaluated,RISHABH-EQ,hold,hold,True,target and post-trail stop decision
1144,position_evaluated,RISHABH-EQ,hold,hold,True,target and post-trail stop decision
1145,position_evaluated,RISHABH-EQ,hold,hold,True,target and post-trail stop decision
1146,position_evaluated,RISHABH-EQ,hold,hold,True,target and post-trail stop decision
1147,position_evaluated,RISHABH-EQ,hold,hold,True,target and post-trail stop decision
1148,position_evaluated,RISHABH-EQ,hold,hold,True,target and post-trail stop decision
1149,position_evaluated,RISHABH-EQ,hold,hold,True,target and post-trail stop decision
1150,position_evaluated,RISHABH-EQ,hold,hold,True,target and post-trail stop decision
1151,position_evaluated,RISHABH-EQ,hold,hold,True,target and post-trail stop decision
1152,position_evaluated,RISHABH-EQ,hold,hold,True,target and post-trail stop decision
1153,position_evaluated,RISHABH-EQ,hold,hold,True,target and post-trail stop decision
1154,position_evaluated,RISHABH-EQ,hold,hold,True,target and post-trail stop decision
1155,position_evaluated,RISHABH-EQ,hold,hold,True,target and post-trail stop decision
1156,position_evaluated,RISHABH-EQ,hold,hold,True,target and post-trail stop decision
1157,position_evaluated,RISHABH-EQ,hold,hold,True,target and post-trail stop decision
1158,position_evaluated,RISHABH-EQ,hold,hold,True,target and post-trail stop decision
1159,position_evaluated,RISHABH-EQ,hold,hold,True,target and post-trail stop decision
1160,position_evaluated,RISHABH-EQ,hold,hold,True,target and post-trail stop decision
1161,position_evaluated,RISHABH-EQ,hold,hold,True,target and post-trail stop decision
1162,position_evaluated,RISHABH-EQ,hold,hold,True,target and post-trail stop decision
1163,position_evaluated,RISHABH-EQ,hold,hold,True,target and post-trail stop decision
1164,position_evaluated,RISHABH-EQ,hold,hold,True,target and post-trail stop decision
1165,position_evaluated,RISHABH-EQ,hold,hold,True,target and post-trail stop decision
1166,position_evaluated,RISHABH-EQ,hold,hold,True,target and post-trail stop decision
1167,position_evaluated,RISHABH-EQ,hold,hold,True,target and post-trail stop decision
1168,position_evaluated,RISHABH-EQ,hold,hold,True,target and post-trail stop decision
1169,position_evaluated,RISHABH-EQ,hold,hold,True,target and post-trail stop decision
1170,position_evaluated,RISHABH-EQ,hold,hold,True,target and post-trail stop decision
1171,position_evaluated,RISHABH-EQ,hold,hold,True,target and post-trail stop decision
1172,position_evaluated,RISHABH-EQ,hold,hold,True,target and post-trail stop decision
1173,position_evaluated,RISHABH-EQ,hold,hold,True,target and post-trail stop decision
1174,position_evaluated,RISHABH-EQ,hold,hold,True,target and post-trail stop decision
1175,position_evaluated,RISHABH-EQ,hold,hold,True,target and post-trail stop decision
1176,position_evaluated,RISHABH-EQ,hold,hold,True,target and post-trail stop decision
1177,position_evaluated,RISHABH-EQ,hold,hold,True,target and post-trail stop decision
1178,position_evaluated,RISHABH-EQ,hold,hold,True,target and post-trail stop decision
1179,position_evaluated,RISHABH-EQ,hold,hold,True,target and post-trail stop decision
1180,position_evaluated,RISHABH-EQ,hold,hold,True,target and post-trail stop decision
1181,position_evaluated,RISHABH-EQ,hold,hold,True,target and post-trail stop decision
1182,position_evaluated,RISHABH-EQ,hold,hold,True,target and post-trail stop decision
1183,position_evaluated,RISHABH-EQ,hold,hold,True,target and post-trail stop decision
1184,position_evaluated,RISHABH-EQ,hold,hold,True,target and post-trail stop decision
1185,position_evaluated,RISHABH-EQ,hold,hold,True,target and post-trail stop decision
1186,position_evaluated,RISHABH-EQ,hold,hold,True,target and post-trail stop decision
1187,position_evaluated,RISHABH-EQ,hold,hold,True,target and post-trail stop decision
1188,position_evaluated,RISHABH-EQ,hold,hold,True,target and post-trail stop decision
1189,position_evaluated,RISHABH-EQ,hold,hold,True,target and post-trail stop decision
1190,position_evaluated,RISHABH-EQ,hold,hold,True,target and post-trail stop decision
1191,position_evaluated,RISHABH-EQ,hold,hold,True,target and post-trail stop decision
1192,position_evaluated,RISHABH-EQ,hold,hold,True,target and post-trail stop decision
1193,position_evaluated,RISHABH-EQ,hold,hold,True,target and post-trail stop decision
1194,position_evaluated,RISHABH-EQ,hold,hold,True,target and post-trail stop decision
1195,position_evaluated,RISHABH-EQ,hold,hold,True,target and post-trail stop decision
1196,position_evaluated,RISHABH-EQ,hold,hold,True,target and post-trail stop decision
1197,position_evaluated,RISHABH-EQ,hold,hold,True,target and post-trail stop decision
1198,position_evaluated,RISHABH-EQ,hold,hold,True,target and post-trail stop decision
1199,position_evaluated,RISHABH-EQ,hold,hold,True,target and post-trail stop decision
1200,position_evaluated,RISHABH-EQ,hold,hold,True,target and post-trail stop decision
1201,position_evaluated,RISHABH-EQ,hold,hold,True,target and post-trail stop decision
1202,position_evaluated,RISHABH-EQ,hold,hold,True,target and post-trail stop decision
1203,position_evaluated,RISHABH-EQ,hold,hold,True,target and post-trail stop decision
1204,position_evaluated,RISHABH-EQ,hold,hold,True,target and post-trail stop decision
1205,position_evaluated,RISHABH-EQ,hold,hold,True,target and post-trail stop decision
1206,position_evaluated,RISHABH-EQ,hold,hold,True,target and post-trail stop decision
1207,position_evaluated,RISHABH-EQ,hold,hold,True,target and post-trail stop decision
1208,position_evaluated,RISHABH-EQ,hold,hold,True,target and post-trail stop decision
1209,position_evaluated,RISHABH-EQ,hold,hold,True,target and post-trail stop decision
1210,position_evaluated,RISHABH-EQ,hold,hold,True,target and post-trail stop decision
1211,position_evaluated,RISHABH-EQ,hold,hold,True,target and post-trail stop decision
1212,position_evaluated,RISHABH-EQ,hold,hold,True,target and post-trail stop decision
1213,position_evaluated,RISHABH-EQ,hold,hold,True,target and post-trail stop decision
1214,position_evaluated,RISHABH-EQ,hold,hold,True,target and post-trail stop decision
1215,position_evaluated,RISHABH-EQ,hold,hold,True,target and post-trail stop decision
1216,position_evaluated,RISHABH-EQ,hold,hold,True,target and post-trail stop decision
1217,position_evaluated,RISHABH-EQ,hold,hold,True,target and post-trail stop decision
1218,position_evaluated,RISHABH-EQ,hold,hold,True,target and post-trail stop decision
1219,position_evaluated,RISHABH-EQ,hold,hold,True,target and post-trail stop decision
1220,position_evaluated,RISHABH-EQ,hold,hold,True,target and post-trail stop decision
1221,position_evaluated,RISHABH-EQ,hold,hold,True,target and post-trail stop decision
1222,position_evaluated,RISHABH-EQ,hold,hold,True,target and post-trail stop decision
1223,position_evaluated,RISHABH-EQ,hold,hold,True,target and post-trail stop decision
1224,position_evaluated,RISHABH-EQ,hold,hold,True,target and post-trail stop decision
1225,position_evaluated,RISHABH-EQ,hold,hold,True,target and post-trail stop decision
1226,position_evaluated,RISHABH-EQ,hold,hold,True,target and post-trail stop decision
1227,position_evaluated,RISHABH-EQ,hold,hold,True,target and post-trail stop decision
1228,position_evaluated,RISHABH-EQ,hold,hold,True,target and post-trail stop decision
1229,position_evaluated,RISHABH-EQ,hold,hold,True,target and post-trail stop decision
1230,position_evaluated,RISHABH-EQ,hold,hold,True,target and post-trail stop decision
1231,position_evaluated,RISHABH-EQ,hold,hold,True,target and post-trail stop decision
1232,position_evaluated,RISHABH-EQ,hold,hold,True,target and post-trail stop decision
1233,position_evaluated,RISHABH-EQ,hold,hold,True,target and post-trail stop decision
1234,position_evaluated,RISHABH-EQ,hold,hold,True,target and post-trail stop decision
1235,position_evaluated,RISHABH-EQ,hold,hold,True,target and post-trail stop decision
1236,position_evaluated,RISHABH-EQ,hold,hold,True,target and post-trail stop decision
1237,position_evaluated,RISHABH-EQ,hold,hold,True,target and post-trail stop decision
1238,position_evaluated,RISHABH-EQ,hold,hold,True,target and post-trail stop decision
1239,position_evaluated,RISHABH-EQ,hold,hold,True,target and post-trail stop decision
1240,position_evaluated,RISHABH-EQ,hold,hold,True,target and post-trail stop decision
1241,position_evaluated,RISHABH-EQ,hold,hold,True,target and post-trail stop decision
1242,position_evaluated,RISHABH-EQ,hold,hold,True,target and post-trail stop decision
1243,position_evaluated,RISHABH-EQ,hold,hold,True,target and post-trail stop decision
1244,position_evaluated,RISHABH-EQ,hold,hold,True,target and post-trail stop decision
1245,position_evaluated,RISHABH-EQ,hold,hold,True,target and post-trail stop decision
1246,position_evaluated,RISHABH-EQ,hold,hold,True,target and post-trail stop decision
1247,position_evaluated,RISHABH-EQ,hold,hold,True,target and post-trail stop decision
1248,position_evaluated,RISHABH-EQ,hold,hold,True,target and post-trail stop decision
1249,position_evaluated,RISHABH-EQ,hold,hold,True,target and post-trail stop decision
1250,position_evaluated,RISHABH-EQ,hold,hold,True,target and post-trail stop decision
1251,position_evaluated,RISHABH-EQ,hold,hold,True,target and post-trail stop decision
1252,position_evaluated,RISHABH-EQ,hold,hold,True,target and post-trail stop decision
1253,position_evaluated,RISHABH-EQ,hold,hold,True,target and post-trail stop decision
1254,position_evaluated,RISHABH-EQ,hold,hold,True,target and post-trail stop decision
1255,position_evaluated,RISHABH-EQ,hold,hold,True,target and post-trail stop decision
1256,position_evaluated,RISHABH-EQ,hold,hold,True,target and post-trail stop decision
1257,position_evaluated,RISHABH-EQ,hold,hold,True,target and post-trail stop decision
1258,position_evaluated,RISHABH-EQ,hold,hold,True,target and post-trail stop decision
1259,position_evaluated,RISHABH-EQ,hold,hold,True,target and post-trail stop decision
1260,position_evaluated,RISHABH-EQ,hold,hold,True,target and post-trail stop decision
1261,position_evaluated,RISHABH-EQ,hold,hold,True,target and post-trail stop decision
1262,position_evaluated,RISHABH-EQ,hold,hold,True,target and post-trail stop decision
1263,position_evaluated,RISHABH-EQ,hold,hold,True,target and post-trail stop decision
1264,position_evaluated,RISHABH-EQ,hold,hold,True,target and post-trail stop decision
1265,position_evaluated,RISHABH-EQ,hold,hold,True,target and post-trail stop decision
1266,position_evaluated,RISHABH-EQ,hold,hold,True,target and post-trail stop decision
1267,position_evaluated,RISHABH-EQ,hold,hold,True,target and post-trail stop decision
1268,position_evaluated,RISHABH-EQ,hold,hold,True,target and post-trail stop decision
1269,position_evaluated,RISHABH-EQ,hold,hold,True,target and post-trail stop decision
1270,position_evaluated,RISHABH-EQ,hold,hold,True,target and post-trail stop decision
1271,position_evaluated,RISHABH-EQ,hold,hold,True,target and post-trail stop decision
1272,position_evaluated,RISHABH-EQ,hold,hold,True,target and post-trail stop decision
1273,position_evaluated,RISHABH-EQ,hold,hold,True,target and post-trail stop decision
1274,position_evaluated,RISHABH-EQ,hold,hold,True,target and post-trail stop decision
1275,position_evaluated,RISHABH-EQ,hold,hold,True,target and post-trail stop decision
1276,position_evaluated,RISHABH-EQ,hold,hold,True,target and post-trail stop decision
1277,position_evaluated,RISHABH-EQ,hold,hold,True,target and post-trail stop decision
1278,position_evaluated,RISHABH-EQ,hold,hold,True,target and post-trail stop decision
1279,position_evaluated,RISHABH-EQ,hold,hold,True,target and post-trail stop decision
1280,position_evaluated,RISHABH-EQ,hold,hold,True,target and post-trail stop decision
1281,position_evaluated,RISHABH-EQ,hold,hold,True,target and post-trail stop decision
1282,position_evaluated,RISHABH-EQ,hold,hold,True,target and post-trail stop decision
1283,position_evaluated,RISHABH-EQ,hold,hold,True,target and post-trail stop decision
1284,position_evaluated,RISHABH-EQ,hold,hold,True,target and post-trail stop decision
1285,position_evaluated,RISHABH-EQ,hold,hold,True,target and post-trail stop decision
1286,position_evaluated,RISHABH-EQ,hold,hold,True,target and post-trail stop decision
1287,position_evaluated,RISHABH-EQ,hold,hold,True,target and post-trail stop decision
1288,position_evaluated,RISHABH-EQ,hold,hold,True,target and post-trail stop decision
1289,position_evaluated,RISHABH-EQ,hold,hold,True,target and post-trail stop decision
1290,position_evaluated,RISHABH-EQ,hold,hold,True,target and post-trail stop decision
1291,position_evaluated,RISHABH-EQ,hold,hold,True,target and post-trail stop decision
1292,position_evaluated,RISHABH-EQ,hold,hold,True,target and post-trail stop decision
1293,position_evaluated,RISHABH-EQ,hold,hold,True,target and post-trail stop decision
1294,position_evaluated,RISHABH-EQ,hold,hold,True,target and post-trail stop decision
1295,position_evaluated,RISHABH-EQ,hold,hold,True,target and post-trail stop decision
1296,position_evaluated,RISHABH-EQ,hold,hold,True,target and post-trail stop decision
1297,position_evaluated,RISHABH-EQ,hold,hold,True,target and post-trail stop decision
1298,position_evaluated,RISHABH-EQ,hold,hold,True,target and post-trail stop decision
1299,position_evaluated,RISHABH-EQ,hold,hold,True,target and post-trail stop decision
1300,position_evaluated,RISHABH-EQ,hold,hold,True,target and post-trail stop decision
1301,position_evaluated,RISHABH-EQ,hold,hold,True,target and post-trail stop decision
1302,position_evaluated,RISHABH-EQ,hold,hold,True,target and post-trail stop decision
1303,position_evaluated,RISHABH-EQ,hold,hold,True,target and post-trail stop decision
1304,position_evaluated,RISHABH-EQ,hold,hold,True,target and post-trail stop decision
1305,position_evaluated,RISHABH-EQ,hold,hold,True,target and post-trail stop decision
1306,position_evaluated,RISHABH-EQ,hold,hold,True,target and post-trail stop decision
1307,position_evaluated,RISHABH-EQ,hold,hold,True,target and post-trail stop decision
1308,position_evaluated,RISHABH-EQ,hold,hold,True,target and post-trail stop decision
1309,position_evaluated,RISHABH-EQ,hold,hold,True,target and post-trail stop decision
1310,position_evaluated,RISHABH-EQ,hold,hold,True,target and post-trail stop decision
1311,position_evaluated,RISHABH-EQ,hold,hold,True,target and post-trail stop decision
1312,position_evaluated,RISHABH-EQ,hold,hold,True,target and post-trail stop decision
1313,position_evaluated,RISHABH-EQ,hold,hold,True,target and post-trail stop decision
1314,position_evaluated,RISHABH-EQ,hold,hold,True,target and post-trail stop decision
1315,position_evaluated,RISHABH-EQ,hold,hold,True,target and post-trail stop decision
1316,position_evaluated,RISHABH-EQ,hold,hold,True,target and post-trail stop decision
1317,position_evaluated,RISHABH-EQ,hold,hold,True,target and post-trail stop decision
1318,position_evaluated,RISHABH-EQ,hold,hold,True,target and post-trail stop decision
1319,position_evaluated,RISHABH-EQ,hold,hold,True,target and post-trail stop decision
1320,position_evaluated,RISHABH-EQ,hold,hold,True,target and post-trail stop decision
1321,position_evaluated,RISHABH-EQ,hold,hold,True,target and post-trail stop decision
1322,position_evaluated,RISHABH-EQ,hold,hold,True,target and post-trail stop decision
1323,position_evaluated,RISHABH-EQ,hold,hold,True,target and post-trail stop decision
1324,position_evaluated,RISHABH-EQ,hold,hold,True,target and post-trail stop decision
1325,position_evaluated,RISHABH-EQ,hold,hold,True,target and post-trail stop decision
1326,position_evaluated,RISHABH-EQ,hold,hold,True,target and post-trail stop decision
1327,position_evaluated,RISHABH-EQ,hold,hold,True,target and post-trail stop decision
1328,position_evaluated,RISHABH-EQ,hold,hold,True,target and post-trail stop decision
1329,position_evaluated,RISHABH-EQ,hold,hold,True,target and post-trail stop decision
1330,position_evaluated,RISHABH-EQ,hold,hold,True,target and post-trail stop decision
1331,position_evaluated,RISHABH-EQ,hold,hold,True,target and post-trail stop decision
1332,position_evaluated,RISHABH-EQ,hold,hold,True,target and post-trail stop decision
1333,position_evaluated,RISHABH-EQ,hold,hold,True,target and post-trail stop decision
1334,position_evaluated,RISHABH-EQ,hold,hold,True,target and post-trail stop decision
1335,position_evaluated,RISHABH-EQ,hold,hold,True,target and post-trail stop decision
1336,position_evaluated,RISHABH-EQ,hold,hold,True,target and post-trail stop decision
1337,position_evaluated,RISHABH-EQ,hold,hold,True,target and post-trail stop decision
1338,position_evaluated,RISHABH-EQ,hold,hold,True,target and post-trail stop decision
1339,position_evaluated,RISHABH-EQ,hold,hold,True,target and post-trail stop decision
1340,position_evaluated,RISHABH-EQ,hold,hold,True,target and post-trail stop decision
1341,position_evaluated,RISHABH-EQ,hold,hold,True,target and post-trail stop decision
1342,position_evaluated,RISHABH-EQ,hold,hold,True,target and post-trail stop decision
1343,position_evaluated,RISHABH-EQ,hold,hold,True,target and post-trail stop decision
1344,position_evaluated,RISHABH-EQ,hold,hold,True,target and post-trail stop decision
1345,position_evaluated,RISHABH-EQ,hold,hold,True,target and post-trail stop decision
1346,position_evaluated,RISHABH-EQ,hold,hold,True,target and post-trail stop decision
1347,position_evaluated,RISHABH-EQ,hold,hold,True,target and post-trail stop decision
1348,position_evaluated,RISHABH-EQ,hold,hold,True,target and post-trail stop decision
1349,position_evaluated,RISHABH-EQ,hold,hold,True,target and post-trail stop decision
1350,position_evaluated,RISHABH-EQ,hold,hold,True,target and post-trail stop decision
1351,position_evaluated,RISHABH-EQ,hold,hold,True,target and post-trail stop decision
1352,position_evaluated,RISHABH-EQ,hold,hold,True,target and post-trail stop decision
1353,position_evaluated,RISHABH-EQ,hold,hold,True,target and post-trail stop decision
1354,position_evaluated,RISHABH-EQ,hold,hold,True,target and post-trail stop decision
1355,position_evaluated,RISHABH-EQ,hold,hold,True,target and post-trail stop decision
1356,position_evaluated,RISHABH-EQ,hold,hold,True,target and post-trail stop decision
1357,position_evaluated,RISHABH-EQ,hold,hold,True,target and post-trail stop decision
1358,position_evaluated,RISHABH-EQ,hold,hold,True,target and post-trail stop decision
1359,position_evaluated,RISHABH-EQ,hold,hold,True,target and post-trail stop decision
1360,position_evaluated,RISHABH-EQ,hold,hold,True,target and post-trail stop decision
1361,position_evaluated,RISHABH-EQ,hold,hold,True,target and post-trail stop decision
1362,position_evaluated,RISHABH-EQ,hold,hold,True,target and post-trail stop decision
1363,position_evaluated,RISHABH-EQ,hold,hold,True,target and post-trail stop decision
1364,position_evaluated,RISHABH-EQ,hold,hold,True,target and post-trail stop decision
1365,position_evaluated,RISHABH-EQ,hold,hold,True,target and post-trail stop decision
1366,position_evaluated,RISHABH-EQ,hold,hold,True,target and post-trail stop decision
1367,position_evaluated,RISHABH-EQ,hold,hold,True,target and post-trail stop decision
1368,position_evaluated,RISHABH-EQ,hold,hold,True,target and post-trail stop decision
1369,position_evaluated,RISHABH-EQ,hold,hold,True,target and post-trail stop decision
1370,position_evaluated,RISHABH-EQ,hold,hold,True,target and post-trail stop decision
1371,position_evaluated,RISHABH-EQ,hold,hold,True,target and post-trail stop decision
1372,position_evaluated,RISHABH-EQ,hold,hold,True,target and post-trail stop decision
1373,position_evaluated,RISHABH-EQ,hold,hold,True,target and post-trail stop decision
1374,position_evaluated,RISHABH-EQ,hold,hold,True,target and post-trail stop decision
1375,position_evaluated,RISHABH-EQ,hold,hold,True,target and post-trail stop decision
1376,position_evaluated,RISHABH-EQ,hold,hold,True,target and post-trail stop decision
1377,position_evaluated,RISHABH-EQ,hold,hold,True,target and post-trail stop decision
1378,position_evaluated,RISHABH-EQ,hold,hold,True,target and post-trail stop decision
1379,position_evaluated,RISHABH-EQ,hold,hold,True,target and post-trail stop decision
1380,position_evaluated,RISHABH-EQ,hold,hold,True,target and post-trail stop decision
1381,position_evaluated,RISHABH-EQ,hold,hold,True,target and post-trail stop decision
1382,position_evaluated,RISHABH-EQ,hold,hold,True,target and post-trail stop decision
1383,position_evaluated,RISHABH-EQ,hold,hold,True,target and post-trail stop decision
1384,position_evaluated,RISHABH-EQ,hold,hold,True,target and post-trail stop decision
1385,position_evaluated,RISHABH-EQ,hold,hold,True,target and post-trail stop decision
1386,position_evaluated,RISHABH-EQ,hold,hold,True,target and post-trail stop decision
1387,position_evaluated,RISHABH-EQ,hold,hold,True,target and post-trail stop decision
1388,position_evaluated,RISHABH-EQ,hold,hold,True,target and post-trail stop decision
1389,position_evaluated,RISHABH-EQ,hold,hold,True,target and post-trail stop decision
1390,position_evaluated,RISHABH-EQ,hold,hold,True,target and post-trail stop decision
1391,position_evaluated,RISHABH-EQ,hold,hold,True,target and post-trail stop decision
1392,position_evaluated,RISHABH-EQ,hold,hold,True,target and post-trail stop decision
1393,position_evaluated,RISHABH-EQ,hold,hold,True,target and post-trail stop decision
1394,position_evaluated,RISHABH-EQ,hold,hold,True,target and post-trail stop decision
1395,position_evaluated,RISHABH-EQ,hold,hold,True,target and post-trail stop decision
1396,position_evaluated,RISHABH-EQ,hold,hold,True,target and post-trail stop decision
1397,position_evaluated,RISHABH-EQ,hold,hold,True,target and post-trail stop decision
1398,position_evaluated,RISHABH-EQ,hold,hold,True,target and post-trail stop decision
1399,position_evaluated,RISHABH-EQ,hold,hold,True,target and post-trail stop decision
1400,position_evaluated,RISHABH-EQ,hold,hold,True,target and post-trail stop decision
1401,position_evaluated,RISHABH-EQ,hold,hold,True,target and post-trail stop decision
1402,position_evaluated,RISHABH-EQ,hold,hold,True,target and post-trail stop decision
1403,position_evaluated,RISHABH-EQ,hold,hold,True,target and post-trail stop decision
1404,position_evaluated,RISHABH-EQ,hold,hold,True,target and post-trail stop decision
1405,position_evaluated,RISHABH-EQ,hold,hold,True,target and post-trail stop decision
1406,position_evaluated,RISHABH-EQ,hold,hold,True,target and post-trail stop decision
1407,position_evaluated,RISHABH-EQ,hold,hold,True,target and post-trail stop decision
1408,position_evaluated,RISHABH-EQ,hold,hold,True,target and post-trail stop decision
1409,position_evaluated,RISHABH-EQ,hold,hold,True,target and post-trail stop decision
1410,position_evaluated,RISHABH-EQ,hold,hold,True,target and post-trail stop decision
1411,position_evaluated,RISHABH-EQ,hold,hold,True,target and post-trail stop decision
1412,position_evaluated,RISHABH-EQ,hold,hold,True,target and post-trail stop decision
1413,position_evaluated,RISHABH-EQ,hold,hold,True,target and post-trail stop decision
1414,position_evaluated,RISHABH-EQ,hold,hold,True,target and post-trail stop decision
1415,position_evaluated,RISHABH-EQ,hold,hold,True,target and post-trail stop decision
1416,position_evaluated,RISHABH-EQ,hold,hold,True,target and post-trail stop decision
1417,position_evaluated,RISHABH-EQ,hold,hold,True,target and post-trail stop decision
1418,position_evaluated,RISHABH-EQ,hold,hold,True,target and post-trail stop decision
1419,position_evaluated,RISHABH-EQ,hold,hold,True,target and post-trail stop decision
1420,position_evaluated,RISHABH-EQ,hold,hold,True,target and post-trail stop decision
1421,position_evaluated,RISHABH-EQ,hold,hold,True,target and post-trail stop decision
1422,position_evaluated,RISHABH-EQ,hold,hold,True,target and post-trail stop decision
1423,position_evaluated,RISHABH-EQ,hold,hold,True,target and post-trail stop decision
1424,position_evaluated,RISHABH-EQ,hold,hold,True,target and post-trail stop decision
1425,position_evaluated,RISHABH-EQ,hold,hold,True,target and post-trail stop decision
1426,position_evaluated,RISHABH-EQ,hold,hold,True,target and post-trail stop decision
1427,position_evaluated,RISHABH-EQ,hold,hold,True,target and post-trail stop decision
1428,position_evaluated,RISHABH-EQ,hold,hold,True,target and post-trail stop decision
1429,position_evaluated,RISHABH-EQ,hold,hold,True,target and post-trail stop decision
1430,position_evaluated,RISHABH-EQ,hold,hold,True,target and post-trail stop decision
1431,position_evaluated,RISHABH-EQ,hold,hold,True,target and post-trail stop decision
1432,position_evaluated,RISHABH-EQ,hold,hold,True,target and post-trail stop decision
1433,position_evaluated,RISHABH-EQ,hold,hold,True,target and post-trail stop decision
1434,position_evaluated,RISHABH-EQ,hold,hold,True,target and post-trail stop decision
1435,position_evaluated,RISHABH-EQ,hold,hold,True,target and post-trail stop decision
1436,position_evaluated,RISHABH-EQ,hold,hold,True,target and post-trail stop decision
1437,position_evaluated,RISHABH-EQ,hold,hold,True,target and post-trail stop decision
1438,position_evaluated,RISHABH-EQ,hold,hold,True,target and post-trail stop decision
1439,position_evaluated,RISHABH-EQ,hold,hold,True,target and post-trail stop decision
1440,position_evaluated,RISHABH-EQ,hold,hold,True,target and post-trail stop decision
1441,position_evaluated,RISHABH-EQ,hold,hold,True,target and post-trail stop decision
1442,position_evaluated,RISHABH-EQ,hold,hold,True,target and post-trail stop decision
1443,position_evaluated,RISHABH-EQ,hold,hold,True,target and post-trail stop decision
1444,position_evaluated,RISHABH-EQ,hold,hold,True,target and post-trail stop decision
1445,position_evaluated,RISHABH-EQ,hold,hold,True,target and post-trail stop decision
1446,position_evaluated,RISHABH-EQ,hold,hold,True,target and post-trail stop decision
1447,position_evaluated,RISHABH-EQ,hold,hold,True,target and post-trail stop decision
1448,position_evaluated,RISHABH-EQ,hold,hold,True,target and post-trail stop decision
1449,position_evaluated,RISHABH-EQ,hold,hold,True,target and post-trail stop decision
1450,position_evaluated,RISHABH-EQ,hold,hold,True,target and post-trail stop decision
1451,position_evaluated,RISHABH-EQ,hold,hold,True,target and post-trail stop decision
1452,position_evaluated,RISHABH-EQ,hold,hold,True,target and post-trail stop decision
1453,position_evaluated,RISHABH-EQ,hold,hold,True,target and post-trail stop decision
1454,position_evaluated,RISHABH-EQ,hold,hold,True,target and post-trail stop decision
1455,position_evaluated,RISHABH-EQ,hold,hold,True,target and post-trail stop decision
1456,position_evaluated,RISHABH-EQ,hold,hold,True,target and post-trail stop decision
1457,position_evaluated,RISHABH-EQ,hold,hold,True,target and post-trail stop decision
1458,position_evaluated,RISHABH-EQ,hold,hold,True,target and post-trail stop decision
1459,position_evaluated,RISHABH-EQ,hold,hold,True,target and post-trail stop decision
1460,position_evaluated,RISHABH-EQ,hold,hold,True,target and post-trail stop decision
1461,position_evaluated,RISHABH-EQ,hold,hold,True,target and post-trail stop decision
1462,position_evaluated,RISHABH-EQ,hold,hold,True,target and post-trail stop decision
1463,position_evaluated,RISHABH-EQ,hold,hold,True,target and post-trail stop decision
1464,position_evaluated,RISHABH-EQ,hold,hold,True,target and post-trail stop decision
1465,position_evaluated,RISHABH-EQ,hold,hold,True,target and post-trail stop decision
1466,position_evaluated,RISHABH-EQ,hold,hold,True,target and post-trail stop decision
1467,position_evaluated,RISHABH-EQ,hold,hold,True,target and post-trail stop decision
1468,position_evaluated,RISHABH-EQ,hold,hold,True,target and post-trail stop decision
1469,position_evaluated,RISHABH-EQ,hold,hold,True,target and post-trail stop decision
1470,position_evaluated,RISHABH-EQ,hold,hold,True,target and post-trail stop decision
1471,position_evaluated,RISHABH-EQ,hold,hold,True,target and post-trail stop decision
1472,position_evaluated,RISHABH-EQ,hold,hold,True,target and post-trail stop decision
1473,position_evaluated,RISHABH-EQ,hold,hold,True,target and post-trail stop decision
1474,position_evaluated,RISHABH-EQ,hold,hold,True,target and post-trail stop decision
1475,position_evaluated,RISHABH-EQ,hold,hold,True,target and post-trail stop decision
1476,position_evaluated,RISHABH-EQ,hold,hold,True,target and post-trail stop decision
1477,position_evaluated,RISHABH-EQ,hold,hold,True,target and post-trail stop decision
1478,position_evaluated,RISHABH-EQ,hold,hold,True,target and post-trail stop decision
1479,position_evaluated,RISHABH-EQ,hold,hold,True,target and post-trail stop decision
1480,position_evaluated,RISHABH-EQ,hold,hold,True,target and post-trail stop decision
1481,position_evaluated,RISHABH-EQ,hold,hold,True,target and post-trail stop decision
1482,position_evaluated,RISHABH-EQ,hold,hold,True,target and post-trail stop decision
1483,position_evaluated,RISHABH-EQ,hold,hold,True,target and post-trail stop decision
1484,position_evaluated,RISHABH-EQ,hold,hold,True,target and post-trail stop decision
1485,position_evaluated,RISHABH-EQ,hold,hold,True,target and post-trail stop decision
1486,position_evaluated,RISHABH-EQ,hold,hold,True,target and post-trail stop decision
1487,position_evaluated,RISHABH-EQ,hold,hold,True,target and post-trail stop decision
1488,position_evaluated,RISHABH-EQ,hold,hold,True,target and post-trail stop decision
1489,position_evaluated,RISHABH-EQ,hold,hold,True,target and post-trail stop decision
1490,position_evaluated,RISHABH-EQ,hold,hold,True,target and post-trail stop decision
1491,position_evaluated,RISHABH-EQ,hold,hold,True,target and post-trail stop decision
1492,position_evaluated,RISHABH-EQ,hold,hold,True,target and post-trail stop decision
1493,position_evaluated,RISHABH-EQ,hold,hold,True,target and post-trail stop decision
1494,position_evaluated,RISHABH-EQ,hold,hold,True,target and post-trail stop decision
1495,position_evaluated,RISHABH-EQ,hold,hold,True,target and post-trail stop decision
1496,position_evaluated,RISHABH-EQ,hold,hold,True,target and post-trail stop decision
1497,position_evaluated,RISHABH-EQ,hold,hold,True,target and post-trail stop decision
1498,position_evaluated,RISHABH-EQ,hold,hold,True,target and post-trail stop decision
1499,position_evaluated,RISHABH-EQ,hold,hold,True,target and post-trail stop decision
1500,position_evaluated,RISHABH-EQ,hold,hold,True,target and post-trail stop decision
1501,position_evaluated,RISHABH-EQ,hold,hold,True,target and post-trail stop decision
1502,position_evaluated,RISHABH-EQ,hold,hold,True,target and post-trail stop decision
1503,position_evaluated,RISHABH-EQ,hold,hold,True,target and post-trail stop decision
1504,position_evaluated,RISHABH-EQ,hold,hold,True,target and post-trail stop decision
1505,position_evaluated,RISHABH-EQ,hold,hold,True,target and post-trail stop decision
1506,position_evaluated,RISHABH-EQ,hold,hold,True,target and post-trail stop decision
1507,position_evaluated,RISHABH-EQ,hold,hold,True,target and post-trail stop decision
1508,position_evaluated,RISHABH-EQ,hold,hold,True,target and post-trail stop decision
1509,position_evaluated,RISHABH-EQ,hold,hold,True,target and post-trail stop decision
1510,position_evaluated,RISHABH-EQ,hold,hold,True,target and post-trail stop decision
1511,position_evaluated,RISHABH-EQ,hold,hold,True,target and post-trail stop decision
1512,position_evaluated,RISHABH-EQ,hold,hold,True,target and post-trail stop decision
1513,position_evaluated,RISHABH-EQ,hold,hold,True,target and post-trail stop decision
1514,position_evaluated,RISHABH-EQ,hold,hold,True,target and post-trail stop decision
1515,position_evaluated,RISHABH-EQ,hold,hold,True,target and post-trail stop decision
1516,position_evaluated,RISHABH-EQ,hold,hold,True,target and post-trail stop decision
1517,position_evaluated,RISHABH-EQ,hold,hold,True,target and post-trail stop decision
1518,position_evaluated,RISHABH-EQ,hold,hold,True,target and post-trail stop decision
1519,position_evaluated,RISHABH-EQ,hold,hold,True,target and post-trail stop decision
1520,position_evaluated,RISHABH-EQ,hold,hold,True,target and post-trail stop decision
1521,position_evaluated,RISHABH-EQ,hold,hold,True,target and post-trail stop decision
1522,position_evaluated,RISHABH-EQ,hold,hold,True,target and post-trail stop decision
1523,position_evaluated,RISHABH-EQ,hold,hold,True,target and post-trail stop decision
1524,position_evaluated,RISHABH-EQ,hold,hold,True,target and post-trail stop decision
1525,position_evaluated,RISHABH-EQ,hold,hold,True,target and post-trail stop decision
1526,position_evaluated,RISHABH-EQ,hold,hold,True,target and post-trail stop decision
1527,position_evaluated,RISHABH-EQ,hold,hold,True,target and post-trail stop decision
1528,position_evaluated,RISHABH-EQ,hold,hold,True,target and post-trail stop decision
1529,position_evaluated,RISHABH-EQ,hold,hold,True,target and post-trail stop decision
1530,position_evaluated,RISHABH-EQ,hold,hold,True,target and post-trail stop decision
1531,position_evaluated,RISHABH-EQ,hold,hold,True,target and post-trail stop decision
1532,position_evaluated,RISHABH-EQ,hold,hold,True,target and post-trail stop decision
1533,position_evaluated,RISHABH-EQ,hold,hold,True,target and post-trail stop decision
1534,position_evaluated,RISHABH-EQ,hold,hold,True,target and post-trail stop decision
1535,position_evaluated,RISHABH-EQ,hold,hold,True,target and post-trail stop decision
1536,position_evaluated,RISHABH-EQ,hold,hold,True,target and post-trail stop decision
1537,position_evaluated,RISHABH-EQ,hold,hold,True,target and post-trail stop decision
1538,position_evaluated,RISHABH-EQ,hold,hold,True,target and post-trail stop decision
1539,position_evaluated,RISHABH-EQ,hold,hold,True,target and post-trail stop decision
1540,position_evaluated,RISHABH-EQ,hold,hold,True,target and post-trail stop decision
1541,position_evaluated,RISHABH-EQ,hold,hold,True,target and post-trail stop decision
1542,position_evaluated,RISHABH-EQ,hold,hold,True,target and post-trail stop decision
1543,position_evaluated,RISHABH-EQ,hold,hold,True,target and post-trail stop decision
1544,position_evaluated,RISHABH-EQ,hold,hold,True,target and post-trail stop decision
1545,position_evaluated,RISHABH-EQ,hold,hold,True,target and post-trail stop decision
1546,position_evaluated,RISHABH-EQ,hold,hold,True,target and post-trail stop decision
1547,position_evaluated,RISHABH-EQ,hold,hold,True,target and post-trail stop decision
1548,position_evaluated,RISHABH-EQ,hold,hold,True,target and post-trail stop decision
1549,position_evaluated,RISHABH-EQ,hold,hold,True,target and post-trail stop decision
1550,position_evaluated,RISHABH-EQ,hold,hold,True,target and post-trail stop decision
1551,position_evaluated,RISHABH-EQ,hold,hold,True,target and post-trail stop decision
1552,position_evaluated,RISHABH-EQ,hold,hold,True,target and post-trail stop decision
1553,position_evaluated,RISHABH-EQ,hold,hold,True,target and post-trail stop decision
1554,position_evaluated,RISHABH-EQ,hold,hold,True,target and post-trail stop decision
1555,position_evaluated,RISHABH-EQ,hold,hold,True,target and post-trail stop decision
1556,position_evaluated,RISHABH-EQ,hold,hold,True,target and post-trail stop decision
1557,position_evaluated,RISHABH-EQ,hold,hold,True,target and post-trail stop decision
1558,position_evaluated,RISHABH-EQ,hold,hold,True,target and post-trail stop decision
1559,position_evaluated,RISHABH-EQ,hold,hold,True,target and post-trail stop decision
1561,position_evaluated,RISHABH-EQ,hold,hold,True,target and post-trail stop decision
1562,position_evaluated,RISHABH-EQ,hold,hold,True,target and post-trail stop decision
1563,position_evaluated,RISHABH-EQ,hold,hold,True,target and post-trail stop decision
1564,position_evaluated,RISHABH-EQ,hold,hold,True,target and post-trail stop decision
1565,position_evaluated,RISHABH-EQ,hold,hold,True,target and post-trail stop decision
1566,position_evaluated,RISHABH-EQ,hold,hold,True,target and post-trail stop decision
1567,position_evaluated,RISHABH-EQ,hold,hold,True,target and post-trail stop decision
1568,position_evaluated,RISHABH-EQ,hold,hold,True,target and post-trail stop decision
1569,position_evaluated,RISHABH-EQ,hold,hold,True,target and post-trail stop decision
1570,position_evaluated,RISHABH-EQ,hold,hold,True,target and post-trail stop decision
1571,position_evaluated,RISHABH-EQ,hold,hold,True,target and post-trail stop decision
1573,position_evaluated,RISHABH-EQ,hold,hold,True,target and post-trail stop decision
1575,position_evaluated,RISHABH-EQ,hold,hold,True,target and post-trail stop decision
1576,position_evaluated,RISHABH-EQ,hold,hold,True,target and post-trail stop decision
1577,position_evaluated,RISHABH-EQ,hold,hold,True,target and post-trail stop decision
1578,position_evaluated,RISHABH-EQ,hold,hold,True,target and post-trail stop decision
1579,position_evaluated,RISHABH-EQ,hold,hold,True,target and post-trail stop decision
1581,position_evaluated,RISHABH-EQ,hold,hold,True,target and post-trail stop decision
1582,position_evaluated,RISHABH-EQ,hold,hold,True,target and post-trail stop decision
1584,position_evaluated,RISHABH-EQ,hold,hold,True,target and post-trail stop decision
1585,position_evaluated,RISHABH-EQ,hold,hold,True,target and post-trail stop decision
1586,position_evaluated,RISHABH-EQ,hold,hold,True,target and post-trail stop decision
1587,position_evaluated,RISHABH-EQ,hold,hold,True,target and post-trail stop decision
1588,position_evaluated,RISHABH-EQ,hold,hold,True,target and post-trail stop decision
1589,position_evaluated,RISHABH-EQ,hold,hold,True,target and post-trail stop decision
1590,position_evaluated,RISHABH-EQ,hold,hold,True,target and post-trail stop decision
1592,position_evaluated,RISHABH-EQ,hold,hold,True,target and post-trail stop decision
1593,position_evaluated,RISHABH-EQ,hold,hold,True,target and post-trail stop decision
1594,position_evaluated,RISHABH-EQ,hold,hold,True,target and post-trail stop decision
1595,position_evaluated,RISHABH-EQ,hold,hold,True,target and post-trail stop decision
1596,position_evaluated,RISHABH-EQ,hold,hold,True,target and post-trail stop decision
1597,position_evaluated,RISHABH-EQ,hold,hold,True,target and post-trail stop decision
1598,position_evaluated,RISHABH-EQ,hold,hold,True,target and post-trail stop decision
1599,position_evaluated,RISHABH-EQ,hold,hold,True,target and post-trail stop decision
1600,position_evaluated,RISHABH-EQ,hold,hold,True,target and post-trail stop decision
1601,position_evaluated,RISHABH-EQ,hold,hold,True,target and post-trail stop decision
1602,position_evaluated,RISHABH-EQ,hold,hold,True,target and post-trail stop decision
1603,position_evaluated,RISHABH-EQ,hold,hold,True,target and post-trail stop decision
1604,position_evaluated,RISHABH-EQ,hold,hold,True,target and post-trail stop decision
1605,position_evaluated,RISHABH-EQ,hold,hold,True,target and post-trail stop decision
1606,position_evaluated,RISHABH-EQ,hold,hold,True,target and post-trail stop decision
1607,position_evaluated,RISHABH-EQ,hold,hold,True,target and post-trail stop decision
1608,position_evaluated,RISHABH-EQ,hold,hold,True,target and post-trail stop decision
1610,position_evaluated,RISHABH-EQ,hold,hold,True,target and post-trail stop decision
1612,position_evaluated,RISHABH-EQ,hold,hold,True,target and post-trail stop decision
1613,position_evaluated,RISHABH-EQ,hold,hold,True,target and post-trail stop decision
1614,position_evaluated,RISHABH-EQ,hold,hold,True,target and post-trail stop decision
1615,position_evaluated,RISHABH-EQ,hold,hold,True,target and post-trail stop decision
1616,position_evaluated,RISHABH-EQ,hold,hold,True,target and post-trail stop decision
1617,position_evaluated,RISHABH-EQ,hold,hold,True,target and post-trail stop decision
1618,position_evaluated,RISHABH-EQ,hold,hold,True,target and post-trail stop decision
1619,position_evaluated,RISHABH-EQ,hold,hold,True,target and post-trail stop decision
1620,position_evaluated,RISHABH-EQ,hold,hold,True,target and post-trail stop decision
1621,position_evaluated,RISHABH-EQ,hold,hold,True,target and post-trail stop decision
1622,position_evaluated,RISHABH-EQ,hold,hold,True,target and post-trail stop decision
1623,position_evaluated,RISHABH-EQ,hold,hold,True,target and post-trail stop decision
1624,position_evaluated,RISHABH-EQ,hold,hold,True,target and post-trail stop decision
1625,position_evaluated,RISHABH-EQ,hold,hold,True,target and post-trail stop decision
1626,position_evaluated,RISHABH-EQ,hold,hold,True,target and post-trail stop decision
1627,position_evaluated,RISHABH-EQ,hold,hold,True,target and post-trail stop decision
1628,position_evaluated,RISHABH-EQ,hold,hold,True,target and post-trail stop decision
1629,position_evaluated,RISHABH-EQ,hold,hold,True,target and post-trail stop decision
1630,position_evaluated,RISHABH-EQ,hold,hold,True,target and post-trail stop decision
1631,position_evaluated,RISHABH-EQ,hold,hold,True,target and post-trail stop decision
1632,position_evaluated,RISHABH-EQ,hold,hold,True,target and post-trail stop decision
1633,position_evaluated,RISHABH-EQ,hold,hold,True,target and post-trail stop decision
1634,position_evaluated,RISHABH-EQ,hold,hold,True,target and post-trail stop decision
1635,position_evaluated,RISHABH-EQ,hold,hold,True,target and post-trail stop decision
1636,position_evaluated,RISHABH-EQ,hold,hold,True,target and post-trail stop decision
1637,position_evaluated,RISHABH-EQ,hold,hold,True,target and post-trail stop decision
1638,position_evaluated,RISHABH-EQ,hold,hold,True,target and post-trail stop decision
1639,position_evaluated,RISHABH-EQ,hold,hold,True,target and post-trail stop decision
1640,position_evaluated,RISHABH-EQ,hold,hold,True,target and post-trail stop decision
1641,position_evaluated,RISHABH-EQ,hold,hold,True,target and post-trail stop decision
1642,position_evaluated,RISHABH-EQ,hold,hold,True,target and post-trail stop decision
1643,position_evaluated,RISHABH-EQ,hold,hold,True,target and post-trail stop decision
1644,position_evaluated,RISHABH-EQ,hold,hold,True,target and post-trail stop decision
1645,position_evaluated,RISHABH-EQ,hold,hold,True,target and post-trail stop decision
1646,position_evaluated,RISHABH-EQ,hold,hold,True,target and post-trail stop decision
1647,position_evaluated,RISHABH-EQ,hold,hold,True,target and post-trail stop decision
1648,position_evaluated,RISHABH-EQ,hold,hold,True,target and post-trail stop decision
1649,position_evaluated,RISHABH-EQ,hold,hold,True,target and post-trail stop decision
1650,position_evaluated,RISHABH-EQ,hold,hold,True,target and post-trail stop decision
1651,position_evaluated,RISHABH-EQ,hold,hold,True,target and post-trail stop decision
1652,position_evaluated,RISHABH-EQ,hold,hold,True,target and post-trail stop decision
1653,position_evaluated,RISHABH-EQ,hold,hold,True,target and post-trail stop decision
1654,position_evaluated,RISHABH-EQ,hold,hold,True,target and post-trail stop decision
1655,position_evaluated,RISHABH-EQ,hold,hold,True,target and post-trail stop decision
1656,position_evaluated,RISHABH-EQ,hold,hold,True,target and post-trail stop decision
1657,position_evaluated,RISHABH-EQ,hold,hold,True,target and post-trail stop decision
1658,position_evaluated,RISHABH-EQ,hold,hold,True,target and post-trail stop decision
1659,position_evaluated,RISHABH-EQ,hold,hold,True,target and post-trail stop decision
1660,position_evaluated,RISHABH-EQ,hold,hold,True,target and post-trail stop decision
1661,position_evaluated,RISHABH-EQ,hold,hold,True,target and post-trail stop decision
1662,position_evaluated,RISHABH-EQ,hold,hold,True,target and post-trail stop decision
1663,position_evaluated,RISHABH-EQ,hold,hold,True,target and post-trail stop decision
1664,position_evaluated,RISHABH-EQ,hold,hold,True,target and post-trail stop decision
1665,position_evaluated,RISHABH-EQ,hold,hold,True,target and post-trail stop decision
1666,position_evaluated,RISHABH-EQ,hold,hold,True,target and post-trail stop decision
1667,position_evaluated,RISHABH-EQ,hold,hold,True,target and post-trail stop decision
1668,position_evaluated,RISHABH-EQ,hold,hold,True,target and post-trail stop decision
1669,position_evaluated,RISHABH-EQ,hold,hold,True,target and post-trail stop decision
1670,position_evaluated,RISHABH-EQ,hold,hold,True,target and post-trail stop decision
1671,position_evaluated,RISHABH-EQ,hold,hold,True,target and post-trail stop decision
1672,position_evaluated,RISHABH-EQ,hold,hold,True,target and post-trail stop decision
1673,position_evaluated,RISHABH-EQ,hold,hold,True,target and post-trail stop decision
1674,position_evaluated,RISHABH-EQ,hold,hold,True,target and post-trail stop decision
1675,position_evaluated,RISHABH-EQ,hold,hold,True,target and post-trail stop decision
1676,position_evaluated,RISHABH-EQ,hold,hold,True,target and post-trail stop decision
1677,position_evaluated,RISHABH-EQ,hold,hold,True,target and post-trail stop decision
1678,position_evaluated,RISHABH-EQ,hold,hold,True,target and post-trail stop decision
1679,position_evaluated,RISHABH-EQ,hold,hold,True,target and post-trail stop decision
1680,position_evaluated,RISHABH-EQ,hold,hold,True,target and post-trail stop decision
1681,position_evaluated,RISHABH-EQ,hold,hold,True,target and post-trail stop decision
1682,position_evaluated,RISHABH-EQ,hold,hold,True,target and post-trail stop decision
1683,position_evaluated,RISHABH-EQ,hold,hold,True,target and post-trail stop decision
1684,position_evaluated,RISHABH-EQ,hold,hold,True,target and post-trail stop decision
1685,position_evaluated,RISHABH-EQ,hold,hold,True,target and post-trail stop decision
1686,position_evaluated,RISHABH-EQ,hold,hold,True,target and post-trail stop decision
1687,position_evaluated,RISHABH-EQ,hold,hold,True,target and post-trail stop decision
1688,position_evaluated,RISHABH-EQ,hold,hold,True,target and post-trail stop decision
1689,position_evaluated,RISHABH-EQ,hold,hold,True,target and post-trail stop decision
1690,position_evaluated,RISHABH-EQ,hold,hold,True,target and post-trail stop decision
1691,position_evaluated,RISHABH-EQ,hold,hold,True,target and post-trail stop decision
1692,position_evaluated,RISHABH-EQ,hold,hold,True,target and post-trail stop decision
1693,position_evaluated,RISHABH-EQ,hold,hold,True,target and post-trail stop decision
1694,position_evaluated,RISHABH-EQ,hold,hold,True,target and post-trail stop decision
1695,position_evaluated,RISHABH-EQ,hold,hold,True,target and post-trail stop decision
1696,position_evaluated,RISHABH-EQ,hold,hold,True,target and post-trail stop decision
1697,position_evaluated,RISHABH-EQ,hold,hold,True,target and post-trail stop decision
1698,position_evaluated,RISHABH-EQ,hold,hold,True,target and post-trail stop decision
1699,position_evaluated,RISHABH-EQ,hold,hold,True,target and post-trail stop decision
1700,position_evaluated,RISHABH-EQ,hold,hold,True,target and post-trail stop decision
1701,position_evaluated,RISHABH-EQ,hold,hold,True,target and post-trail stop decision
1702,position_evaluated,RISHABH-EQ,hold,hold,True,target and post-trail stop decision
1703,position_evaluated,RISHABH-EQ,hold,hold,True,target and post-trail stop decision
1704,position_evaluated,RISHABH-EQ,hold,hold,True,target and post-trail stop decision
1705,position_evaluated,RISHABH-EQ,hold,hold,True,target and post-trail stop decision
1706,position_evaluated,RISHABH-EQ,hold,hold,True,target and post-trail stop decision
1707,position_evaluated,RISHABH-EQ,hold,hold,True,target and post-trail stop decision
1708,position_evaluated,RISHABH-EQ,hold,hold,True,target and post-trail stop decision
1709,position_evaluated,RISHABH-EQ,hold,hold,True,target and post-trail stop decision
1710,position_evaluated,RISHABH-EQ,hold,hold,True,target and post-trail stop decision
1711,position_evaluated,RISHABH-EQ,hold,hold,True,target and post-trail stop decision
1712,position_evaluated,RISHABH-EQ,hold,hold,True,target and post-trail stop decision
1713,position_evaluated,RISHABH-EQ,hold,hold,True,target and post-trail stop decision
1714,position_evaluated,RISHABH-EQ,hold,hold,True,target and post-trail stop decision
1715,position_evaluated,RISHABH-EQ,hold,hold,True,target and post-trail stop decision
1716,position_evaluated,RISHABH-EQ,hold,hold,True,target and post-trail stop decision
1717,position_evaluated,RISHABH-EQ,hold,hold,True,target and post-trail stop decision
1718,position_evaluated,RISHABH-EQ,hold,hold,True,target and post-trail stop decision
1719,position_evaluated,RISHABH-EQ,hold,hold,True,target and post-trail stop decision
1720,position_evaluated,RISHABH-EQ,hold,hold,True,target and post-trail stop decision
1721,position_evaluated,RISHABH-EQ,hold,hold,True,target and post-trail stop decision
1722,position_evaluated,RISHABH-EQ,hold,hold,True,target and post-trail stop decision
1723,position_evaluated,RISHABH-EQ,hold,hold,True,target and post-trail stop decision
1724,position_evaluated,RISHABH-EQ,hold,hold,True,target and post-trail stop decision
1725,position_evaluated,RISHABH-EQ,hold,hold,True,target and post-trail stop decision
1726,position_evaluated,RISHABH-EQ,hold,hold,True,target and post-trail stop decision
1727,position_evaluated,RISHABH-EQ,hold,hold,True,target and post-trail stop decision
1728,position_evaluated,RISHABH-EQ,hold,hold,True,target and post-trail stop decision
1729,position_evaluated,RISHABH-EQ,hold,hold,True,target and post-trail stop decision
1730,position_evaluated,RISHABH-EQ,hold,hold,True,target and post-trail stop decision
1731,position_evaluated,RISHABH-EQ,hold,hold,True,target and post-trail stop decision
1732,position_evaluated,RISHABH-EQ,hold,hold,True,target and post-trail stop decision
1733,position_evaluated,RISHABH-EQ,hold,hold,True,target and post-trail stop decision
1734,position_evaluated,RISHABH-EQ,hold,hold,True,target and post-trail stop decision
1735,position_evaluated,RISHABH-EQ,hold,hold,True,target and post-trail stop decision
1736,position_evaluated,RISHABH-EQ,hold,hold,True,target and post-trail stop decision
1737,position_evaluated,RISHABH-EQ,hold,hold,True,target and post-trail stop decision
1738,position_evaluated,RISHABH-EQ,hold,hold,True,target and post-trail stop decision
1739,position_evaluated,RISHABH-EQ,hold,hold,True,target and post-trail stop decision
1740,position_evaluated,RISHABH-EQ,hold,hold,True,target and post-trail stop decision
1741,position_evaluated,RISHABH-EQ,hold,hold,True,target and post-trail stop decision
1742,position_evaluated,RISHABH-EQ,hold,hold,True,target and post-trail stop decision
1743,position_evaluated,RISHABH-EQ,hold,hold,True,target and post-trail stop decision
