sequence,event_type,symbol,recorded_decision,replayed_decision,matched,detail
280,market_gate,,skip,skip,True,four-factor market gate
281,market_gate,,trade,trade,True,four-factor market gate
282,scan_completed,,candidates_ranked,candidates_ranked,True,"recorded=['WINDLAS-EQ', 'AYMSYNTEX-EQ', 'RISHABH-EQ', 'MOLBIO-EQ', 'ARIES-EQ']; replayed=['WINDLAS-EQ', 'AYMSYNTEX-EQ', 'RISHABH-EQ', 'MOLBIO-EQ', 'ARIES-EQ']"
283,tradability_filter,,candidates_available,candidates_available,True,captured filter outcome
284,broker_tradability_result,,candidates_available,candidates_available,True,captured filter outcome
285,candidate_validation,WINDLAS-EQ,rejected,rejected,True,Range position 0.709 < 0.85 (price retreating from high)
286,candidate_validation,AYMSYNTEX-EQ,rejected,rejected,True,Range position 0.804 < 0.85 (price retreating from high)
287,candidate_validation,RISHABH-EQ,rejected,rejected,True,Gain +4.96% outside 5.0-10.0% range
288,candidate_validation,MOLBIO-EQ,rejected,rejected,True,Gain +4.99% outside 5.0-10.0% range
289,scan_completed,,candidates_ranked,candidates_ranked,True,"recorded=['COALINDIA-EQ', 'MAITHANALL-EQ', 'WINDLAS-EQ', 'AYMSYNTEX-EQ', 'RISHABH-EQ']; replayed=['COALINDIA-EQ', 'MAITHANALL-EQ', 'WINDLAS-EQ', 'AYMSYNTEX-EQ', 'RISHABH-EQ']"
290,tradability_filter,,candidates_available,candidates_available,True,captured filter outcome
291,broker_tradability_result,,candidates_available,candidates_available,True,captured filter outcome
292,candidate_validation,WINDLAS-EQ,rejected,rejected,True,Range position 0.666 < 0.85 (price retreating from high)
293,candidate_validation,AYMSYNTEX-EQ,rejected,rejected,True,Range position 0.786 < 0.85 (price retreating from high)
294,candidate_validation,RISHABH-EQ,rejected,rejected,True,Range position 0.808 < 0.85 (price retreating from high)
295,candidate_validation,COALINDIA-EQ,rejected,rejected,True,Volume fading: current 61750 vs avg 131143 (ratio 0.47 < 1.2)
296,candidate_validation,MAITHANALL-EQ,rejected,rejected,True,Volume fading: current 105 vs avg 2158 (ratio 0.05 < 1.2)
297,scan_completed,,candidates_ranked,candidates_ranked,True,"recorded=['MAITHANALL-EQ', 'WINDLAS-EQ', 'AYMSYNTEX-EQ', 'RISHABH-EQ', 'EXPLEOSOL-EQ']; replayed=['MAITHANALL-EQ', 'WINDLAS-EQ', 'AYMSYNTEX-EQ', 'RISHABH-EQ', 'EXPLEOSOL-EQ']"
298,tradability_filter,,candidates_available,candidates_available,True,captured filter outcome
299,broker_tradability_result,,candidates_available,candidates_available,True,captured filter outcome
300,candidate_validation,WINDLAS-EQ,rejected,rejected,True,Range position 0.693 < 0.85 (price retreating from high)
301,candidate_validation,AYMSYNTEX-EQ,rejected,rejected,True,Range position 0.750 < 0.85 (price retreating from high)
302,candidate_validation,RISHABH-EQ,rejected,rejected,True,Range position 0.809 < 0.85 (price retreating from high)
303,candidate_validation,EXPLEOSOL-EQ,rejected,rejected,True,Range position 0.532 < 0.85 (price retreating from high)
304,candidate_validation,MAITHANALL-EQ,rejected,rejected,True,Volume fading: current 57 vs avg 2429 (ratio 0.02 < 1.2)
305,scan_completed,,candidates_ranked,candidates_ranked,True,"recorded=['MAITHANALL-EQ', 'WINDLAS-EQ', 'RISHABH-EQ', 'AYMSYNTEX-EQ', 'ARIES-EQ']; replayed=['MAITHANALL-EQ', 'WINDLAS-EQ', 'RISHABH-EQ', 'AYMSYNTEX-EQ', 'ARIES-EQ']"
306,tradability_filter,,candidates_available,candidates_available,True,captured filter outcome
307,broker_tradability_result,,candidates_available,candidates_available,True,captured filter outcome
308,candidate_validation,WINDLAS-EQ,rejected,rejected,True,Range position 0.703 < 0.85 (price retreating from high)
309,candidate_validation,RISHABH-EQ,rejected,rejected,True,Range position 0.836 < 0.85 (price retreating from high)
310,candidate_validation,AYMSYNTEX-EQ,rejected,rejected,True,Range position 0.734 < 0.85 (price retreating from high)
311,candidate_validation,MAITHANALL-EQ,rejected,rejected,True,Volume fading: current 1895 vs avg 2925 (ratio 0.65 < 1.2)
312,scan_completed,,candidates_ranked,candidates_ranked,True,"recorded=['MAITHANALL-EQ', 'WINDLAS-EQ', 'MILKYMIST-EQ', 'RISHABH-EQ', 'AYMSYNTEX-EQ']; replayed=['MAITHANALL-EQ', 'WINDLAS-EQ', 'MILKYMIST-EQ', 'RISHABH-EQ', 'AYMSYNTEX-EQ']"
313,tradability_filter,,candidates_available,candidates_available,True,captured filter outcome
314,broker_tradability_result,,candidates_available,candidates_available,True,captured filter outcome
315,candidate_validation,WINDLAS-EQ,rejected,rejected,True,Range position 0.719 < 0.85 (price retreating from high)
316,candidate_validation,MILKYMIST-EQ,rejected,rejected,True,Range position 0.825 < 0.85 (price retreating from high)
317,candidate_validation,AYMSYNTEX-EQ,rejected,rejected,True,Range position 0.714 < 0.85 (price retreating from high)
318,candidate_validation,RISHABH-EQ,rejected,rejected,True,Volume fading: current 633 vs avg 2597 (ratio 0.24 < 1.2)
319,candidate_validation,MAITHANALL-EQ,rejected,rejected,True,Volume fading: current 2606 vs avg 2807 (ratio 0.93 < 1.2)
320,scan_completed,,candidates_ranked,candidates_ranked,True,"recorded=['MAITHANALL-EQ', 'WINDLAS-EQ', 'RISHABH-EQ', 'AYMSYNTEX-EQ', 'NIACL-EQ']; replayed=['MAITHANALL-EQ', 'WINDLAS-EQ', 'RISHABH-EQ', 'AYMSYNTEX-EQ', 'NIACL-EQ']"
321,tradability_filter,,candidates_available,candidates_available,True,captured filter outcome
322,broker_tradability_result,,candidates_available,candidates_available,True,captured filter outcome
323,candidate_validation,WINDLAS-EQ,rejected,rejected,True,Range position 0.779 < 0.85 (price retreating from high)
324,candidate_validation,AYMSYNTEX-EQ,rejected,rejected,True,Range position 0.735 < 0.85 (price retreating from high)
325,candidate_validation,NIACL-EQ,rejected,rejected,True,Range position 0.799 < 0.85 (price retreating from high)
326,candidate_validation,MAITHANALL-EQ,rejected,rejected,True,No micro breakout: LTP 1040.80 < last 5min high 1042.05
327,candidate_validation,RISHABH-EQ,accepted,accepted,True,All checks passed
328,position_sized,RISHABH-EQ,67,67,True,risk-based position sizing
336,position_evaluated,RISHABH-EQ,hold,hold,True,target and post-trail stop decision
337,position_evaluated,RISHABH-EQ,hold,hold,True,target and post-trail stop decision
338,position_evaluated,RISHABH-EQ,hold,hold,True,target and post-trail stop decision
339,position_evaluated,RISHABH-EQ,hold,hold,True,target and post-trail stop decision
340,position_evaluated,RISHABH-EQ,hold,hold,True,target and post-trail stop decision
341,position_evaluated,RISHABH-EQ,hold,hold,True,target and post-trail stop decision
342,position_evaluated,RISHABH-EQ,hold,hold,True,target and post-trail stop decision
343,position_evaluated,RISHABH-EQ,hold,hold,True,target and post-trail stop decision
344,position_evaluated,RISHABH-EQ,hold,hold,True,target and post-trail stop decision
345,position_evaluated,RISHABH-EQ,hold,hold,True,target and post-trail stop decision
346,position_evaluated,RISHABH-EQ,hold,hold,True,target and post-trail stop decision
347,position_evaluated,RISHABH-EQ,hold,hold,True,target and post-trail stop decision
348,position_evaluated,RISHABH-EQ,hold,hold,True,target and post-trail stop decision
349,position_evaluated,RISHABH-EQ,hold,hold,True,target and post-trail stop decision
350,position_evaluated,RISHABH-EQ,hold,hold,True,target and post-trail stop decision
351,position_evaluated,RISHABH-EQ,hold,hold,True,target and post-trail stop decision
352,position_evaluated,RISHABH-EQ,hold,hold,True,target and post-trail stop decision
353,position_evaluated,RISHABH-EQ,hold,hold,True,target and post-trail stop decision
354,position_evaluated,RISHABH-EQ,hold,hold,True,target and post-trail stop decision
355,position_evaluated,RISHABH-EQ,hold,hold,True,target and post-trail stop decision
356,position_evaluated,RISHABH-EQ,hold,hold,True,target and post-trail stop decision
357,position_evaluated,RISHABH-EQ,hold,hold,True,target and post-trail stop decision
358,position_evaluated,RISHABH-EQ,hold,hold,True,target and post-trail stop decision
359,position_evaluated,RISHABH-EQ,hold,hold,True,target and post-trail stop decision
360,position_evaluated,RISHABH-EQ,hold,hold,True,target and post-trail stop decision
361,position_evaluated,RISHABH-EQ,hold,hold,True,target and post-trail stop decision
362,position_evaluated,RISHABH-EQ,hold,hold,True,target and post-trail stop decision
363,position_evaluated,RISHABH-EQ,hold,hold,True,target and post-trail stop decision
364,position_evaluated,RISHABH-EQ,hold,hold,True,target and post-trail stop decision
365,position_evaluated,RISHABH-EQ,hold,hold,True,target and post-trail stop decision
366,position_evaluated,RISHABH-EQ,hold,hold,True,target and post-trail stop decision
367,position_evaluated,RISHABH-EQ,hold,hold,True,target and post-trail stop decision
368,position_evaluated,RISHABH-EQ,hold,hold,True,target and post-trail stop decision
369,position_evaluated,RISHABH-EQ,hold,hold,True,target and post-trail stop decision
370,position_evaluated,RISHABH-EQ,hold,hold,True,target and post-trail stop decision
371,position_evaluated,RISHABH-EQ,hold,hold,True,target and post-trail stop decision
372,position_evaluated,RISHABH-EQ,hold,hold,True,target and post-trail stop decision
373,position_evaluated,RISHABH-EQ,hold,hold,True,target and post-trail stop decision
374,position_evaluated,RISHABH-EQ,hold,hold,True,target and post-trail stop decision
375,position_evaluated,RISHABH-EQ,hold,hold,True,target and post-trail stop decision
376,position_evaluated,RISHABH-EQ,hold,hold,True,target and post-trail stop decision
377,position_evaluated,RISHABH-EQ,hold,hold,True,target and post-trail stop decision
378,position_evaluated,RISHABH-EQ,hold,hold,True,target and post-trail stop decision
379,position_evaluated,RISHABH-EQ,hold,hold,True,target and post-trail stop decision
380,position_evaluated,RISHABH-EQ,hold,hold,True,target and post-trail stop decision
381,position_evaluated,RISHABH-EQ,hold,hold,True,target and post-trail stop decision
382,position_evaluated,RISHABH-EQ,hold,hold,True,target and post-trail stop decision
383,position_evaluated,RISHABH-EQ,hold,hold,True,target and post-trail stop decision
384,position_evaluated,RISHABH-EQ,hold,hold,True,target and post-trail stop decision
385,position_evaluated,RISHABH-EQ,hold,hold,True,target and post-trail stop decision
386,position_evaluated,RISHABH-EQ,hold,hold,True,target and post-trail stop decision
387,position_evaluated,RISHABH-EQ,hold,hold,True,target and post-trail stop decision
388,position_evaluated,RISHABH-EQ,hold,hold,True,target and post-trail stop decision
389,position_evaluated,RISHABH-EQ,hold,hold,True,target and post-trail stop decision
390,position_evaluated,RISHABH-EQ,hold,hold,True,target and post-trail stop decision
391,position_evaluated,RISHABH-EQ,hold,hold,True,target and post-trail stop decision
392,position_evaluated,RISHABH-EQ,hold,hold,True,target and post-trail stop decision
393,position_evaluated,RISHABH-EQ,hold,hold,True,target and post-trail stop decision
394,position_evaluated,RISHABH-EQ,hold,hold,True,target and post-trail stop decision
395,position_evaluated,RISHABH-EQ,hold,hold,True,target and post-trail stop decision
396,position_evaluated,RISHABH-EQ,hold,hold,True,target and post-trail stop decision
397,position_evaluated,RISHABH-EQ,hold,hold,True,target and post-trail stop decision
398,position_evaluated,RISHABH-EQ,hold,hold,True,target and post-trail stop decision
399,position_evaluated,RISHABH-EQ,hold,hold,True,target and post-trail stop decision
400,position_evaluated,RISHABH-EQ,hold,hold,True,target and post-trail stop decision
401,position_evaluated,RISHABH-EQ,hold,hold,True,target and post-trail stop decision
402,position_evaluated,RISHABH-EQ,hold,hold,True,target and post-trail stop decision
403,position_evaluated,RISHABH-EQ,hold,hold,True,target and post-trail stop decision
404,position_evaluated,RISHABH-EQ,hold,hold,True,target and post-trail stop decision
405,position_evaluated,RISHABH-EQ,hold,hold,True,target and post-trail stop decision
406,position_evaluated,RISHABH-EQ,hold,hold,True,target and post-trail stop decision
407,position_evaluated,RISHABH-EQ,hold,hold,True,target and post-trail stop decision
408,position_evaluated,RISHABH-EQ,hold,hold,True,target and post-trail stop decision
409,position_evaluated,RISHABH-EQ,hold,hold,True,target and post-trail stop decision
410,position_evaluated,RISHABH-EQ,hold,hold,True,target and post-trail stop decision
411,position_evaluated,RISHABH-EQ,hold,hold,True,target and post-trail stop decision
412,position_evaluated,RISHABH-EQ,hold,hold,True,target and post-trail stop decision
413,position_evaluated,RISHABH-EQ,hold,hold,True,target and post-trail stop decision
414,position_evaluated,RISHABH-EQ,hold,hold,True,target and post-trail stop decision
415,position_evaluated,RISHABH-EQ,hold,hold,True,target and post-trail stop decision
416,position_evaluated,RISHABH-EQ,hold,hold,True,target and post-trail stop decision
417,position_evaluated,RISHABH-EQ,hold,hold,True,target and post-trail stop decision
418,position_evaluated,RISHABH-EQ,hold,hold,True,target and post-trail stop decision
419,position_evaluated,RISHABH-EQ,hold,hold,True,target and post-trail stop decision
420,position_evaluated,RISHABH-EQ,hold,hold,True,target and post-trail stop decision
421,position_evaluated,RISHABH-EQ,hold,hold,True,target and post-trail stop decision
422,position_evaluated,RISHABH-EQ,hold,hold,True,target and post-trail stop decision
423,position_evaluated,RISHABH-EQ,hold,hold,True,target and post-trail stop decision
424,position_evaluated,RISHABH-EQ,hold,hold,True,target and post-trail stop decision
425,position_evaluated,RISHABH-EQ,hold,hold,True,target and post-trail stop decision
426,position_evaluated,RISHABH-EQ,hold,hold,True,target and post-trail stop decision
427,position_evaluated,RISHABH-EQ,hold,hold,True,target and post-trail stop decision
428,position_evaluated,RISHABH-EQ,hold,hold,True,target and post-trail stop decision
429,position_evaluated,RISHABH-EQ,hold,hold,True,target and post-trail stop decision
430,position_evaluated,RISHABH-EQ,hold,hold,True,target and post-trail stop decision
431,position_evaluated,RISHABH-EQ,hold,hold,True,target and post-trail stop decision
432,position_evaluated,RISHABH-EQ,hold,hold,True,target and post-trail stop decision
433,position_evaluated,RISHABH-EQ,hold,hold,True,target and post-trail stop decision
434,position_evaluated,RISHABH-EQ,hold,hold,True,target and post-trail stop decision
435,position_evaluated,RISHABH-EQ,hold,hold,True,target and post-trail stop decision
436,position_evaluated,RISHABH-EQ,hold,hold,True,target and post-trail stop decision
437,position_evaluated,RISHABH-EQ,hold,hold,True,target and post-trail stop decision
438,position_evaluated,RISHABH-EQ,hold,hold,True,target and post-trail stop decision
439,position_evaluated,RISHABH-EQ,hold,hold,True,target and post-trail stop decision
440,position_evaluated,RISHABH-EQ,hold,hold,True,target and post-trail stop decision
441,position_evaluated,RISHABH-EQ,hold,hold,True,target and post-trail stop decision
442,position_evaluated,RISHABH-EQ,hold,hold,True,target and post-trail stop decision
443,position_evaluated,RISHABH-EQ,hold,hold,True,target and post-trail stop decision
444,position_evaluated,RISHABH-EQ,hold,hold,True,target and post-trail stop decision
445,position_evaluated,RISHABH-EQ,hold,hold,True,target and post-trail stop decision
446,position_evaluated,RISHABH-EQ,hold,hold,True,target and post-trail stop decision
447,position_evaluated,RISHABH-EQ,hold,hold,True,target and post-trail stop decision
448,position_evaluated,RISHABH-EQ,hold,hold,True,target and post-trail stop decision
449,position_evaluated,RISHABH-EQ,hold,hold,True,target and post-trail stop decision
450,position_evaluated,RISHABH-EQ,hold,hold,True,target and post-trail stop decision
451,position_evaluated,RISHABH-EQ,hold,hold,True,target and post-trail stop decision
452,position_evaluated,RISHABH-EQ,hold,hold,True,target and post-trail stop decision
453,position_evaluated,RISHABH-EQ,hold,hold,True,target and post-trail stop decision
454,position_evaluated,RISHABH-EQ,hold,hold,True,target and post-trail stop decision
455,position_evaluated,RISHABH-EQ,hold,hold,True,target and post-trail stop decision
456,position_evaluated,RISHABH-EQ,hold,hold,True,target and post-trail stop decision
457,position_evaluated,RISHABH-EQ,hold,hold,True,target and post-trail stop decision
458,position_evaluated,RISHABH-EQ,hold,hold,True,target and post-trail stop decision
459,position_evaluated,RISHABH-EQ,hold,hold,True,target and post-trail stop decision
460,position_evaluated,RISHABH-EQ,hold,hold,True,target and post-trail stop decision
461,position_evaluated,RISHABH-EQ,hold,hold,True,target and post-trail stop decision
462,position_evaluated,RISHABH-EQ,hold,hold,True,target and post-trail stop decision
463,position_evaluated,RISHABH-EQ,hold,hold,True,target and post-trail stop decision
464,position_evaluated,RISHABH-EQ,hold,hold,True,target and post-trail stop decision
465,position_evaluated,RISHABH-EQ,hold,hold,True,target and post-trail stop decision
466,position_evaluated,RISHABH-EQ,hold,hold,True,target and post-trail stop decision
467,position_evaluated,RISHABH-EQ,hold,hold,True,target and post-trail stop decision
468,position_evaluated,RISHABH-EQ,hold,hold,True,target and post-trail stop decision
469,position_evaluated,RISHABH-EQ,hold,hold,True,target and post-trail stop decision
470,position_evaluated,RISHABH-EQ,hold,hold,True,target and post-trail stop decision
471,position_evaluated,RISHABH-EQ,hold,hold,True,target and post-trail stop decision
472,position_evaluated,RISHABH-EQ,hold,hold,True,target and post-trail stop decision
473,position_evaluated,RISHABH-EQ,hold,hold,True,target and post-trail stop decision
474,position_evaluated,RISHABH-EQ,hold,hold,True,target and post-trail stop decision
475,position_evaluated,RISHABH-EQ,hold,hold,True,target and post-trail stop decision
476,position_evaluated,RISHABH-EQ,hold,hold,True,target and post-trail stop decision
477,position_evaluated,RISHABH-EQ,hold,hold,True,target and post-trail stop decision
478,position_evaluated,RISHABH-EQ,hold,hold,True,target and post-trail stop decision
479,position_evaluated,RISHABH-EQ,hold,hold,True,target and post-trail stop decision
480,position_evaluated,RISHABH-EQ,hold,hold,True,target and post-trail stop decision
481,position_evaluated,RISHABH-EQ,hold,hold,True,target and post-trail stop decision
482,position_evaluated,RISHABH-EQ,hold,hold,True,target and post-trail stop decision
483,position_evaluated,RISHABH-EQ,hold,hold,True,target and post-trail stop decision
484,position_evaluated,RISHABH-EQ,hold,hold,True,target and post-trail stop decision
485,position_evaluated,RISHABH-EQ,hold,hold,True,target and post-trail stop decision
486,position_evaluated,RISHABH-EQ,hold,hold,True,target and post-trail stop decision
487,position_evaluated,RISHABH-EQ,hold,hold,True,target and post-trail stop decision
488,position_evaluated,RISHABH-EQ,hold,hold,True,target and post-trail stop decision
489,position_evaluated,RISHABH-EQ,hold,hold,True,target and post-trail stop decision
490,position_evaluated,RISHABH-EQ,hold,hold,True,target and post-trail stop decision
491,position_evaluated,RISHABH-EQ,hold,hold,True,target and post-trail stop decision
492,position_evaluated,RISHABH-EQ,hold,hold,True,target and post-trail stop decision
493,position_evaluated,RISHABH-EQ,hold,hold,True,target and post-trail stop decision
494,position_evaluated,RISHABH-EQ,hold,hold,True,target and post-trail stop decision
495,position_evaluated,RISHABH-EQ,hold,hold,True,target and post-trail stop decision
496,position_evaluated,RISHABH-EQ,hold,hold,True,target and post-trail stop decision
497,position_evaluated,RISHABH-EQ,hold,hold,True,target and post-trail stop decision
498,position_evaluated,RISHABH-EQ,hold,hold,True,target and post-trail stop decision
499,position_evaluated,RISHABH-EQ,hold,hold,True,target and post-trail stop decision
500,position_evaluated,RISHABH-EQ,hold,hold,True,target and post-trail stop decision
501,position_evaluated,RISHABH-EQ,hold,hold,True,target and post-trail stop decision
502,position_evaluated,RISHABH-EQ,hold,hold,True,target and post-trail stop decision
503,position_evaluated,RISHABH-EQ,hold,hold,True,target and post-trail stop decision
504,position_evaluated,RISHABH-EQ,hold,hold,True,target and post-trail stop decision
505,position_evaluated,RISHABH-EQ,hold,hold,True,target and post-trail stop decision
506,position_evaluated,RISHABH-EQ,hold,hold,True,target and post-trail stop decision
507,position_evaluated,RISHABH-EQ,hold,hold,True,target and post-trail stop decision
508,position_evaluated,RISHABH-EQ,hold,hold,True,target and post-trail stop decision
509,position_evaluated,RISHABH-EQ,hold,hold,True,target and post-trail stop decision
510,position_evaluated,RISHABH-EQ,hold,hold,True,target and post-trail stop decision
511,position_evaluated,RISHABH-EQ,hold,hold,True,target and post-trail stop decision
512,position_evaluated,RISHABH-EQ,hold,hold,True,target and post-trail stop decision
513,position_evaluated,RISHABH-EQ,hold,hold,True,target and post-trail stop decision
514,position_evaluated,RISHABH-EQ,hold,hold,True,target and post-trail stop decision
515,position_evaluated,RISHABH-EQ,hold,hold,True,target and post-trail stop decision
516,position_evaluated,RISHABH-EQ,hold,hold,True,target and post-trail stop decision
517,position_evaluated,RISHABH-EQ,hold,hold,True,target and post-trail stop decision
518,position_evaluated,RISHABH-EQ,hold,hold,True,target and post-trail stop decision
519,position_evaluated,RISHABH-EQ,hold,hold,True,target and post-trail stop decision
520,position_evaluated,RISHABH-EQ,hold,hold,True,target and post-trail stop decision
521,position_evaluated,RISHABH-EQ,hold,hold,True,target and post-trail stop decision
522,position_evaluated,RISHABH-EQ,hold,hold,True,target and post-trail stop decision
523,position_evaluated,RISHABH-EQ,hold,hold,True,target and post-trail stop decision
524,position_evaluated,RISHABH-EQ,hold,hold,True,target and post-trail stop decision
525,position_evaluated,RISHABH-EQ,hold,hold,True,target and post-trail stop decision
526,position_evaluated,RISHABH-EQ,hold,hold,True,target and post-trail stop decision
527,position_evaluated,RISHABH-EQ,hold,hold,True,target and post-trail stop decision
528,position_evaluated,RISHABH-EQ,hold,hold,True,target and post-trail stop decision
529,position_evaluated,RISHABH-EQ,hold,hold,True,target and post-trail stop decision
530,position_evaluated,RISHABH-EQ,hold,hold,True,target and post-trail stop decision
531,position_evaluated,RISHABH-EQ,hold,hold,True,target and post-trail stop decision
532,position_evaluated,RISHABH-EQ,hold,hold,True,target and post-trail stop decision
533,position_evaluated,RISHABH-EQ,hold,hold,True,target and post-trail stop decision
534,position_evaluated,RISHABH-EQ,hold,hold,True,target and post-trail stop decision
535,position_evaluated,RISHABH-EQ,hold,hold,True,target and post-trail stop decision
536,position_evaluated,RISHABH-EQ,hold,hold,True,target and post-trail stop decision
537,position_evaluated,RISHABH-EQ,hold,hold,True,target and post-trail stop decision
538,position_evaluated,RISHABH-EQ,hold,hold,True,target and post-trail stop decision
539,position_evaluated,RISHABH-EQ,hold,hold,True,target and post-trail stop decision
540,position_evaluated,RISHABH-EQ,hold,hold,True,target and post-trail stop decision
541,position_evaluated,RISHABH-EQ,hold,hold,True,target and post-trail stop decision
542,position_evaluated,RISHABH-EQ,hold,hold,True,target and post-trail stop decision
543,position_evaluated,RISHABH-EQ,hold,hold,True,target and post-trail stop decision
544,position_evaluated,RISHABH-EQ,hold,hold,True,target and post-trail stop decision
545,position_evaluated,RISHABH-EQ,hold,hold,True,target and post-trail stop decision
546,position_evaluated,RISHABH-EQ,hold,hold,True,target and post-trail stop decision
547,position_evaluated,RISHABH-EQ,hold,hold,True,target and post-trail stop decision
548,position_evaluated,RISHABH-EQ,hold,hold,True,target and post-trail stop decision
549,position_evaluated,RISHABH-EQ,hold,hold,True,target and post-trail stop decision
550,position_evaluated,RISHABH-EQ,hold,hold,True,target and post-trail stop decision
551,position_evaluated,RISHABH-EQ,hold,hold,True,target and post-trail stop decision
552,position_evaluated,RISHABH-EQ,hold,hold,True,target and post-trail stop decision
553,position_evaluated,RISHABH-EQ,hold,hold,True,target and post-trail stop decision
554,position_evaluated,RISHABH-EQ,hold,hold,True,target and post-trail stop decision
555,position_evaluated,RISHABH-EQ,hold,hold,True,target and post-trail stop decision
556,position_evaluated,RISHABH-EQ,hold,hold,True,target and post-trail stop decision
557,position_evaluated,RISHABH-EQ,hold,hold,True,target and post-trail stop decision
558,position_evaluated,RISHABH-EQ,hold,hold,True,target and post-trail stop decision
559,position_evaluated,RISHABH-EQ,hold,hold,True,target and post-trail stop decision
560,position_evaluated,RISHABH-EQ,hold,hold,True,target and post-trail stop decision
561,position_evaluated,RISHABH-EQ,hold,hold,True,target and post-trail stop decision
562,position_evaluated,RISHABH-EQ,hold,hold,True,target and post-trail stop decision
563,position_evaluated,RISHABH-EQ,hold,hold,True,target and post-trail stop decision
564,position_evaluated,RISHABH-EQ,hold,hold,True,target and post-trail stop decision
565,position_evaluated,RISHABH-EQ,hold,hold,True,target and post-trail stop decision
566,position_evaluated,RISHABH-EQ,hold,hold,True,target and post-trail stop decision
567,position_evaluated,RISHABH-EQ,hold,hold,True,target and post-trail stop decision
568,position_evaluated,RISHABH-EQ,hold,hold,True,target and post-trail stop decision
569,position_evaluated,RISHABH-EQ,hold,hold,True,target and post-trail stop decision
570,position_evaluated,RISHABH-EQ,hold,hold,True,target and post-trail stop decision
571,position_evaluated,RISHABH-EQ,hold,hold,True,target and post-trail stop decision
572,position_evaluated,RISHABH-EQ,hold,hold,True,target and post-trail stop decision
573,position_evaluated,RISHABH-EQ,hold,hold,True,target and post-trail stop decision
574,position_evaluated,RISHABH-EQ,hold,hold,True,target and post-trail stop decision
575,position_evaluated,RISHABH-EQ,hold,hold,True,target and post-trail stop decision
576,position_evaluated,RISHABH-EQ,hold,hold,True,target and post-trail stop decision
577,position_evaluated,RISHABH-EQ,hold,hold,True,target and post-trail stop decision
578,position_evaluated,RISHABH-EQ,hold,hold,True,target and post-trail stop decision
579,position_evaluated,RISHABH-EQ,hold,hold,True,target and post-trail stop decision
580,position_evaluated,RISHABH-EQ,hold,hold,True,target and post-trail stop decision
581,position_evaluated,RISHABH-EQ,hold,hold,True,target and post-trail stop decision
582,position_evaluated,RISHABH-EQ,hold,hold,True,target and post-trail stop decision
583,position_evaluated,RISHABH-EQ,hold,hold,True,target and post-trail stop decision
584,position_evaluated,RISHABH-EQ,hold,hold,True,target and post-trail stop decision
585,position_evaluated,RISHABH-EQ,hold,hold,True,target and post-trail stop decision
586,position_evaluated,RISHABH-EQ,hold,hold,True,target and post-trail stop decision
587,position_evaluated,RISHABH-EQ,hold,hold,True,target and post-trail stop decision
588,position_evaluated,RISHABH-EQ,hold,hold,True,target and post-trail stop decision
589,position_evaluated,RISHABH-EQ,hold,hold,True,target and post-trail stop decision
590,position_evaluated,RISHABH-EQ,hold,hold,True,target and post-trail stop decision
591,position_evaluated,RISHABH-EQ,hold,hold,True,target and post-trail stop decision
592,position_evaluated,RISHABH-EQ,hold,hold,True,target and post-trail stop decision
593,position_evaluated,RISHABH-EQ,hold,hold,True,target and post-trail stop decision
594,position_evaluated,RISHABH-EQ,hold,hold,True,target and post-trail stop decision
595,position_evaluated,RISHABH-EQ,hold,hold,True,target and post-trail stop decision
596,position_evaluated,RISHABH-EQ,hold,hold,True,target and post-trail stop decision
597,position_evaluated,RISHABH-EQ,hold,hold,True,target and post-trail stop decision
598,position_evaluated,RISHABH-EQ,hold,hold,True,target and post-trail stop decision
599,position_evaluated,RISHABH-EQ,hold,hold,True,target and post-trail stop decision
600,position_evaluated,RISHABH-EQ,hold,hold,True,target and post-trail stop decision
601,position_evaluated,RISHABH-EQ,hold,hold,True,target and post-trail stop decision
602,position_evaluated,RISHABH-EQ,hold,hold,True,target and post-trail stop decision
603,position_evaluated,RISHABH-EQ,hold,hold,True,target and post-trail stop decision
604,position_evaluated,RISHABH-EQ,hold,hold,True,target and post-trail stop decision
605,position_evaluated,RISHABH-EQ,hold,hold,True,target and post-trail stop decision
606,position_evaluated,RISHABH-EQ,hold,hold,True,target and post-trail stop decision
607,position_evaluated,RISHABH-EQ,hold,hold,True,target and post-trail stop decision
608,position_evaluated,RISHABH-EQ,hold,hold,True,target and post-trail stop decision
609,position_evaluated,RISHABH-EQ,hold,hold,True,target and post-trail stop decision
610,position_evaluated,RISHABH-EQ,hold,hold,True,target and post-trail stop decision
611,position_evaluated,RISHABH-EQ,hold,hold,True,target and post-trail stop decision
612,position_evaluated,RISHABH-EQ,hold,hold,True,target and post-trail stop decision
613,position_evaluated,RISHABH-EQ,hold,hold,True,target and post-trail stop decision
614,position_evaluated,RISHABH-EQ,hold,hold,True,target and post-trail stop decision
615,position_evaluated,RISHABH-EQ,hold,hold,True,target and post-trail stop decision
616,position_evaluated,RISHABH-EQ,hold,hold,True,target and post-trail stop decision
617,position_evaluated,RISHABH-EQ,hold,hold,True,target and post-trail stop decision
618,position_evaluated,RISHABH-EQ,hold,hold,True,target and post-trail stop decision
619,position_evaluated,RISHABH-EQ,hold,hold,True,target and post-trail stop decision
620,position_evaluated,RISHABH-EQ,hold,hold,True,target and post-trail stop decision
621,position_evaluated,RISHABH-EQ,hold,hold,True,target and post-trail stop decision
622,position_evaluated,RISHABH-EQ,hold,hold,True,target and post-trail stop decision
623,position_evaluated,RISHABH-EQ,hold,hold,True,target and post-trail stop decision
624,position_evaluated,RISHABH-EQ,hold,hold,True,target and post-trail stop decision
625,position_evaluated,RISHABH-EQ,hold,hold,True,target and post-trail stop decision
626,position_evaluated,RISHABH-EQ,hold,hold,True,target and post-trail stop decision
627,position_evaluated,RISHABH-EQ,hold,hold,True,target and post-trail stop decision
628,position_evaluated,RISHABH-EQ,hold,hold,True,target and post-trail stop decision
629,position_evaluated,RISHABH-EQ,hold,hold,True,target and post-trail stop decision
630,position_evaluated,RISHABH-EQ,hold,hold,True,target and post-trail stop decision
631,position_evaluated,RISHABH-EQ,hold,hold,True,target and post-trail stop decision
632,position_evaluated,RISHABH-EQ,hold,hold,True,target and post-trail stop decision
633,position_evaluated,RISHABH-EQ,hold,hold,True,target and post-trail stop decision
634,position_evaluated,RISHABH-EQ,hold,hold,True,target and post-trail stop decision
635,position_evaluated,RISHABH-EQ,hold,hold,True,target and post-trail stop decision
636,position_evaluated,RISHABH-EQ,hold,hold,True,target and post-trail stop decision
637,position_evaluated,RISHABH-EQ,hold,hold,True,target and post-trail stop decision
638,position_evaluated,RISHABH-EQ,hold,hold,True,target and post-trail stop decision
639,position_evaluated,RISHABH-EQ,hold,hold,True,target and post-trail stop decision
640,position_evaluated,RISHABH-EQ,hold,hold,True,target and post-trail stop decision
641,position_evaluated,RISHABH-EQ,hold,hold,True,target and post-trail stop decision
642,position_evaluated,RISHABH-EQ,hold,hold,True,target and post-trail stop decision
643,position_evaluated,RISHABH-EQ,hold,hold,True,target and post-trail stop decision
644,position_evaluated,RISHABH-EQ,hold,hold,True,target and post-trail stop decision
645,position_evaluated,RISHABH-EQ,hold,hold,True,target and post-trail stop decision
646,position_evaluated,RISHABH-EQ,hold,hold,True,target and post-trail stop decision
647,position_evaluated,RISHABH-EQ,hold,hold,True,target and post-trail stop decision
648,position_evaluated,RISHABH-EQ,hold,hold,True,target and post-trail stop decision
649,position_evaluated,RISHABH-EQ,hold,hold,True,target and post-trail stop decision
650,position_evaluated,RISHABH-EQ,hold,hold,True,target and post-trail stop decision
651,position_evaluated,RISHABH-EQ,hold,hold,True,target and post-trail stop decision
652,position_evaluated,RISHABH-EQ,hold,hold,True,target and post-trail stop decision
653,position_evaluated,RISHABH-EQ,hold,hold,True,target and post-trail stop decision
654,position_evaluated,RISHABH-EQ,hold,hold,True,target and post-trail stop decision
655,position_evaluated,RISHABH-EQ,hold,hold,True,target and post-trail stop decision
656,position_evaluated,RISHABH-EQ,hold,hold,True,target and post-trail stop decision
657,position_evaluated,RISHABH-EQ,hold,hold,True,target and post-trail stop decision
658,position_evaluated,RISHABH-EQ,hold,hold,True,target and post-trail stop decision
659,position_evaluated,RISHABH-EQ,hold,hold,True,target and post-trail stop decision
660,position_evaluated,RISHABH-EQ,hold,hold,True,target and post-trail stop decision
661,position_evaluated,RISHABH-EQ,hold,hold,True,target and post-trail stop decision
662,position_evaluated,RISHABH-EQ,hold,hold,True,target and post-trail stop decision
663,position_evaluated,RISHABH-EQ,hold,hold,True,target and post-trail stop decision
664,position_evaluated,RISHABH-EQ,hold,hold,True,target and post-trail stop decision
665,position_evaluated,RISHABH-EQ,hold,hold,True,target and post-trail stop decision
666,position_evaluated,RISHABH-EQ,hold,hold,True,target and post-trail stop decision
667,position_evaluated,RISHABH-EQ,hold,hold,True,target and post-trail stop decision
668,position_evaluated,RISHABH-EQ,hold,hold,True,target and post-trail stop decision
669,position_evaluated,RISHABH-EQ,hold,hold,True,target and post-trail stop decision
670,position_evaluated,RISHABH-EQ,hold,hold,True,target and post-trail stop decision
671,position_evaluated,RISHABH-EQ,hold,hold,True,target and post-trail stop decision
672,position_evaluated,RISHABH-EQ,hold,hold,True,target and post-trail stop decision
673,position_evaluated,RISHABH-EQ,hold,hold,True,target and post-trail stop decision
674,position_evaluated,RISHABH-EQ,hold,hold,True,target and post-trail stop decision
675,position_evaluated,RISHABH-EQ,hold,hold,True,target and post-trail stop decision
676,position_evaluated,RISHABH-EQ,hold,hold,True,target and post-trail stop decision
677,position_evaluated,RISHABH-EQ,hold,hold,True,target and post-trail stop decision
678,position_evaluated,RISHABH-EQ,hold,hold,True,target and post-trail stop decision
679,position_evaluated,RISHABH-EQ,hold,hold,True,target and post-trail stop decision
680,position_evaluated,RISHABH-EQ,hold,hold,True,target and post-trail stop decision
681,position_evaluated,RISHABH-EQ,hold,hold,True,target and post-trail stop decision
682,position_evaluated,RISHABH-EQ,hold,hold,True,target and post-trail stop decision
683,position_evaluated,RISHABH-EQ,hold,hold,True,target and post-trail stop decision
684,position_evaluated,RISHABH-EQ,hold,hold,True,target and post-trail stop decision
685,position_evaluated,RISHABH-EQ,hold,hold,True,target and post-trail stop decision
686,position_evaluated,RISHABH-EQ,hold,hold,True,target and post-trail stop decision
687,position_evaluated,RISHABH-EQ,hold,hold,True,target and post-trail stop decision
688,position_evaluated,RISHABH-EQ,hold,hold,True,target and post-trail stop decision
689,position_evaluated,RISHABH-EQ,hold,hold,True,target and post-trail stop decision
690,position_evaluated,RISHABH-EQ,hold,hold,True,target and post-trail stop decision
691,position_evaluated,RISHABH-EQ,hold,hold,True,target and post-trail stop decision
692,position_evaluated,RISHABH-EQ,hold,hold,True,target and post-trail stop decision
693,position_evaluated,RISHABH-EQ,hold,hold,True,target and post-trail stop decision
694,position_evaluated,RISHABH-EQ,hold,hold,True,target and post-trail stop decision
695,position_evaluated,RISHABH-EQ,hold,hold,True,target and post-trail stop decision
696,position_evaluated,RISHABH-EQ,hold,hold,True,target and post-trail stop decision
697,position_evaluated,RISHABH-EQ,hold,hold,True,target and post-trail stop decision
698,position_evaluated,RISHABH-EQ,hold,hold,True,target and post-trail stop decision
699,position_evaluated,RISHABH-EQ,hold,hold,True,target and post-trail stop decision
700,position_evaluated,RISHABH-EQ,hold,hold,True,target and post-trail stop decision
701,position_evaluated,RISHABH-EQ,hold,hold,True,target and post-trail stop decision
702,position_evaluated,RISHABH-EQ,hold,hold,True,target and post-trail stop decision
703,position_evaluated,RISHABH-EQ,hold,hold,True,target and post-trail stop decision
704,position_evaluated,RISHABH-EQ,hold,hold,True,target and post-trail stop decision
705,position_evaluated,RISHABH-EQ,hold,hold,True,target and post-trail stop decision
706,position_evaluated,RISHABH-EQ,hold,hold,True,target and post-trail stop decision
707,position_evaluated,RISHABH-EQ,hold,hold,True,target and post-trail stop decision
708,position_evaluated,RISHABH-EQ,hold,hold,True,target and post-trail stop decision
709,position_evaluated,RISHABH-EQ,hold,hold,True,target and post-trail stop decision
710,position_evaluated,RISHABH-EQ,hold,hold,True,target and post-trail stop decision
711,position_evaluated,RISHABH-EQ,hold,hold,True,target and post-trail stop decision
712,position_evaluated,RISHABH-EQ,hold,hold,True,target and post-trail stop decision
713,position_evaluated,RISHABH-EQ,hold,hold,True,target and post-trail stop decision
714,position_evaluated,RISHABH-EQ,hold,hold,True,target and post-trail stop decision
715,position_evaluated,RISHABH-EQ,hold,hold,True,target and post-trail stop decision
716,position_evaluated,RISHABH-EQ,hold,hold,True,target and post-trail stop decision
717,position_evaluated,RISHABH-EQ,hold,hold,True,target and post-trail stop decision
718,position_evaluated,RISHABH-EQ,hold,hold,True,target and post-trail stop decision
719,position_evaluated,RISHABH-EQ,hold,hold,True,target and post-trail stop decision
720,position_evaluated,RISHABH-EQ,hold,hold,True,target and post-trail stop decision
721,position_evaluated,RISHABH-EQ,hold,hold,True,target and post-trail stop decision
722,position_evaluated,RISHABH-EQ,hold,hold,True,target and post-trail stop decision
723,position_evaluated,RISHABH-EQ,hold,hold,True,target and post-trail stop decision
724,position_evaluated,RISHABH-EQ,hold,hold,True,target and post-trail stop decision
725,position_evaluated,RISHABH-EQ,hold,hold,True,target and post-trail stop decision
726,position_evaluated,RISHABH-EQ,hold,hold,True,target and post-trail stop decision
727,position_evaluated,RISHABH-EQ,hold,hold,True,target and post-trail stop decision
728,position_evaluated,RISHABH-EQ,hold,hold,True,target and post-trail stop decision
729,position_evaluated,RISHABH-EQ,hold,hold,True,target and post-trail stop decision
730,position_evaluated,RISHABH-EQ,hold,hold,True,target and post-trail stop decision
731,position_evaluated,RISHABH-EQ,hold,hold,True,target and post-trail stop decision
732,position_evaluated,RISHABH-EQ,hold,hold,True,target and post-trail stop decision
733,position_evaluated,RISHABH-EQ,hold,hold,True,target and post-trail stop decision
734,position_evaluated,RISHABH-EQ,hold,hold,True,target and post-trail stop decision
735,position_evaluated,RISHABH-EQ,hold,hold,True,target and post-trail stop decision
736,position_evaluated,RISHABH-EQ,hold,hold,True,target and post-trail stop decision
737,position_evaluated,RISHABH-EQ,hold,hold,True,target and post-trail stop decision
738,position_evaluated,RISHABH-EQ,hold,hold,True,target and post-trail stop decision
739,position_evaluated,RISHABH-EQ,hold,hold,True,target and post-trail stop decision
740,position_evaluated,RISHABH-EQ,hold,hold,True,target and post-trail stop decision
741,position_evaluated,RISHABH-EQ,hold,hold,True,target and post-trail stop decision
742,position_evaluated,RISHABH-EQ,hold,hold,True,target and post-trail stop decision
743,position_evaluated,RISHABH-EQ,hold,hold,True,target and post-trail stop decision
744,position_evaluated,RISHABH-EQ,hold,hold,True,target and post-trail stop decision
745,position_evaluated,RISHABH-EQ,hold,hold,True,target and post-trail stop decision
746,position_evaluated,RISHABH-EQ,hold,hold,True,target and post-trail stop decision
747,position_evaluated,RISHABH-EQ,hold,hold,True,target and post-trail stop decision
748,position_evaluated,RISHABH-EQ,hold,hold,True,target and post-trail stop decision
749,position_evaluated,RISHABH-EQ,hold,hold,True,target and post-trail stop decision
750,position_evaluated,RISHABH-EQ,hold,hold,True,target and post-trail stop decision
751,position_evaluated,RISHABH-EQ,hold,hold,True,target and post-trail stop decision
752,position_evaluated,RISHABH-EQ,hold,hold,True,target and post-trail stop decision
753,position_evaluated,RISHABH-EQ,hold,hold,True,target and post-trail stop decision
754,position_evaluated,RISHABH-EQ,hold,hold,True,target and post-trail stop decision
755,position_evaluated,RISHABH-EQ,hold,hold,True,target and post-trail stop decision
756,position_evaluated,RISHABH-EQ,hold,hold,True,target and post-trail stop decision
757,position_evaluated,RISHABH-EQ,hold,hold,True,target and post-trail stop decision
758,position_evaluated,RISHABH-EQ,hold,hold,True,target and post-trail stop decision
759,position_evaluated,RISHABH-EQ,hold,hold,True,target and post-trail stop decision
760,position_evaluated,RISHABH-EQ,hold,hold,True,target and post-trail stop decision
761,position_evaluated,RISHABH-EQ,hold,hold,True,target and post-trail stop decision
762,position_evaluated,RISHABH-EQ,hold,hold,True,target and post-trail stop decision
763,position_evaluated,RISHABH-EQ,hold,hold,True,target and post-trail stop decision
764,position_evaluated,RISHABH-EQ,hold,hold,True,target and post-trail stop decision
765,position_evaluated,RISHABH-EQ,hold,hold,True,target and post-trail stop decision
766,position_evaluated,RISHABH-EQ,hold,hold,True,target and post-trail stop decision
767,position_evaluated,RISHABH-EQ,hold,hold,True,target and post-trail stop decision
768,position_evaluated,RISHABH-EQ,hold,hold,True,target and post-trail stop decision
769,position_evaluated,RISHABH-EQ,hold,hold,True,target and post-trail stop decision
770,position_evaluated,RISHABH-EQ,hold,hold,True,target and post-trail stop decision
771,position_evaluated,RISHABH-EQ,hold,hold,True,target and post-trail stop decision
772,position_evaluated,RISHABH-EQ,hold,hold,True,target and post-trail stop decision
773,position_evaluated,RISHABH-EQ,hold,hold,True,target and post-trail stop decision
774,position_evaluated,RISHABH-EQ,hold,hold,True,target and post-trail stop decision
775,position_evaluated,RISHABH-EQ,hold,hold,True,target and post-trail stop decision
776,position_evaluated,RISHABH-EQ,hold,hold,True,target and post-trail stop decision
777,position_evaluated,RISHABH-EQ,hold,hold,True,target and post-trail stop decision
778,position_evaluated,RISHABH-EQ,hold,hold,True,target and post-trail stop decision
779,position_evaluated,RISHABH-EQ,hold,hold,True,target and post-trail stop decision
780,position_evaluated,RISHABH-EQ,hold,hold,True,target and post-trail stop decision
781,position_evaluated,RISHABH-EQ,hold,hold,True,target and post-trail stop decision
782,position_evaluated,RISHABH-EQ,hold,hold,True,target and post-trail stop decision
783,position_evaluated,RISHABH-EQ,hold,hold,True,target and post-trail stop decision
784,position_evaluated,RISHABH-EQ,hold,hold,True,target and post-trail stop decision
785,position_evaluated,RISHABH-EQ,hold,hold,True,target and post-trail stop decision
786,position_evaluated,RISHABH-EQ,hold,hold,True,target and post-trail stop decision
787,position_evaluated,RISHABH-EQ,hold,hold,True,target and post-trail stop decision
788,position_evaluated,RISHABH-EQ,hold,hold,True,target and post-trail stop decision
789,position_evaluated,RISHABH-EQ,hold,hold,True,target and post-trail stop decision
790,position_evaluated,RISHABH-EQ,hold,hold,True,target and post-trail stop decision
791,position_evaluated,RISHABH-EQ,hold,hold,True,target and post-trail stop decision
792,position_evaluated,RISHABH-EQ,hold,hold,True,target and post-trail stop decision
793,position_evaluated,RISHABH-EQ,hold,hold,True,target and post-trail stop decision
794,position_evaluated,RISHABH-EQ,hold,hold,True,target and post-trail stop decision
795,position_evaluated,RISHABH-EQ,hold,hold,True,target and post-trail stop decision
796,position_evaluated,RISHABH-EQ,hold,hold,True,target and post-trail stop decision
797,position_evaluated,RISHABH-EQ,hold,hold,True,target and post-trail stop decision
798,position_evaluated,RISHABH-EQ,hold,hold,True,target and post-trail stop decision
799,position_evaluated,RISHABH-EQ,hold,hold,True,target and post-trail stop decision
800,position_evaluated,RISHABH-EQ,hold,hold,True,target and post-trail stop decision
801,position_evaluated,RISHABH-EQ,hold,hold,True,target and post-trail stop decision
802,position_evaluated,RISHABH-EQ,hold,hold,True,target and post-trail stop decision
803,position_evaluated,RISHABH-EQ,hold,hold,True,target and post-trail stop decision
804,position_evaluated,RISHABH-EQ,hold,hold,True,target and post-trail stop decision
805,position_evaluated,RISHABH-EQ,hold,hold,True,target and post-trail stop decision
806,position_evaluated,RISHABH-EQ,hold,hold,True,target and post-trail stop decision
807,position_evaluated,RISHABH-EQ,hold,hold,True,target and post-trail stop decision
808,position_evaluated,RISHABH-EQ,hold,hold,True,target and post-trail stop decision
809,position_evaluated,RISHABH-EQ,hold,hold,True,target and post-trail stop decision
810,position_evaluated,RISHABH-EQ,hold,hold,True,target and post-trail stop decision
811,position_evaluated,RISHABH-EQ,hold,hold,True,target and post-trail stop decision
812,position_evaluated,RISHABH-EQ,hold,hold,True,target and post-trail stop decision
813,position_evaluated,RISHABH-EQ,hold,hold,True,target and post-trail stop decision
814,position_evaluated,RISHABH-EQ,hold,hold,True,target and post-trail stop decision
815,position_evaluated,RISHABH-EQ,hold,hold,True,target and post-trail stop decision
816,position_evaluated,RISHABH-EQ,hold,hold,True,target and post-trail stop decision
817,position_evaluated,RISHABH-EQ,hold,hold,True,target and post-trail stop decision
818,position_evaluated,RISHABH-EQ,hold,hold,True,target and post-trail stop decision
819,position_evaluated,RISHABH-EQ,hold,hold,True,target and post-trail stop decision
820,position_evaluated,RISHABH-EQ,hold,hold,True,target and post-trail stop decision
821,position_evaluated,RISHABH-EQ,hold,hold,True,target and post-trail stop decision
822,position_evaluated,RISHABH-EQ,hold,hold,True,target and post-trail stop decision
823,position_evaluated,RISHABH-EQ,hold,hold,True,target and post-trail stop decision
824,position_evaluated,RISHABH-EQ,hold,hold,True,target and post-trail stop decision
825,position_evaluated,RISHABH-EQ,hold,hold,True,target and post-trail stop decision
826,position_evaluated,RISHABH-EQ,hold,hold,True,target and post-trail stop decision
827,position_evaluated,RISHABH-EQ,hold,hold,True,target and post-trail stop decision
828,position_evaluated,RISHABH-EQ,hold,hold,True,target and post-trail stop decision
829,position_evaluated,RISHABH-EQ,hold,hold,True,target and post-trail stop decision
830,position_evaluated,RISHABH-EQ,hold,hold,True,target and post-trail stop decision
831,position_evaluated,RISHABH-EQ,hold,hold,True,target and post-trail stop decision
832,position_evaluated,RISHABH-EQ,hold,hold,True,target and post-trail stop decision
833,position_evaluated,RISHABH-EQ,hold,hold,True,target and post-trail stop decision
834,position_evaluated,RISHABH-EQ,hold,hold,True,target and post-trail stop decision
835,position_evaluated,RISHABH-EQ,hold,hold,True,target and post-trail stop decision
836,position_evaluated,RISHABH-EQ,hold,hold,True,target and post-trail stop decision
837,position_evaluated,RISHABH-EQ,hold,hold,True,target and post-trail stop decision
838,position_evaluated,RISHABH-EQ,hold,hold,True,target and post-trail stop decision
839,position_evaluated,RISHABH-EQ,hold,hold,True,target and post-trail stop decision
840,position_evaluated,RISHABH-EQ,hold,hold,True,target and post-trail stop decision
841,position_evaluated,RISHABH-EQ,hold,hold,True,target and post-trail stop decision
842,position_evaluated,RISHABH-EQ,hold,hold,True,target and post-trail stop decision
843,position_evaluated,RISHABH-EQ,hold,hold,True,target and post-trail stop decision
844,position_evaluated,RISHABH-EQ,hold,hold,True,target and post-trail stop decision
845,position_evaluated,RISHABH-EQ,hold,hold,True,target and post-trail stop decision
846,position_evaluated,RISHABH-EQ,hold,hold,True,target and post-trail stop decision
847,position_evaluated,RISHABH-EQ,hold,hold,True,target and post-trail stop decision
848,position_evaluated,RISHABH-EQ,hold,hold,True,target and post-trail stop decision
849,position_evaluated,RISHABH-EQ,hold,hold,True,target and post-trail stop decision
850,position_evaluated,RISHABH-EQ,hold,hold,True,target and post-trail stop decision
851,position_evaluated,RISHABH-EQ,hold,hold,True,target and post-trail stop decision
852,position_evaluated,RISHABH-EQ,hold,hold,True,target and post-trail stop decision
853,position_evaluated,RISHABH-EQ,hold,hold,True,target and post-trail stop decision
854,position_evaluated,RISHABH-EQ,hold,hold,True,target and post-trail stop decision
855,position_evaluated,RISHABH-EQ,hold,hold,True,target and post-trail stop decision
856,position_evaluated,RISHABH-EQ,hold,hold,True,target and post-trail stop decision
857,position_evaluated,RISHABH-EQ,hold,hold,True,target and post-trail stop decision
858,position_evaluated,RISHABH-EQ,hold,hold,True,target and post-trail stop decision
859,position_evaluated,RISHABH-EQ,hold,hold,True,target and post-trail stop decision
860,position_evaluated,RISHABH-EQ,hold,hold,True,target and post-trail stop decision
861,position_evaluated,RISHABH-EQ,hold,hold,True,target and post-trail stop decision
862,position_evaluated,RISHABH-EQ,hold,hold,True,target and post-trail stop decision
863,position_evaluated,RISHABH-EQ,hold,hold,True,target and post-trail stop decision
864,position_evaluated,RISHABH-EQ,hold,hold,True,target and post-trail stop decision
865,position_evaluated,RISHABH-EQ,hold,hold,True,target and post-trail stop decision
866,position_evaluated,RISHABH-EQ,hold,hold,True,target and post-trail stop decision
867,position_evaluated,RISHABH-EQ,hold,hold,True,target and post-trail stop decision
868,position_evaluated,RISHABH-EQ,hold,hold,True,target and post-trail stop decision
869,position_evaluated,RISHABH-EQ,hold,hold,True,target and post-trail stop decision
870,position_evaluated,RISHABH-EQ,hold,hold,True,target and post-trail stop decision
871,position_evaluated,RISHABH-EQ,hold,hold,True,target and post-trail stop decision
872,position_evaluated,RISHABH-EQ,hold,hold,True,target and post-trail stop decision
873,position_evaluated,RISHABH-EQ,hold,hold,True,target and post-trail stop decision
874,position_evaluated,RISHABH-EQ,hold,hold,True,target and post-trail stop decision
875,position_evaluated,RISHABH-EQ,hold,hold,True,target and post-trail stop decision
876,position_evaluated,RISHABH-EQ,hold,hold,True,target and post-trail stop decision
877,position_evaluated,RISHABH-EQ,hold,hold,True,target and post-trail stop decision
878,position_evaluated,RISHABH-EQ,hold,hold,True,target and post-trail stop decision
879,position_evaluated,RISHABH-EQ,hold,hold,True,target and post-trail stop decision
880,position_evaluated,RISHABH-EQ,hold,hold,True,target and post-trail stop decision
881,position_evaluated,RISHABH-EQ,hold,hold,True,target and post-trail stop decision
882,position_evaluated,RISHABH-EQ,hold,hold,True,target and post-trail stop decision
883,position_evaluated,RISHABH-EQ,hold,hold,True,target and post-trail stop decision
884,position_evaluated,RISHABH-EQ,hold,hold,True,target and post-trail stop decision
885,position_evaluated,RISHABH-EQ,hold,hold,True,target and post-trail stop decision
886,position_evaluated,RISHABH-EQ,hold,hold,True,target and post-trail stop decision
887,position_evaluated,RISHABH-EQ,hold,hold,True,target and post-trail stop decision
888,position_evaluated,RISHABH-EQ,hold,hold,True,target and post-trail stop decision
889,position_evaluated,RISHABH-EQ,hold,hold,True,target and post-trail stop decision
890,position_evaluated,RISHABH-EQ,hold,hold,True,target and post-trail stop decision
891,position_evaluated,RISHABH-EQ,hold,hold,True,target and post-trail stop decision
892,position_evaluated,RISHABH-EQ,hold,hold,True,target and post-trail stop decision
893,position_evaluated,RISHABH-EQ,hold,hold,True,target and post-trail stop decision
894,position_evaluated,RISHABH-EQ,hold,hold,True,target and post-trail stop decision
895,position_evaluated,RISHABH-EQ,hold,hold,True,target and post-trail stop decision
896,position_evaluated,RISHABH-EQ,hold,hold,True,target and post-trail stop decision
897,position_evaluated,RISHABH-EQ,hold,hold,True,target and post-trail stop decision
898,position_evaluated,RISHABH-EQ,hold,hold,True,target and post-trail stop decision
899,position_evaluated,RISHABH-EQ,hold,hold,True,target and post-trail stop decision
900,position_evaluated,RISHABH-EQ,hold,hold,True,target and post-trail stop decision
901,position_evaluated,RISHABH-EQ,hold,hold,True,target and post-trail stop decision
902,position_evaluated,RISHABH-EQ,hold,hold,True,target and post-trail stop decision
903,position_evaluated,RISHABH-EQ,hold,hold,True,target and post-trail stop decision
904,position_evaluated,RISHABH-EQ,hold,hold,True,target and post-trail stop decision
905,position_evaluated,RISHABH-EQ,hold,hold,True,target and post-trail stop decision
906,position_evaluated,RISHABH-EQ,hold,hold,True,target and post-trail stop decision
907,position_evaluated,RISHABH-EQ,hold,hold,True,target and post-trail stop decision
908,position_evaluated,RISHABH-EQ,hold,hold,True,target and post-trail stop decision
909,position_evaluated,RISHABH-EQ,hold,hold,True,target and post-trail stop decision
910,position_evaluated,RISHABH-EQ,hold,hold,True,target and post-trail stop decision
911,position_evaluated,RISHABH-EQ,hold,hold,True,target and post-trail stop decision
912,position_evaluated,RISHABH-EQ,hold,hold,True,target and post-trail stop decision
913,position_evaluated,RISHABH-EQ,hold,hold,True,target and post-trail stop decision
914,position_evaluated,RISHABH-EQ,hold,hold,True,target and post-trail stop decision
915,position_evaluated,RISHABH-EQ,hold,hold,True,target and post-trail stop decision
916,position_evaluated,RISHABH-EQ,hold,hold,True,target and post-trail stop decision
917,position_evaluated,RISHABH-EQ,hold,hold,True,target and post-trail stop decision
918,position_evaluated,RISHABH-EQ,hold,hold,True,target and post-trail stop decision
919,position_evaluated,RISHABH-EQ,hold,hold,True,target and post-trail stop decision
920,position_evaluated,RISHABH-EQ,hold,hold,True,target and post-trail stop decision
921,position_evaluated,RISHABH-EQ,hold,hold,True,target and post-trail stop decision
922,position_evaluated,RISHABH-EQ,hold,hold,True,target and post-trail stop decision
923,position_evaluated,RISHABH-EQ,hold,hold,True,target and post-trail stop decision
924,position_evaluated,RISHABH-EQ,hold,hold,True,target and post-trail stop decision
925,position_evaluated,RISHABH-EQ,hold,hold,True,target and post-trail stop decision
926,position_evaluated,RISHABH-EQ,hold,hold,True,target and post-trail stop decision
927,position_evaluated,RISHABH-EQ,hold,hold,True,target and post-trail stop decision
928,position_evaluated,RISHABH-EQ,hold,hold,True,target and post-trail stop decision
929,position_evaluated,RISHABH-EQ,hold,hold,True,target and post-trail stop decision
930,position_evaluated,RISHABH-EQ,hold,hold,True,target and post-trail stop decision
931,position_evaluated,RISHABH-EQ,hold,hold,True,target and post-trail stop decision
932,position_evaluated,RISHABH-EQ,hold,hold,True,target and post-trail stop decision
933,position_evaluated,RISHABH-EQ,hold,hold,True,target and post-trail stop decision
934,position_evaluated,RISHABH-EQ,hold,hold,True,target and post-trail stop decision
935,position_evaluated,RISHABH-EQ,hold,hold,True,target and post-trail stop decision
936,position_evaluated,RISHABH-EQ,hold,hold,True,target and post-trail stop decision
937,position_evaluated,RISHABH-EQ,hold,hold,True,target and post-trail stop decision
938,position_evaluated,RISHABH-EQ,hold,hold,True,target and post-trail stop decision
939,position_evaluated,RISHABH-EQ,hold,hold,True,target and post-trail stop decision
940,position_evaluated,RISHABH-EQ,hold,hold,True,target and post-trail stop decision
941,position_evaluated,RISHABH-EQ,hold,hold,True,target and post-trail stop decision
942,position_evaluated,RISHABH-EQ,hold,hold,True,target and post-trail stop decision
943,position_evaluated,RISHABH-EQ,hold,hold,True,target and post-trail stop decision
944,position_evaluated,RISHABH-EQ,hold,hold,True,target and post-trail stop decision
945,position_evaluated,RISHABH-EQ,hold,hold,True,target and post-trail stop decision
946,position_evaluated,RISHABH-EQ,hold,hold,True,target and post-trail stop decision
947,position_evaluated,RISHABH-EQ,hold,hold,True,target and post-trail stop decision
948,position_evaluated,RISHABH-EQ,hold,hold,True,target and post-trail stop decision
949,position_evaluated,RISHABH-EQ,hold,hold,True,target and post-trail stop decision
950,position_evaluated,RISHABH-EQ,hold,hold,True,target and post-trail stop decision
951,position_evaluated,RISHABH-EQ,hold,hold,True,target and post-trail stop decision
952,position_evaluated,RISHABH-EQ,hold,hold,True,target and post-trail stop decision
953,position_evaluated,RISHABH-EQ,hold,hold,True,target and post-trail stop decision
954,position_evaluated,RISHABH-EQ,hold,hold,True,target and post-trail stop decision
955,position_evaluated,RISHABH-EQ,hold,hold,True,target and post-trail stop decision
956,position_evaluated,RISHABH-EQ,hold,hold,True,target and post-trail stop decision
957,position_evaluated,RISHABH-EQ,hold,hold,True,target and post-trail stop decision
958,position_evaluated,RISHABH-EQ,hold,hold,True,target and post-trail stop decision
959,position_evaluated,RISHABH-EQ,hold,hold,True,target and post-trail stop decision
960,position_evaluated,RISHABH-EQ,hold,hold,True,target and post-trail stop decision
961,position_evaluated,RISHABH-EQ,hold,hold,True,target and post-trail stop decision
962,position_evaluated,RISHABH-EQ,hold,hold,True,target and post-trail stop decision
963,position_evaluated,RISHABH-EQ,hold,hold,True,target and post-trail stop decision
964,position_evaluated,RISHABH-EQ,hold,hold,True,target and post-trail stop decision
965,position_evaluated,RISHABH-EQ,hold,hold,True,target and post-trail stop decision
966,position_evaluated,RISHABH-EQ,hold,hold,True,target and post-trail stop decision
967,position_evaluated,RISHABH-EQ,hold,hold,True,target and post-trail stop decision
968,position_evaluated,RISHABH-EQ,hold,hold,True,target and post-trail stop decision
969,position_evaluated,RISHABH-EQ,hold,hold,True,target and post-trail stop decision
970,position_evaluated,RISHABH-EQ,hold,hold,True,target and post-trail stop decision
971,position_evaluated,RISHABH-EQ,hold,hold,True,target and post-trail stop decision
972,position_evaluated,RISHABH-EQ,hold,hold,True,target and post-trail stop decision
973,position_evaluated,RISHABH-EQ,hold,hold,True,target and post-trail stop decision
974,position_evaluated,RISHABH-EQ,hold,hold,True,target and post-trail stop decision
975,position_evaluated,RISHABH-EQ,hold,hold,True,target and post-trail stop decision
976,position_evaluated,RISHABH-EQ,hold,hold,True,target and post-trail stop decision
977,position_evaluated,RISHABH-EQ,hold,hold,True,target and post-trail stop decision
978,position_evaluated,RISHABH-EQ,hold,hold,True,target and post-trail stop decision
979,position_evaluated,RISHABH-EQ,hold,hold,True,target and post-trail stop decision
980,position_evaluated,RISHABH-EQ,hold,hold,True,target and post-trail stop decision
981,position_evaluated,RISHABH-EQ,hold,hold,True,target and post-trail stop decision
982,position_evaluated,RISHABH-EQ,hold,hold,True,target and post-trail stop decision
983,position_evaluated,RISHABH-EQ,hold,hold,True,target and post-trail stop decision
984,position_evaluated,RISHABH-EQ,hold,hold,True,target and post-trail stop decision
985,position_evaluated,RISHABH-EQ,hold,hold,True,target and post-trail stop decision
986,position_evaluated,RISHABH-EQ,hold,hold,True,target and post-trail stop decision
987,position_evaluated,RISHABH-EQ,hold,hold,True,target and post-trail stop decision
988,position_evaluated,RISHABH-EQ,hold,hold,True,target and post-trail stop decision
989,position_evaluated,RISHABH-EQ,hold,hold,True,target and post-trail stop decision
990,position_evaluated,RISHABH-EQ,hold,hold,True,target and post-trail stop decision
991,position_evaluated,RISHABH-EQ,hold,hold,True,target and post-trail stop decision
992,position_evaluated,RISHABH-EQ,hold,hold,True,target and post-trail stop decision
993,position_evaluated,RISHABH-EQ,hold,hold,True,target and post-trail stop decision
994,position_evaluated,RISHABH-EQ,hold,hold,True,target and post-trail stop decision
995,position_evaluated,RISHABH-EQ,hold,hold,True,target and post-trail stop decision
996,position_evaluated,RISHABH-EQ,hold,hold,True,target and post-trail stop decision
997,position_evaluated,RISHABH-EQ,hold,hold,True,target and post-trail stop decision
998,position_evaluated,RISHABH-EQ,hold,hold,True,target and post-trail stop decision
999,position_evaluated,RISHABH-EQ,hold,hold,True,target and post-trail stop decision
1000,position_evaluated,RISHABH-EQ,hold,hold,True,target and post-trail stop decision
1001,position_evaluated,RISHABH-EQ,hold,hold,True,target and post-trail stop decision
1002,position_evaluated,RISHABH-EQ,hold,hold,True,target and post-trail stop decision
1003,position_evaluated,RISHABH-EQ,hold,hold,True,target and post-trail stop decision
1004,position_evaluated,RISHABH-EQ,hold,hold,True,target and post-trail stop decision
1005,position_evaluated,RISHABH-EQ,hold,hold,True,target and post-trail stop decision
1006,position_evaluated,RISHABH-EQ,hold,hold,True,target and post-trail stop decision
1007,position_evaluated,RISHABH-EQ,hold,hold,True,target and post-trail stop decision
1008,position_evaluated,RISHABH-EQ,hold,hold,True,target and post-trail stop decision
1009,position_evaluated,RISHABH-EQ,hold,hold,True,target and post-trail stop decision
1010,position_evaluated,RISHABH-EQ,hold,hold,True,target and post-trail stop decision
1011,position_evaluated,RISHABH-EQ,hold,hold,True,target and post-trail stop decision
1012,position_evaluated,RISHABH-EQ,hold,hold,True,target and post-trail stop decision
1013,position_evaluated,RISHABH-EQ,hold,hold,True,target and post-trail stop decision
1014,position_evaluated,RISHABH-EQ,hold,hold,True,target and post-trail stop decision
1015,position_evaluated,RISHABH-EQ,hold,hold,True,target and post-trail stop decision
1016,position_evaluated,RISHABH-EQ,hold,hold,True,target and post-trail stop decision
1017,position_evaluated,RISHABH-EQ,hold,hold,True,target and post-trail stop decision
1018,position_evaluated,RISHABH-EQ,hold,hold,True,target and post-trail stop decision
1019,position_evaluated,RISHABH-EQ,hold,hold,True,target and post-trail stop decision
1020,position_evaluated,RISHABH-EQ,hold,hold,True,target and post-trail stop decision
1021,position_evaluated,RISHABH-EQ,hold,hold,True,target and post-trail stop decision
1022,position_evaluated,RISHABH-EQ,hold,hold,True,target and post-trail stop decision
1023,position_evaluated,RISHABH-EQ,hold,hold,True,target and post-trail stop decision
1024,position_evaluated,RISHABH-EQ,hold,hold,True,target and post-trail stop decision
1025,position_evaluated,RISHABH-EQ,hold,hold,True,target and post-trail stop decision
1026,position_evaluated,RISHABH-EQ,hold,hold,True,target and post-trail stop decision
1027,position_evaluated,RISHABH-EQ,hold,hold,True,target and post-trail stop decision
1028,position_evaluated,RISHABH-EQ,hold,hold,True,target and post-trail stop decision
1029,position_evaluated,RISHABH-EQ,hold,hold,True,target and post-trail stop decision
1030,position_evaluated,RISHABH-EQ,hold,hold,True,target and post-trail stop decision
1031,position_evaluated,RISHABH-EQ,hold,hold,True,target and post-trail stop decision
1032,position_evaluated,RISHABH-EQ,hold,hold,True,target and post-trail stop decision
1033,position_evaluated,RISHABH-EQ,hold,hold,True,target and post-trail stop decision
1034,position_evaluated,RISHABH-EQ,hold,hold,True,target and post-trail stop decision
1035,position_evaluated,RISHABH-EQ,hold,hold,True,target and post-trail stop decision
1036,position_evaluated,RISHABH-EQ,hold,hold,True,target and post-trail stop decision
1037,position_evaluated,RISHABH-EQ,hold,hold,True,target and post-trail stop decision
1038,position_evaluated,RISHABH-EQ,hold,hold,True,target and post-trail stop decision
1039,position_evaluated,RISHABH-EQ,hold,hold,True,target and post-trail stop decision
1040,position_evaluated,RISHABH-EQ,hold,hold,True,target and post-trail stop decision
1041,position_evaluated,RISHABH-EQ,hold,hold,True,target and post-trail stop decision
1042,position_evaluated,RISHABH-EQ,hold,hold,True,target and post-trail stop decision
1043,position_evaluated,RISHABH-EQ,hold,hold,True,target and post-trail stop decision
1044,position_evaluated,RISHABH-EQ,hold,hold,True,target and post-trail stop decision
1045,position_evaluated,RISHABH-EQ,hold,hold,True,target and post-trail stop decision
1046,position_evaluated,RISHABH-EQ,hold,hold,True,target and post-trail stop decision
1047,position_evaluated,RISHABH-EQ,hold,hold,True,target and post-trail stop decision
1048,position_evaluated,RISHABH-EQ,hold,hold,True,target and post-trail stop decision
1049,position_evaluated,RISHABH-EQ,hold,hold,True,target and post-trail stop decision
1050,position_evaluated,RISHABH-EQ,hold,hold,True,target and post-trail stop decision
1051,position_evaluated,RISHABH-EQ,hold,hold,True,target and post-trail stop decision
1052,position_evaluated,RISHABH-EQ,hold,hold,True,target and post-trail stop decision
1053,position_evaluated,RISHABH-EQ,hold,hold,True,target and post-trail stop decision
1054,position_evaluated,RISHABH-EQ,hold,hold,True,target and post-trail stop decision
1055,position_evaluated,RISHABH-EQ,hold,hold,True,target and post-trail stop decision
1056,position_evaluated,RISHABH-EQ,hold,hold,True,target and post-trail stop decision
1057,position_evaluated,RISHABH-EQ,hold,hold,True,target and post-trail stop decision
1058,position_evaluated,RISHABH-EQ,hold,hold,True,target and post-trail stop decision
1059,position_evaluated,RISHABH-EQ,hold,hold,True,target and post-trail stop decision
1060,position_evaluated,RISHABH-EQ,hold,hold,True,target and post-trail stop decision
1061,position_evaluated,RISHABH-EQ,hold,hold,True,target and post-trail stop decision
1062,position_evaluated,RISHABH-EQ,hold,hold,True,target and post-trail stop decision
1063,position_evaluated,RISHABH-EQ,hold,hold,True,target and post-trail stop decision
1064,position_evaluated,RISHABH-EQ,hold,hold,True,target and post-trail stop decision
1065,position_evaluated,RISHABH-EQ,hold,hold,True,target and post-trail stop decision
1066,position_evaluated,RISHABH-EQ,hold,hold,True,target and post-trail stop decision
1067,position_evaluated,RISHABH-EQ,hold,hold,True,target and post-trail stop decision
1068,position_evaluated,RISHABH-EQ,hold,hold,True,target and post-trail stop decision
1069,position_evaluated,RISHABH-EQ,hold,hold,True,target and post-trail stop decision
1070,position_evaluated,RISHABH-EQ,hold,hold,True,target and post-trail stop decision
1071,position_evaluated,RISHABH-EQ,hold,hold,True,target and post-trail stop decision
1072,position_evaluated,RISHABH-EQ,hold,hold,True,target and post-trail stop decision
1073,position_evaluated,RISHABH-EQ,hold,hold,True,target and post-trail stop decision
1074,position_evaluated,RISHABH-EQ,hold,hold,True,target and post-trail stop decision
1075,position_evaluated,RISHABH-EQ,hold,hold,True,target and post-trail stop decision
1076,position_evaluated,RISHABH-EQ,hold,hold,True,target and post-trail stop decision
1077,position_evaluated,RISHABH-EQ,hold,hold,True,target and post-trail stop decision
1078,position_evaluated,RISHABH-EQ,hold,hold,True,target and post-trail stop decision
1079,position_evaluated,RISHABH-EQ,hold,hold,True,target and post-trail stop decision
1080,position_evaluated,RISHABH-EQ,hold,hold,True,target and post-trail stop decision
1081,position_evaluated,RISHABH-EQ,hold,hold,True,target and post-trail stop decision
1082,position_evaluated,RISHABH-EQ,hold,hold,True,target and post-trail stop decision
1083,position_evaluated,RISHABH-EQ,hold,hold,True,target and post-trail stop decision
1084,position_evaluated,RISHABH-EQ,hold,hold,True,target and post-trail stop decision
1085,position_evaluated,RISHABH-EQ,hold,hold,True,target and post-trail stop decision
1086,position_evaluated,RISHABH-EQ,hold,hold,True,target and post-trail stop decision
1087,position_evaluated,RISHABH-EQ,hold,hold,True,target and post-trail stop decision
1088,position_evaluated,RISHABH-EQ,hold,hold,True,target and post-trail stop decision
1089,position_evaluated,RISHABH-EQ,hold,hold,True,target and post-trail stop decision
1090,position_evaluated,RISHABH-EQ,hold,hold,True,target and post-trail stop decision
1091,position_evaluated,RISHABH-EQ,hold,hold,True,target and post-trail stop decision
1092,position_evaluated,RISHABH-EQ,hold,hold,True,target and post-trail stop decision
1093,position_evaluated,RISHABH-EQ,hold,hold,True,target and post-trail stop decision
1094,position_evaluated,RISHABH-EQ,hold,hold,True,target and post-trail stop decision
1095,position_evaluated,RISHABH-EQ,hold,hold,True,target and post-trail stop decision
1096,position_evaluated,RISHABH-EQ,hold,hold,True,target and post-trail stop decision
1097,position_evaluated,RISHABH-EQ,hold,hold,True,target and post-trail stop decision
1098,position_evaluated,RISHABH-EQ,hold,hold,True,target and post-trail stop decision
1099,position_evaluated,RISHABH-EQ,hold,hold,True,target and post-trail stop decision
1100,position_evaluated,RISHABH-EQ,hold,hold,True,target and post-trail stop decision
1101,position_evaluated,RISHABH-EQ,hold,hold,True,target and post-trail stop decision
1102,position_evaluated,RISHABH-EQ,hold,hold,True,target and post-trail stop decision
1103,position_evaluated,RISHABH-EQ,hold,hold,True,target and post-trail stop decision
1104,position_evaluated,RISHABH-EQ,hold,hold,True,target and post-trail stop decision
1105,position_evaluated,RISHABH-EQ,hold,hold,True,target and post-trail stop decision
1106,position_evaluated,RISHABH-EQ,hold,hold,True,target and post-trail stop decision
1107,position_evaluated,RISHABH-EQ,hold,hold,True,target and post-trail stop decision
1108,position_evaluated,RISHABH-EQ,hold,hold,True,target and post-trail stop decision
1109,position_evaluated,RISHABH-EQ,hold,hold,True,target and post-trail stop decision
1110,position_evaluated,RISHABH-EQ,hold,hold,True,target and post-trail stop decision
1111,position_evaluated,RISHABH-EQ,hold,hold,True,target and post-trail stop decision
1112,position_evaluated,RISHABH-EQ,hold,hold,True,target and post-trail stop decision
1113,position_evaluated,RISHABH-EQ,hold,hold,True,target and post-trail stop decision
1114,position_evaluated,RISHABH-EQ,hold,hold,True,target and post-trail stop decision
1115,position_evaluated,RISHABH-EQ,hold,hold,True,target and post-trail stop decision
1116,position_evaluated,RISHABH-EQ,hold,hold,True,target and post-trail stop decision
1117,position_evaluated,RISHABH-EQ,hold,hold,True,target and post-trail stop decision
1118,position_evaluated,RISHABH-EQ,hold,hold,True,target and post-trail stop decision
1119,position_evaluated,RISHABH-EQ,hold,hold,True,target and post-trail stop decision
1120,position_evaluated,RISHABH-EQ,hold,hold,True,target and post-trail stop decision
1121,position_evaluated,RISHABH-EQ,hold,hold,True,target and post-trail stop decision
1122,position_evaluated,RISHABH-EQ,hold,hold,True,target and post-trail stop decision
1123,position_evaluated,RISHABH-EQ,hold,hold,True,target and post-trail stop decision
1124,position_evaluated,RISHABH-EQ,hold,hold,True,target and post-trail stop decision
1125,position_evaluated,RISHABH-EQ,hold,hold,True,target and post-trail stop decision
1126,position_evaluated,RISHABH-EQ,hold,hold,True,target and post-trail stop decision
1127,position_evaluated,RISHABH-EQ,hold,hold,True,target and post-trail stop decision
1128,position_evaluated,RISHABH-EQ,hold,hold,True,target and post-trail stop decision
1129,position_evaluated,RISHABH-EQ,hold,hold,True,target and post-trail stop decision
1130,position_evaluated,RISHABH-EQ,hold,hold,True,target and post-trail stop decision
1131,position_evaluated,RISHABH-EQ,hold,hold,True,target and post-trail stop decision
1132,position_evaluated,RISHABH-EQ,hold,hold,True,target and post-trail stop decision
1133,position_evaluated,RISHABH-EQ,hold,hold,True,target and post-trail stop decision
1134,position_evaluated,RISHABH-EQ,hold,hold,True,target and post-trail stop decision
1135,position_evaluated,RISHABH-EQ,hold,hold,True,target and post-trail stop decision
1136,position_evaluated,RISHABH-EQ,hold,hold,True,target and post-trail stop decision
1137,position_evaluated,RISHABH-EQ,hold,hold,True,target and post-trail stop decision
1138,position_evaluated,RISHABH-EQ,hold,hold,True,target and post-trail stop decision
1139,position_evaluated,RISHABH-EQ,hold,hold,True,target and post-trail stop decision
1140,position_evaluated,RISHABH-EQ,hold,hold,True,target and post-trail stop decision
1141,position_evaluated,RISHABH-EQ,hold,hold,True,target and post-trail stop decision
1142,position_evaluated,RISHABH-EQ,hold,hold,True,target and post-trail stop decision
1143,position_evaluated,RISHABH-EQ,hold,hold,True,target and post-trail stop decision
1144,position_evaluated,RISHABH-EQ,hold,hold,True,target and post-trail stop decision
1145,position_evaluated,RISHABH-EQ,hold,hold,True,target and post-trail stop decision
1146,position_evaluated,RISHABH-EQ,hold,hold,True,target and post-trail stop decision
1147,position_evaluated,RISHABH-EQ,hold,hold,True,target and post-trail stop decision
1148,position_evaluated,RISHABH-EQ,hold,hold,True,target and post-trail stop decision
1149,position_evaluated,RISHABH-EQ,hold,hold,True,target and post-trail stop decision
1150,position_evaluated,RISHABH-EQ,hold,hold,True,target and post-trail stop decision
1151,position_evaluated,RISHABH-EQ,hold,hold,True,target and post-trail stop decision
1152,position_evaluated,RISHABH-EQ,hold,hold,True,target and post-trail stop decision
1153,position_evaluated,RISHABH-EQ,hold,hold,True,target and post-trail stop decision
1154,position_evaluated,RISHABH-EQ,hold,hold,True,target and post-trail stop decision
1155,position_evaluated,RISHABH-EQ,hold,hold,True,target and post-trail stop decision
1156,position_evaluated,RISHABH-EQ,hold,hold,True,target and post-trail stop decision
1157,position_evaluated,RISHABH-EQ,hold,hold,True,target and post-trail stop decision
1158,position_evaluated,RISHABH-EQ,hold,hold,True,target and post-trail stop decision
1159,position_evaluated,RISHABH-EQ,hold,hold,True,target and post-trail stop decision
1160,position_evaluated,RISHABH-EQ,hold,hold,True,target and post-trail stop decision
1161,position_evaluated,RISHABH-EQ,hold,hold,True,target and post-trail stop decision
1162,position_evaluated,RISHABH-EQ,hold,hold,True,target and post-trail stop decision
1163,position_evaluated,RISHABH-EQ,hold,hold,True,target and post-trail stop decision
1164,position_evaluated,RISHABH-EQ,hold,hold,True,target and post-trail stop decision
1165,position_evaluated,RISHABH-EQ,hold,hold,True,target and post-trail stop decision
1166,position_evaluated,RISHABH-EQ,hold,hold,True,target and post-trail stop decision
1167,position_evaluated,RISHABH-EQ,hold,hold,True,target and post-trail stop decision
1168,position_evaluated,RISHABH-EQ,hold,hold,True,target and post-trail stop decision
1169,position_evaluated,RISHABH-EQ,hold,hold,True,target and post-trail stop decision
1170,position_evaluated,RISHABH-EQ,hold,hold,True,target and post-trail stop decision
1171,position_evaluated,RISHABH-EQ,hold,hold,True,target and post-trail stop decision
1172,position_evaluated,RISHABH-EQ,hold,hold,True,target and post-trail stop decision
1173,position_evaluated,RISHABH-EQ,hold,hold,True,target and post-trail stop decision
1174,position_evaluated,RISHABH-EQ,hold,hold,True,target and post-trail stop decision
1175,position_evaluated,RISHABH-EQ,hold,hold,True,target and post-trail stop decision
1176,position_evaluated,RISHABH-EQ,hold,hold,True,target and post-trail stop decision
1177,position_evaluated,RISHABH-EQ,hold,hold,True,target and post-trail stop decision
1178,position_evaluated,RISHABH-EQ,hold,hold,True,target and post-trail stop decision
1179,position_evaluated,RISHABH-EQ,hold,hold,True,target and post-trail stop decision
1180,position_evaluated,RISHABH-EQ,hold,hold,True,target and post-trail stop decision
1181,position_evaluated,RISHABH-EQ,hold,hold,True,target and post-trail stop decision
1182,position_evaluated,RISHABH-EQ,hold,hold,True,target and post-trail stop decision
1183,position_evaluated,RISHABH-EQ,hold,hold,True,target and post-trail stop decision
1184,position_evaluated,RISHABH-EQ,hold,hold,True,target and post-trail stop decision
1185,position_evaluated,RISHABH-EQ,hold,hold,True,target and post-trail stop decision
1186,position_evaluated,RISHABH-EQ,hold,hold,True,target and post-trail stop decision
1187,position_evaluated,RISHABH-EQ,hold,hold,True,target and post-trail stop decision
1188,position_evaluated,RISHABH-EQ,hold,hold,True,target and post-trail stop decision
1189,position_evaluated,RISHABH-EQ,hold,hold,True,target and post-trail stop decision
1190,position_evaluated,RISHABH-EQ,hold,hold,True,target and post-trail stop decision
1191,position_evaluated,RISHABH-EQ,hold,hold,True,target and post-trail stop decision
1192,position_evaluated,RISHABH-EQ,hold,hold,True,target and post-trail stop decision
1193,position_evaluated,RISHABH-EQ,hold,hold,True,target and post-trail stop decision
1194,position_evaluated,RISHABH-EQ,hold,hold,True,target and post-trail stop decision
1195,position_evaluated,RISHABH-EQ,hold,hold,True,target and post-trail stop decision
1196,position_evaluated,RISHABH-EQ,hold,hold,True,target and post-trail stop decision
1197,position_evaluated,RISHABH-EQ,hold,hold,True,target and post-trail stop decision
1198,position_evaluated,RISHABH-EQ,hold,hold,True,target and post-trail stop decision
1199,position_evaluated,RISHABH-EQ,hold,hold,True,target and post-trail stop decision
1200,position_evaluated,RISHABH-EQ,hold,hold,True,target and post-trail stop decision
1201,position_evaluated,RISHABH-EQ,hold,hold,True,target and post-trail stop decision
1202,position_evaluated,RISHABH-EQ,hold,hold,True,target and post-trail stop decision
1203,position_evaluated,RISHABH-EQ,hold,hold,True,target and post-trail stop decision
1204,position_evaluated,RISHABH-EQ,hold,hold,True,target and post-trail stop decision
1205,position_evaluated,RISHABH-EQ,hold,hold,True,target and post-trail stop decision
1206,position_evaluated,RISHABH-EQ,hold,hold,True,target and post-trail stop decision
1207,position_evaluated,RISHABH-EQ,hold,hold,True,target and post-trail stop decision
1208,position_evaluated,RISHABH-EQ,hold,hold,True,target and post-trail stop decision
1209,position_evaluated,RISHABH-EQ,hold,hold,True,target and post-trail stop decision
1210,position_evaluated,RISHABH-EQ,hold,hold,True,target and post-trail stop decision
1211,position_evaluated,RISHABH-EQ,hold,hold,True,target and post-trail stop decision
1212,position_evaluated,RISHABH-EQ,hold,hold,True,target and post-trail stop decision
1213,position_evaluated,RISHABH-EQ,hold,hold,True,target and post-trail stop decision
1214,position_evaluated,RISHABH-EQ,hold,hold,True,target and post-trail stop decision
1215,position_evaluated,RISHABH-EQ,hold,hold,True,target and post-trail stop decision
1216,position_evaluated,RISHABH-EQ,hold,hold,True,target and post-trail stop decision
1217,position_evaluated,RISHABH-EQ,hold,hold,True,target and post-trail stop decision
1218,position_evaluated,RISHABH-EQ,hold,hold,True,target and post-trail stop decision
1219,position_evaluated,RISHABH-EQ,hold,hold,True,target and post-trail stop decision
1220,position_evaluated,RISHABH-EQ,hold,hold,True,target and post-trail stop decision
1221,position_evaluated,RISHABH-EQ,hold,hold,True,target and post-trail stop decision
1222,position_evaluated,RISHABH-EQ,hold,hold,True,target and post-trail stop decision
1223,position_evaluated,RISHABH-EQ,hold,hold,True,target and post-trail stop decision
1224,position_evaluated,RISHABH-EQ,hold,hold,True,target and post-trail stop decision
1225,position_evaluated,RISHABH-EQ,hold,hold,True,target and post-trail stop decision
1226,position_evaluated,RISHABH-EQ,hold,hold,True,target and post-trail stop decision
1227,position_evaluated,RISHABH-EQ,hold,hold,True,target and post-trail stop decision
1228,position_evaluated,RISHABH-EQ,hold,hold,True,target and post-trail stop decision
1229,position_evaluated,RISHABH-EQ,hold,hold,True,target and post-trail stop decision
1230,position_evaluated,RISHABH-EQ,hold,hold,True,target and post-trail stop decision
1231,position_evaluated,RISHABH-EQ,hold,hold,True,target and post-trail stop decision
1232,position_evaluated,RISHABH-EQ,hold,hold,True,target and post-trail stop decision
1233,position_evaluated,RISHABH-EQ,hold,hold,True,target and post-trail stop decision
1234,position_evaluated,RISHABH-EQ,hold,hold,True,target and post-trail stop decision
1235,position_evaluated,RISHABH-EQ,hold,hold,True,target and post-trail stop decision
1236,position_evaluated,RISHABH-EQ,hold,hold,True,target and post-trail stop decision
1237,position_evaluated,RISHABH-EQ,hold,hold,True,target and post-trail stop decision
1238,position_evaluated,RISHABH-EQ,hold,hold,True,target and post-trail stop decision
1239,position_evaluated,RISHABH-EQ,hold,hold,True,target and post-trail stop decision
1240,position_evaluated,RISHABH-EQ,hold,hold,True,target and post-trail stop decision
1241,position_evaluated,RISHABH-EQ,hold,hold,True,target and post-trail stop decision
1242,position_evaluated,RISHABH-EQ,hold,hold,True,target and post-trail stop decision
1243,position_evaluated,RISHABH-EQ,hold,hold,True,target and post-trail stop decision
1244,position_evaluated,RISHABH-EQ,hold,hold,True,target and post-trail stop decision
1245,position_evaluated,RISHABH-EQ,hold,hold,True,target and post-trail stop decision
1246,position_evaluated,RISHABH-EQ,hold,hold,True,target and post-trail stop decision
1247,position_evaluated,RISHABH-EQ,hold,hold,True,target and post-trail stop decision
1248,position_evaluated,RISHABH-EQ,hold,hold,True,target and post-trail stop decision
1249,position_evaluated,RISHABH-EQ,hold,hold,True,target and post-trail stop decision
1250,position_evaluated,RISHABH-EQ,hold,hold,True,target and post-trail stop decision
1251,position_evaluated,RISHABH-EQ,hold,hold,True,target and post-trail stop decision
1252,position_evaluated,RISHABH-EQ,hold,hold,True,target and post-trail stop decision
1253,position_evaluated,RISHABH-EQ,hold,hold,True,target and post-trail stop decision
1254,position_evaluated,RISHABH-EQ,hold,hold,True,target and post-trail stop decision
1255,position_evaluated,RISHABH-EQ,hold,hold,True,target and post-trail stop decision
1256,position_evaluated,RISHABH-EQ,hold,hold,True,target and post-trail stop decision
1257,position_evaluated,RISHABH-EQ,hold,hold,True,target and post-trail stop decision
1258,position_evaluated,RISHABH-EQ,hold,hold,True,target and post-trail stop decision
1259,position_evaluated,RISHABH-EQ,hold,hold,True,target and post-trail stop decision
1260,position_evaluated,RISHABH-EQ,hold,hold,True,target and post-trail stop decision
1261,position_evaluated,RISHABH-EQ,hold,hold,True,target and post-trail stop decision
1262,position_evaluated,RISHABH-EQ,hold,hold,True,target and post-trail stop decision
1263,position_evaluated,RISHABH-EQ,hold,hold,True,target and post-trail stop decision
1264,position_evaluated,RISHABH-EQ,hold,hold,True,target and post-trail stop decision
1265,position_evaluated,RISHABH-EQ,hold,hold,True,target and post-trail stop decision
1266,position_evaluated,RISHABH-EQ,hold,hold,True,target and post-trail stop decision
1267,position_evaluated,RISHABH-EQ,hold,hold,True,target and post-trail stop decision
1268,position_evaluated,RISHABH-EQ,hold,hold,True,target and post-trail stop decision
1269,position_evaluated,RISHABH-EQ,hold,hold,True,target and post-trail stop decision
1270,position_evaluated,RISHABH-EQ,hold,hold,True,target and post-trail stop decision
1271,position_evaluated,RISHABH-EQ,hold,hold,True,target and post-trail stop decision
1272,position_evaluated,RISHABH-EQ,hold,hold,True,target and post-trail stop decision
1273,position_evaluated,RISHABH-EQ,hold,hold,True,target and post-trail stop decision
1274,position_evaluated,RISHABH-EQ,hold,hold,True,target and post-trail stop decision
1275,position_evaluated,RISHABH-EQ,hold,hold,True,target and post-trail stop decision
1276,position_evaluated,RISHABH-EQ,hold,hold,True,target and post-trail stop decision
1277,position_evaluated,RISHABH-EQ,hold,hold,True,target and post-trail stop decision
1278,position_evaluated,RISHABH-EQ,hold,hold,True,target and post-trail stop decision
1279,position_evaluated,RISHABH-EQ,hold,hold,True,target and post-trail stop decision
1280,position_evaluated,RISHABH-EQ,hold,hold,True,target and post-trail stop decision
1281,position_evaluated,RISHABH-EQ,hold,hold,True,target and post-trail stop decision
1282,position_evaluated,RISHABH-EQ,hold,hold,True,target and post-trail stop decision
1283,position_evaluated,RISHABH-EQ,hold,hold,True,target and post-trail stop decision
1284,position_evaluated,RISHABH-EQ,hold,hold,True,target and post-trail stop decision
1285,position_evaluated,RISHABH-EQ,hold,hold,True,target and post-trail stop decision
1286,position_evaluated,RISHABH-EQ,hold,hold,True,target and post-trail stop decision
1287,position_evaluated,RISHABH-EQ,hold,hold,True,target and post-trail stop decision
1288,position_evaluated,RISHABH-EQ,hold,hold,True,target and post-trail stop decision
1289,position_evaluated,RISHABH-EQ,hold,hold,True,target and post-trail stop decision
1290,position_evaluated,RISHABH-EQ,hold,hold,True,target and post-trail stop decision
1291,position_evaluated,RISHABH-EQ,hold,hold,True,target and post-trail stop decision
1292,position_evaluated,RISHABH-EQ,hold,hold,True,target and post-trail stop decision
1293,position_evaluated,RISHABH-EQ,hold,hold,True,target and post-trail stop decision
1294,position_evaluated,RISHABH-EQ,hold,hold,True,target and post-trail stop decision
1295,position_evaluated,RISHABH-EQ,hold,hold,True,target and post-trail stop decision
1296,position_evaluated,RISHABH-EQ,hold,hold,True,target and post-trail stop decision
1297,position_evaluated,RISHABH-EQ,hold,hold,True,target and post-trail stop decision
1298,position_evaluated,RISHABH-EQ,hold,hold,True,target and post-trail stop decision
1299,position_evaluated,RISHABH-EQ,hold,hold,True,target and post-trail stop decision
1300,position_evaluated,RISHABH-EQ,hold,hold,True,target and post-trail stop decision
1301,position_evaluated,RISHABH-EQ,hold,hold,True,target and post-trail stop decision
1302,position_evaluated,RISHABH-EQ,hold,hold,True,target and post-trail stop decision
1303,position_evaluated,RISHABH-EQ,hold,hold,True,target and post-trail stop decision
1304,position_evaluated,RISHABH-EQ,hold,hold,True,target and post-trail stop decision
1305,position_evaluated,RISHABH-EQ,hold,hold,True,target and post-trail stop decision
1306,position_evaluated,RISHABH-EQ,hold,hold,True,target and post-trail stop decision
1307,position_evaluated,RISHABH-EQ,hold,hold,True,target and post-trail stop decision
1308,position_evaluated,RISHABH-EQ,hold,hold,True,target and post-trail stop decision
1309,position_evaluated,RISHABH-EQ,hold,hold,True,target and post-trail stop decision
1310,position_evaluated,RISHABH-EQ,hold,hold,True,target and post-trail stop decision
1311,position_evaluated,RISHABH-EQ,hold,hold,True,target and post-trail stop decision
1312,position_evaluated,RISHABH-EQ,hold,hold,True,target and post-trail stop decision
1313,position_evaluated,RISHABH-EQ,hold,hold,True,target and post-trail stop decision
1314,position_evaluated,RISHABH-EQ,hold,hold,True,target and post-trail stop decision
1315,position_evaluated,RISHABH-EQ,hold,hold,True,target and post-trail stop decision
1316,position_evaluated,RISHABH-EQ,hold,hold,True,target and post-trail stop decision
1317,position_evaluated,RISHABH-EQ,hold,hold,True,target and post-trail stop decision
1318,position_evaluated,RISHABH-EQ,hold,hold,True,target and post-trail stop decision
1319,position_evaluated,RISHABH-EQ,hold,hold,True,target and post-trail stop decision
1320,position_evaluated,RISHABH-EQ,hold,hold,True,target and post-trail stop decision
1321,position_evaluated,RISHABH-EQ,hold,hold,True,target and post-trail stop decision
1322,position_evaluated,RISHABH-EQ,hold,hold,True,target and post-trail stop decision
1323,position_evaluated,RISHABH-EQ,hold,hold,True,target and post-trail stop decision
1324,position_evaluated,RISHABH-EQ,hold,hold,True,target and post-trail stop decision
1325,position_evaluated,RISHABH-EQ,hold,hold,True,target and post-trail stop decision
1326,position_evaluated,RISHABH-EQ,hold,hold,True,target and post-trail stop decision
1327,position_evaluated,RISHABH-EQ,hold,hold,True,target and post-trail stop decision
1328,position_evaluated,RISHABH-EQ,hold,hold,True,target and post-trail stop decision
1329,position_evaluated,RISHABH-EQ,hold,hold,True,target and post-trail stop decision
1330,position_evaluated,RISHABH-EQ,hold,hold,True,target and post-trail stop decision
1331,position_evaluated,RISHABH-EQ,hold,hold,True,target and post-trail stop decision
1332,position_evaluated,RISHABH-EQ,hold,hold,True,target and post-trail stop decision
1333,position_evaluated,RISHABH-EQ,hold,hold,True,target and post-trail stop decision
1334,position_evaluated,RISHABH-EQ,hold,hold,True,target and post-trail stop decision
1335,position_evaluated,RISHABH-EQ,hold,hold,True,target and post-trail stop decision
1336,position_evaluated,RISHABH-EQ,hold,hold,True,target and post-trail stop decision
1337,position_evaluated,RISHABH-EQ,hold,hold,True,target and post-trail stop decision
1338,position_evaluated,RISHABH-EQ,hold,hold,True,target and post-trail stop decision
1339,position_evaluated,RISHABH-EQ,hold,hold,True,target and post-trail stop decision
1340,position_evaluated,RISHABH-EQ,hold,hold,True,target and post-trail stop decision
1341,position_evaluated,RISHABH-EQ,hold,hold,True,target and post-trail stop decision
1342,position_evaluated,RISHABH-EQ,hold,hold,True,target and post-trail stop decision
1343,position_evaluated,RISHABH-EQ,hold,hold,True,target and post-trail stop decision
1344,position_evaluated,RISHABH-EQ,hold,hold,True,target and post-trail stop decision
1345,position_evaluated,RISHABH-EQ,hold,hold,True,target and post-trail stop decision
1346,position_evaluated,RISHABH-EQ,hold,hold,True,target and post-trail stop decision
1347,position_evaluated,RISHABH-EQ,hold,hold,True,target and post-trail stop decision
1348,position_evaluated,RISHABH-EQ,hold,hold,True,target and post-trail stop decision
1349,position_evaluated,RISHABH-EQ,hold,hold,True,target and post-trail stop decision
1350,position_evaluated,RISHABH-EQ,hold,hold,True,target and post-trail stop decision
1351,position_evaluated,RISHABH-EQ,hold,hold,True,target and post-trail stop decision
1352,position_evaluated,RISHABH-EQ,hold,hold,True,target and post-trail stop decision
1353,position_evaluated,RISHABH-EQ,hold,hold,True,target and post-trail stop decision
1354,position_evaluated,RISHABH-EQ,hold,hold,True,target and post-trail stop decision
1355,position_evaluated,RISHABH-EQ,hold,hold,True,target and post-trail stop decision
1356,position_evaluated,RISHABH-EQ,hold,hold,True,target and post-trail stop decision
1357,position_evaluated,RISHABH-EQ,hold,hold,True,target and post-trail stop decision
1358,position_evaluated,RISHABH-EQ,hold,hold,True,target and post-trail stop decision
1359,position_evaluated,RISHABH-EQ,hold,hold,True,target and post-trail stop decision
1360,position_evaluated,RISHABH-EQ,hold,hold,True,target and post-trail stop decision
1361,position_evaluated,RISHABH-EQ,hold,hold,True,target and post-trail stop decision
1362,position_evaluated,RISHABH-EQ,hold,hold,True,target and post-trail stop decision
1363,position_evaluated,RISHABH-EQ,hold,hold,True,target and post-trail stop decision
1364,position_evaluated,RISHABH-EQ,hold,hold,True,target and post-trail stop decision
1365,position_evaluated,RISHABH-EQ,hold,hold,True,target and post-trail stop decision
1366,position_evaluated,RISHABH-EQ,hold,hold,True,target and post-trail stop decision
1367,position_evaluated,RISHABH-EQ,hold,hold,True,target and post-trail stop decision
1368,position_evaluated,RISHABH-EQ,hold,hold,True,target and post-trail stop decision
1369,position_evaluated,RISHABH-EQ,hold,hold,True,target and post-trail stop decision
1370,position_evaluated,RISHABH-EQ,hold,hold,True,target and post-trail stop decision
1371,position_evaluated,RISHABH-EQ,hold,hold,True,target and post-trail stop decision
1372,position_evaluated,RISHABH-EQ,hold,hold,True,target and post-trail stop decision
1373,position_evaluated,RISHABH-EQ,hold,hold,True,target and post-trail stop decision
1374,position_evaluated,RISHABH-EQ,hold,hold,True,target and post-trail stop decision
1375,position_evaluated,RISHABH-EQ,hold,hold,True,target and post-trail stop decision
1376,position_evaluated,RISHABH-EQ,hold,hold,True,target and post-trail stop decision
1377,position_evaluated,RISHABH-EQ,hold,hold,True,target and post-trail stop decision
1378,position_evaluated,RISHABH-EQ,hold,hold,True,target and post-trail stop decision
1379,position_evaluated,RISHABH-EQ,hold,hold,True,target and post-trail stop decision
1380,position_evaluated,RISHABH-EQ,hold,hold,True,target and post-trail stop decision
1381,position_evaluated,RISHABH-EQ,hold,hold,True,target and post-trail stop decision
1382,position_evaluated,RISHABH-EQ,hold,hold,True,target and post-trail stop decision
1383,position_evaluated,RISHABH-EQ,hold,hold,True,target and post-trail stop decision
1384,position_evaluated,RISHABH-EQ,hold,hold,True,target and post-trail stop decision
1385,position_evaluated,RISHABH-EQ,hold,hold,True,target and post-trail stop decision
1386,position_evaluated,RISHABH-EQ,hold,hold,True,target and post-trail stop decision
1387,position_evaluated,RISHABH-EQ,hold,hold,True,target and post-trail stop decision
1388,position_evaluated,RISHABH-EQ,hold,hold,True,target and post-trail stop decision
1389,position_evaluated,RISHABH-EQ,hold,hold,True,target and post-trail stop decision
1390,position_evaluated,RISHABH-EQ,hold,hold,True,target and post-trail stop decision
1391,position_evaluated,RISHABH-EQ,hold,hold,True,target and post-trail stop decision
1392,position_evaluated,RISHABH-EQ,hold,hold,True,target and post-trail stop decision
1393,position_evaluated,RISHABH-EQ,hold,hold,True,target and post-trail stop decision
1394,position_evaluated,RISHABH-EQ,hold,hold,True,target and post-trail stop decision
1395,position_evaluated,RISHABH-EQ,hold,hold,True,target and post-trail stop decision
1396,position_evaluated,RISHABH-EQ,hold,hold,True,target and post-trail stop decision
1397,position_evaluated,RISHABH-EQ,hold,hold,True,target and post-trail stop decision
1398,position_evaluated,RISHABH-EQ,hold,hold,True,target and post-trail stop decision
1399,position_evaluated,RISHABH-EQ,hold,hold,True,target and post-trail stop decision
1400,position_evaluated,RISHABH-EQ,hold,hold,True,target and post-trail stop decision
1401,position_evaluated,RISHABH-EQ,hold,hold,True,target and post-trail stop decision
1402,position_evaluated,RISHABH-EQ,hold,hold,True,target and post-trail stop decision
1403,position_evaluated,RISHABH-EQ,hold,hold,True,target and post-trail stop decision
1404,position_evaluated,RISHABH-EQ,hold,hold,True,target and post-trail stop decision
1405,position_evaluated,RISHABH-EQ,hold,hold,True,target and post-trail stop decision
1406,position_evaluated,RISHABH-EQ,hold,hold,True,target and post-trail stop decision
1407,position_evaluated,RISHABH-EQ,hold,hold,True,target and post-trail stop decision
1408,position_evaluated,RISHABH-EQ,hold,hold,True,target and post-trail stop decision
1409,position_evaluated,RISHABH-EQ,hold,hold,True,target and post-trail stop decision
1410,position_evaluated,RISHABH-EQ,hold,hold,True,target and post-trail stop decision
1411,position_evaluated,RISHABH-EQ,hold,hold,True,target and post-trail stop decision
1412,position_evaluated,RISHABH-EQ,hold,hold,True,target and post-trail stop decision
1413,position_evaluated,RISHABH-EQ,hold,hold,True,target and post-trail stop decision
1414,position_evaluated,RISHABH-EQ,hold,hold,True,target and post-trail stop decision
1415,position_evaluated,RISHABH-EQ,hold,hold,True,target and post-trail stop decision
1416,position_evaluated,RISHABH-EQ,hold,hold,True,target and post-trail stop decision
1417,position_evaluated,RISHABH-EQ,hold,hold,True,target and post-trail stop decision
1418,position_evaluated,RISHABH-EQ,hold,hold,True,target and post-trail stop decision
1419,position_evaluated,RISHABH-EQ,hold,hold,True,target and post-trail stop decision
1420,position_evaluated,RISHABH-EQ,hold,hold,True,target and post-trail stop decision
1421,position_evaluated,RISHABH-EQ,hold,hold,True,target and post-trail stop decision
1422,position_evaluated,RISHABH-EQ,hold,hold,True,target and post-trail stop decision
1423,position_evaluated,RISHABH-EQ,hold,hold,True,target and post-trail stop decision
1424,position_evaluated,RISHABH-EQ,hold,hold,True,target and post-trail stop decision
1425,position_evaluated,RISHABH-EQ,hold,hold,True,target and post-trail stop decision
1426,position_evaluated,RISHABH-EQ,hold,hold,True,target and post-trail stop decision
1427,position_evaluated,RISHABH-EQ,hold,hold,True,target and post-trail stop decision
1428,position_evaluated,RISHABH-EQ,hold,hold,True,target and post-trail stop decision
1429,position_evaluated,RISHABH-EQ,hold,hold,True,target and post-trail stop decision
1430,position_evaluated,RISHABH-EQ,hold,hold,True,target and post-trail stop decision
1431,position_evaluated,RISHABH-EQ,hold,hold,True,target and post-trail stop decision
1432,position_evaluated,RISHABH-EQ,hold,hold,True,target and post-trail stop decision
1433,position_evaluated,RISHABH-EQ,hold,hold,True,target and post-trail stop decision
1434,position_evaluated,RISHABH-EQ,hold,hold,True,target and post-trail stop decision
1435,position_evaluated,RISHABH-EQ,hold,hold,True,target and post-trail stop decision
1436,position_evaluated,RISHABH-EQ,hold,hold,True,target and post-trail stop decision
1437,position_evaluated,RISHABH-EQ,hold,hold,True,target and post-trail stop decision
1438,position_evaluated,RISHABH-EQ,hold,hold,True,target and post-trail stop decision
1439,position_evaluated,RISHABH-EQ,hold,hold,True,target and post-trail stop decision
1440,position_evaluated,RISHABH-EQ,hold,hold,True,target and post-trail stop decision
1441,position_evaluated,RISHABH-EQ,hold,hold,True,target and post-trail stop decision
1442,position_evaluated,RISHABH-EQ,hold,hold,True,target and post-trail stop decision
1443,position_evaluated,RISHABH-EQ,hold,hold,True,target and post-trail stop decision
1444,position_evaluated,RISHABH-EQ,hold,hold,True,target and post-trail stop decision
1445,position_evaluated,RISHABH-EQ,hold,hold,True,target and post-trail stop decision
1446,position_evaluated,RISHABH-EQ,hold,hold,True,target and post-trail stop decision
1447,position_evaluated,RISHABH-EQ,hold,hold,True,target and post-trail stop decision
1448,position_evaluated,RISHABH-EQ,hold,hold,True,target and post-trail stop decision
1449,position_evaluated,RISHABH-EQ,hold,hold,True,target and post-trail stop decision
1450,position_evaluated,RISHABH-EQ,hold,hold,True,target and post-trail stop decision
1451,position_evaluated,RISHABH-EQ,hold,hold,True,target and post-trail stop decision
1452,position_evaluated,RISHABH-EQ,hold,hold,True,target and post-trail stop decision
1453,position_evaluated,RISHABH-EQ,hold,hold,True,target and post-trail stop decision
1454,position_evaluated,RISHABH-EQ,hold,hold,True,target and post-trail stop decision
1455,position_evaluated,RISHABH-EQ,hold,hold,True,target and post-trail stop decision
1456,position_evaluated,RISHABH-EQ,hold,hold,True,target and post-trail stop decision
1457,position_evaluated,RISHABH-EQ,hold,hold,True,target and post-trail stop decision
1458,position_evaluated,RISHABH-EQ,hold,hold,True,target and post-trail stop decision
1459,position_evaluated,RISHABH-EQ,hold,hold,True,target and post-trail stop decision
1460,position_evaluated,RISHABH-EQ,hold,hold,True,target and post-trail stop decision
1461,position_evaluated,RISHABH-EQ,hold,hold,True,target and post-trail stop decision
1462,position_evaluated,RISHABH-EQ,hold,hold,True,target and post-trail stop decision
1463,position_evaluated,RISHABH-EQ,hold,hold,True,target and post-trail stop decision
1464,position_evaluated,RISHABH-EQ,hold,hold,True,target and post-trail stop decision
1465,position_evaluated,RISHABH-EQ,hold,hold,True,target and post-trail stop decision
1466,position_evaluated,RISHABH-EQ,hold,hold,True,target and post-trail stop decision
1467,position_evaluated,RISHABH-EQ,hold,hold,True,target and post-trail stop decision
1468,position_evaluated,RISHABH-EQ,hold,hold,True,target and post-trail stop decision
1469,position_evaluated,RISHABH-EQ,hold,hold,True,target and post-trail stop decision
1470,position_evaluated,RISHABH-EQ,hold,hold,True,target and post-trail stop decision
1471,position_evaluated,RISHABH-EQ,hold,hold,True,target and post-trail stop decision
1472,position_evaluated,RISHABH-EQ,hold,hold,True,target and post-trail stop decision
1473,position_evaluated,RISHABH-EQ,hold,hold,True,target and post-trail stop decision
1474,position_evaluated,RISHABH-EQ,hold,hold,True,target and post-trail stop decision
1475,position_evaluated,RISHABH-EQ,hold,hold,True,target and post-trail stop decision
1476,position_evaluated,RISHABH-EQ,hold,hold,True,target and post-trail stop decision
1477,position_evaluated,RISHABH-EQ,hold,hold,True,target and post-trail stop decision
1478,position_evaluated,RISHABH-EQ,hold,hold,True,target and post-trail stop decision
1479,position_evaluated,RISHABH-EQ,hold,hold,True,target and post-trail stop decision
1480,position_evaluated,RISHABH-EQ,hold,hold,True,target and post-trail stop decision
1481,position_evaluated,RISHABH-EQ,hold,hold,True,target and post-trail stop decision
1482,position_evaluated,RISHABH-EQ,hold,hold,True,target and post-trail stop decision
1483,position_evaluated,RISHABH-EQ,hold,hold,True,target and post-trail stop decision
1484,position_evaluated,RISHABH-EQ,hold,hold,True,target and post-trail stop decision
1485,position_evaluated,RISHABH-EQ,hold,hold,True,target and post-trail stop decision
1486,position_evaluated,RISHABH-EQ,hold,hold,True,target and post-trail stop decision
1487,position_evaluated,RISHABH-EQ,hold,hold,True,target and post-trail stop decision
1488,position_evaluated,RISHABH-EQ,hold,hold,True,target and post-trail stop decision
1489,position_evaluated,RISHABH-EQ,hold,hold,True,target and post-trail stop decision
1490,position_evaluated,RISHABH-EQ,hold,hold,True,target and post-trail stop decision
1491,position_evaluated,RISHABH-EQ,hold,hold,True,target and post-trail stop decision
1492,position_evaluated,RISHABH-EQ,hold,hold,True,target and post-trail stop decision
1493,position_evaluated,RISHABH-EQ,hold,hold,True,target and post-trail stop decision
1494,position_evaluated,RISHABH-EQ,hold,hold,True,target and post-trail stop decision
1495,position_evaluated,RISHABH-EQ,hold,hold,True,target and post-trail stop decision
1496,position_evaluated,RISHABH-EQ,hold,hold,True,target and post-trail stop decision
1497,position_evaluated,RISHABH-EQ,hold,hold,True,target and post-trail stop decision
1498,position_evaluated,RISHABH-EQ,hold,hold,True,target and post-trail stop decision
1499,position_evaluated,RISHABH-EQ,hold,hold,True,target and post-trail stop decision
1500,position_evaluated,RISHABH-EQ,hold,hold,True,target and post-trail stop decision
1501,position_evaluated,RISHABH-EQ,hold,hold,True,target and post-trail stop decision
1502,position_evaluated,RISHABH-EQ,hold,hold,True,target and post-trail stop decision
1503,position_evaluated,RISHABH-EQ,hold,hold,True,target and post-trail stop decision
1504,position_evaluated,RISHABH-EQ,hold,hold,True,target and post-trail stop decision
1505,position_evaluated,RISHABH-EQ,hold,hold,True,target and post-trail stop decision
1506,position_evaluated,RISHABH-EQ,hold,hold,True,target and post-trail stop decision
1507,position_evaluated,RISHABH-EQ,hold,hold,True,target and post-trail stop decision
1508,position_evaluated,RISHABH-EQ,hold,hold,True,target and post-trail stop decision
1509,position_evaluated,RISHABH-EQ,hold,hold,True,target and post-trail stop decision
1510,position_evaluated,RISHABH-EQ,hold,hold,True,target and post-trail stop decision
1511,position_evaluated,RISHABH-EQ,hold,hold,True,target and post-trail stop decision
1512,position_evaluated,RISHABH-EQ,hold,hold,True,target and post-trail stop decision
1513,position_evaluated,RISHABH-EQ,hold,hold,True,target and post-trail stop decision
1514,position_evaluated,RISHABH-EQ,hold,hold,True,target and post-trail stop decision
1515,position_evaluated,RISHABH-EQ,hold,hold,True,target and post-trail stop decision
1516,position_evaluated,RISHABH-EQ,hold,hold,True,target and post-trail stop decision
1517,position_evaluated,RISHABH-EQ,hold,hold,True,target and post-trail stop decision
1518,position_evaluated,RISHABH-EQ,hold,hold,True,target and post-trail stop decision
1519,position_evaluated,RISHABH-EQ,hold,hold,True,target and post-trail stop decision
1520,position_evaluated,RISHABH-EQ,hold,hold,True,target and post-trail stop decision
1521,position_evaluated,RISHABH-EQ,hold,hold,True,target and post-trail stop decision
1522,position_evaluated,RISHABH-EQ,hold,hold,True,target and post-trail stop decision
1523,position_evaluated,RISHABH-EQ,hold,hold,True,target and post-trail stop decision
1524,position_evaluated,RISHABH-EQ,hold,hold,True,target and post-trail stop decision
1525,position_evaluated,RISHABH-EQ,hold,hold,True,target and post-trail stop decision
1526,position_evaluated,RISHABH-EQ,hold,hold,True,target and post-trail stop decision
1527,position_evaluated,RISHABH-EQ,hold,hold,True,target and post-trail stop decision
1528,position_evaluated,RISHABH-EQ,hold,hold,True,target and post-trail stop decision
1529,position_evaluated,RISHABH-EQ,hold,hold,True,target and post-trail stop decision
1530,position_evaluated,RISHABH-EQ,hold,hold,True,target and post-trail stop decision
1531,position_evaluated,RISHABH-EQ,hold,hold,True,target and post-trail stop decision
1532,position_evaluated,RISHABH-EQ,hold,hold,True,target and post-trail stop decision
1533,position_evaluated,RISHABH-EQ,hold,hold,True,target and post-trail stop decision
1534,position_evaluated,RISHABH-EQ,hold,hold,True,target and post-trail stop decision
1535,position_evaluated,RISHABH-EQ,hold,hold,True,target and post-trail stop decision
1536,position_evaluated,RISHABH-EQ,hold,hold,True,target and post-trail stop decision
1537,position_evaluated,RISHABH-EQ,hold,hold,True,target and post-trail stop decision
1538,position_evaluated,RISHABH-EQ,hold,hold,True,target and post-trail stop decision
1539,position_evaluated,RISHABH-EQ,hold,hold,True,target and post-trail stop decision
1540,position_evaluated,RISHABH-EQ,hold,hold,True,target and post-trail stop decision
1541,position_evaluated,RISHABH-EQ,hold,hold,True,target and post-trail stop decision
1542,position_evaluated,RISHABH-EQ,hold,hold,True,target and post-trail stop decision
1543,position_evaluated,RISHABH-EQ,hold,hold,True,target and post-trail stop decision
1544,position_evaluated,RISHABH-EQ,hold,hold,True,target and post-trail stop decision
1545,position_evaluated,RISHABH-EQ,hold,hold,True,target and post-trail stop decision
1546,position_evaluated,RISHABH-EQ,hold,hold,True,target and post-trail stop decision
1547,position_evaluated,RISHABH-EQ,hold,hold,True,target and post-trail stop decision
1548,position_evaluated,RISHABH-EQ,hold,hold,True,target and post-trail stop decision
1549,position_evaluated,RISHABH-EQ,hold,hold,True,target and post-trail stop decision
1550,position_evaluated,RISHABH-EQ,hold,hold,True,target and post-trail stop decision
1551,position_evaluated,RISHABH-EQ,hold,hold,True,target and post-trail stop decision
1552,position_evaluated,RISHABH-EQ,hold,hold,True,target and post-trail stop decision
1553,position_evaluated,RISHABH-EQ,hold,hold,True,target and post-trail stop decision
1554,position_evaluated,RISHABH-EQ,hold,hold,True,target and post-trail stop decision
1555,position_evaluated,RISHABH-EQ,hold,hold,True,target and post-trail stop decision
1556,position_evaluated,RISHABH-EQ,hold,hold,True,target and post-trail stop decision
1557,position_evaluated,RISHABH-EQ,hold,hold,True,target and post-trail stop decision
1558,position_evaluated,RISHABH-EQ,hold,hold,True,target and post-trail stop decision
1559,position_evaluated,RISHABH-EQ,hold,hold,True,target and post-trail stop decision
1561,position_evaluated,RISHABH-EQ,hold,hold,True,target and post-trail stop decision
1562,position_evaluated,RISHABH-EQ,hold,hold,True,target and post-trail stop decision
1563,position_evaluated,RISHABH-EQ,hold,hold,True,target and post-trail stop decision
1564,position_evaluated,RISHABH-EQ,hold,hold,True,target and post-trail stop decision
1565,position_evaluated,RISHABH-EQ,hold,hold,True,target and post-trail stop decision
1566,position_evaluated,RISHABH-EQ,hold,hold,True,target and post-trail stop decision
1567,position_evaluated,RISHABH-EQ,hold,hold,True,target and post-trail stop decision
1568,position_evaluated,RISHABH-EQ,hold,hold,True,target and post-trail stop decision
1569,position_evaluated,RISHABH-EQ,hold,hold,True,target and post-trail stop decision
1570,position_evaluated,RISHABH-EQ,hold,hold,True,target and post-trail stop decision
1571,position_evaluated,RISHABH-EQ,hold,hold,True,target and post-trail stop decision
1573,position_evaluated,RISHABH-EQ,hold,hold,True,target and post-trail stop decision
1575,position_evaluated,RISHABH-EQ,hold,hold,True,target and post-trail stop decision
1576,position_evaluated,RISHABH-EQ,hold,hold,True,target and post-trail stop decision
1577,position_evaluated,RISHABH-EQ,hold,hold,True,target and post-trail stop decision
1578,position_evaluated,RISHABH-EQ,hold,hold,True,target and post-trail stop decision
1579,position_evaluated,RISHABH-EQ,hold,hold,True,target and post-trail stop decision
1581,position_evaluated,RISHABH-EQ,hold,hold,True,target and post-trail stop decision
1582,position_evaluated,RISHABH-EQ,hold,hold,True,target and post-trail stop decision
1584,position_evaluated,RISHABH-EQ,hold,hold,True,target and post-trail stop decision
1585,position_evaluated,RISHABH-EQ,hold,hold,True,target and post-trail stop decision
1586,position_evaluated,RISHABH-EQ,hold,hold,True,target and post-trail stop decision
1587,position_evaluated,RISHABH-EQ,hold,hold,True,target and post-trail stop decision
1588,position_evaluated,RISHABH-EQ,hold,hold,True,target and post-trail stop decision
1589,position_evaluated,RISHABH-EQ,hold,hold,True,target and post-trail stop decision
1590,position_evaluated,RISHABH-EQ,hold,hold,True,target and post-trail stop decision
1592,position_evaluated,RISHABH-EQ,hold,hold,True,target and post-trail stop decision
1593,position_evaluated,RISHABH-EQ,hold,hold,True,target and post-trail stop decision
1594,position_evaluated,RISHABH-EQ,hold,hold,True,target and post-trail stop decision
1595,position_evaluated,RISHABH-EQ,hold,hold,True,target and post-trail stop decision
1596,position_evaluated,RISHABH-EQ,hold,hold,True,target and post-trail stop decision
1597,position_evaluated,RISHABH-EQ,hold,hold,True,target and post-trail stop decision
1598,position_evaluated,RISHABH-EQ,hold,hold,True,target and post-trail stop decision
1599,position_evaluated,RISHABH-EQ,hold,hold,True,target and post-trail stop decision
1600,position_evaluated,RISHABH-EQ,hold,hold,True,target and post-trail stop decision
1601,position_evaluated,RISHABH-EQ,hold,hold,True,target and post-trail stop decision
1602,position_evaluated,RISHABH-EQ,hold,hold,True,target and post-trail stop decision
1603,position_evaluated,RISHABH-EQ,hold,hold,True,target and post-trail stop decision
1604,position_evaluated,RISHABH-EQ,hold,hold,True,target and post-trail stop decision
1605,position_evaluated,RISHABH-EQ,hold,hold,True,target and post-trail stop decision
1606,position_evaluated,RISHABH-EQ,hold,hold,True,target and post-trail stop decision
1607,position_evaluated,RISHABH-EQ,hold,hold,True,target and post-trail stop decision
1608,position_evaluated,RISHABH-EQ,hold,hold,True,target and post-trail stop decision
1610,position_evaluated,RISHABH-EQ,hold,hold,True,target and post-trail stop decision
1612,position_evaluated,RISHABH-EQ,hold,hold,True,target and post-trail stop decision
1613,position_evaluated,RISHABH-EQ,hold,hold,True,target and post-trail stop decision
1614,position_evaluated,RISHABH-EQ,hold,hold,True,target and post-trail stop decision
1615,position_evaluated,RISHABH-EQ,hold,hold,True,target and post-trail stop decision
1616,position_evaluated,RISHABH-EQ,hold,hold,True,target and post-trail stop decision
1617,position_evaluated,RISHABH-EQ,hold,hold,True,target and post-trail stop decision
1618,position_evaluated,RISHABH-EQ,hold,hold,True,target and post-trail stop decision
1619,position_evaluated,RISHABH-EQ,hold,hold,True,target and post-trail stop decision
1620,position_evaluated,RISHABH-EQ,hold,hold,True,target and post-trail stop decision
1621,position_evaluated,RISHABH-EQ,hold,hold,True,target and post-trail stop decision
1622,position_evaluated,RISHABH-EQ,hold,hold,True,target and post-trail stop decision
1623,position_evaluated,RISHABH-EQ,hold,hold,True,target and post-trail stop decision
1624,position_evaluated,RISHABH-EQ,hold,hold,True,target and post-trail stop decision
1625,position_evaluated,RISHABH-EQ,hold,hold,True,target and post-trail stop decision
1626,position_evaluated,RISHABH-EQ,hold,hold,True,target and post-trail stop decision
1627,position_evaluated,RISHABH-EQ,hold,hold,True,target and post-trail stop decision
1628,position_evaluated,RISHABH-EQ,hold,hold,True,target and post-trail stop decision
1629,position_evaluated,RISHABH-EQ,hold,hold,True,target and post-trail stop decision
1630,position_evaluated,RISHABH-EQ,hold,hold,True,target and post-trail stop decision
1631,position_evaluated,RISHABH-EQ,hold,hold,True,target and post-trail stop decision
1632,position_evaluated,RISHABH-EQ,hold,hold,True,target and post-trail stop decision
1633,position_evaluated,RISHABH-EQ,hold,hold,True,target and post-trail stop decision
1634,position_evaluated,RISHABH-EQ,hold,hold,True,target and post-trail stop decision
1635,position_evaluated,RISHABH-EQ,hold,hold,True,target and post-trail stop decision
1636,position_evaluated,RISHABH-EQ,hold,hold,True,target and post-trail stop decision
1637,position_evaluated,RISHABH-EQ,hold,hold,True,target and post-trail stop decision
1638,position_evaluated,RISHABH-EQ,hold,hold,True,target and post-trail stop decision
1639,position_evaluated,RISHABH-EQ,hold,hold,True,target and post-trail stop decision
1640,position_evaluated,RISHABH-EQ,hold,hold,True,target and post-trail stop decision
1641,position_evaluated,RISHABH-EQ,hold,hold,True,target and post-trail stop decision
1642,position_evaluated,RISHABH-EQ,hold,hold,True,target and post-trail stop decision
1643,position_evaluated,RISHABH-EQ,hold,hold,True,target and post-trail stop decision
1644,position_evaluated,RISHABH-EQ,hold,hold,True,target and post-trail stop decision
1645,position_evaluated,RISHABH-EQ,hold,hold,True,target and post-trail stop decision
1646,position_evaluated,RISHABH-EQ,hold,hold,True,target and post-trail stop decision
1647,position_evaluated,RISHABH-EQ,hold,hold,True,target and post-trail stop decision
1648,position_evaluated,RISHABH-EQ,hold,hold,True,target and post-trail stop decision
1649,position_evaluated,RISHABH-EQ,hold,hold,True,target and post-trail stop decision
1650,position_evaluated,RISHABH-EQ,hold,hold,True,target and post-trail stop decision
1651,position_evaluated,RISHABH-EQ,hold,hold,True,target and post-trail stop decision
1652,position_evaluated,RISHABH-EQ,hold,hold,True,target and post-trail stop decision
1653,position_evaluated,RISHABH-EQ,hold,hold,True,target and post-trail stop decision
1654,position_evaluated,RISHABH-EQ,hold,hold,True,target and post-trail stop decision
1655,position_evaluated,RISHABH-EQ,hold,hold,True,target and post-trail stop decision
1656,position_evaluated,RISHABH-EQ,hold,hold,True,target and post-trail stop decision
1657,position_evaluated,RISHABH-EQ,hold,hold,True,target and post-trail stop decision
1658,position_evaluated,RISHABH-EQ,hold,hold,True,target and post-trail stop decision
1659,position_evaluated,RISHABH-EQ,hold,hold,True,target and post-trail stop decision
1660,position_evaluated,RISHABH-EQ,hold,hold,True,target and post-trail stop decision
1661,position_evaluated,RISHABH-EQ,hold,hold,True,target and post-trail stop decision
1662,position_evaluated,RISHABH-EQ,hold,hold,True,target and post-trail stop decision
1663,position_evaluated,RISHABH-EQ,hold,hold,True,target and post-trail stop decision
1664,position_evaluated,RISHABH-EQ,hold,hold,True,target and post-trail stop decision
1665,position_evaluated,RISHABH-EQ,hold,hold,True,target and post-trail stop decision
1666,position_evaluated,RISHABH-EQ,hold,hold,True,target and post-trail stop decision
1667,position_evaluated,RISHABH-EQ,hold,hold,True,target and post-trail stop decision
1668,position_evaluated,RISHABH-EQ,hold,hold,True,target and post-trail stop decision
1669,position_evaluated,RISHABH-EQ,hold,hold,True,target and post-trail stop decision
1670,position_evaluated,RISHABH-EQ,hold,hold,True,target and post-trail stop decision
1671,position_evaluated,RISHABH-EQ,hold,hold,True,target and post-trail stop decision
1672,position_evaluated,RISHABH-EQ,hold,hold,True,target and post-trail stop decision
1673,position_evaluated,RISHABH-EQ,hold,hold,True,target and post-trail stop decision
1674,position_evaluated,RISHABH-EQ,hold,hold,True,target and post-trail stop decision
1675,position_evaluated,RISHABH-EQ,hold,hold,True,target and post-trail stop decision
1676,position_evaluated,RISHABH-EQ,hold,hold,True,target and post-trail stop decision
1677,position_evaluated,RISHABH-EQ,hold,hold,True,target and post-trail stop decision
1678,position_evaluated,RISHABH-EQ,hold,hold,True,target and post-trail stop decision
1679,position_evaluated,RISHABH-EQ,hold,hold,True,target and post-trail stop decision
1680,position_evaluated,RISHABH-EQ,hold,hold,True,target and post-trail stop decision
1681,position_evaluated,RISHABH-EQ,hold,hold,True,target and post-trail stop decision
1682,position_evaluated,RISHABH-EQ,hold,hold,True,target and post-trail stop decision
1683,position_evaluated,RISHABH-EQ,hold,hold,True,target and post-trail stop decision
1684,position_evaluated,RISHABH-EQ,hold,hold,True,target and post-trail stop decision
1685,position_evaluated,RISHABH-EQ,hold,hold,True,target and post-trail stop decision
1686,position_evaluated,RISHABH-EQ,hold,hold,True,target and post-trail stop decision
1687,position_evaluated,RISHABH-EQ,hold,hold,True,target and post-trail stop decision
1688,position_evaluated,RISHABH-EQ,hold,hold,True,target and post-trail stop decision
1689,position_evaluated,RISHABH-EQ,hold,hold,True,target and post-trail stop decision
1690,position_evaluated,RISHABH-EQ,hold,hold,True,target and post-trail stop decision
1691,position_evaluated,RISHABH-EQ,hold,hold,True,target and post-trail stop decision
1692,position_evaluated,RISHABH-EQ,hold,hold,True,target and post-trail stop decision
1693,position_evaluated,RISHABH-EQ,hold,hold,True,target and post-trail stop decision
1694,position_evaluated,RISHABH-EQ,hold,hold,True,target and post-trail stop decision
1695,position_evaluated,RISHABH-EQ,hold,hold,True,target and post-trail stop decision
1696,position_evaluated,RISHABH-EQ,hold,hold,True,target and post-trail stop decision
1697,position_evaluated,RISHABH-EQ,hold,hold,True,target and post-trail stop decision
1698,position_evaluated,RISHABH-EQ,hold,hold,True,target and post-trail stop decision
1699,position_evaluated,RISHABH-EQ,hold,hold,True,target and post-trail stop decision
1700,position_evaluated,RISHABH-EQ,hold,hold,True,target and post-trail stop decision
1701,position_evaluated,RISHABH-EQ,hold,hold,True,target and post-trail stop decision
1702,position_evaluated,RISHABH-EQ,hold,hold,True,target and post-trail stop decision
1703,position_evaluated,RISHABH-EQ,hold,hold,True,target and post-trail stop decision
1704,position_evaluated,RISHABH-EQ,hold,hold,True,target and post-trail stop decision
1705,position_evaluated,RISHABH-EQ,hold,hold,True,target and post-trail stop decision
1706,position_evaluated,RISHABH-EQ,hold,hold,True,target and post-trail stop decision
1707,position_evaluated,RISHABH-EQ,hold,hold,True,target and post-trail stop decision
1708,position_evaluated,RISHABH-EQ,hold,hold,True,target and post-trail stop decision
1709,position_evaluated,RISHABH-EQ,hold,hold,True,target and post-trail stop decision
1710,position_evaluated,RISHABH-EQ,hold,hold,True,target and post-trail stop decision
1711,position_evaluated,RISHABH-EQ,hold,hold,True,target and post-trail stop decision
1712,position_evaluated,RISHABH-EQ,hold,hold,True,target and post-trail stop decision
1713,position_evaluated,RISHABH-EQ,hold,hold,True,target and post-trail stop decision
1714,position_evaluated,RISHABH-EQ,hold,hold,True,target and post-trail stop decision
1715,position_evaluated,RISHABH-EQ,hold,hold,True,target and post-trail stop decision
1716,position_evaluated,RISHABH-EQ,hold,hold,True,target and post-trail stop decision
1717,position_evaluated,RISHABH-EQ,hold,hold,True,target and post-trail stop decision
1718,position_evaluated,RISHABH-EQ,hold,hold,True,target and post-trail stop decision
1719,position_evaluated,RISHABH-EQ,hold,hold,True,target and post-trail stop decision
1720,position_evaluated,RISHABH-EQ,hold,hold,True,target and post-trail stop decision
1721,position_evaluated,RISHABH-EQ,hold,hold,True,target and post-trail stop decision
1722,position_evaluated,RISHABH-EQ,hold,hold,True,target and post-trail stop decision
1723,position_evaluated,RISHABH-EQ,hold,hold,True,target and post-trail stop decision
1724,position_evaluated,RISHABH-EQ,hold,hold,True,target and post-trail stop decision
1725,position_evaluated,RISHABH-EQ,hold,hold,True,target and post-trail stop decision
1726,position_evaluated,RISHABH-EQ,hold,hold,True,target and post-trail stop decision
1727,position_evaluated,RISHABH-EQ,hold,hold,True,target and post-trail stop decision
1728,position_evaluated,RISHABH-EQ,hold,hold,True,target and post-trail stop decision
1729,position_evaluated,RISHABH-EQ,hold,hold,True,target and post-trail stop decision
1730,position_evaluated,RISHABH-EQ,hold,hold,True,target and post-trail stop decision
1731,position_evaluated,RISHABH-EQ,hold,hold,True,target and post-trail stop decision
1732,position_evaluated,RISHABH-EQ,hold,hold,True,target and post-trail stop decision
1733,position_evaluated,RISHABH-EQ,hold,hold,True,target and post-trail stop decision
1734,position_evaluated,RISHABH-EQ,hold,hold,True,target and post-trail stop decision
1735,position_evaluated,RISHABH-EQ,hold,hold,True,target and post-trail stop decision
1736,position_evaluated,RISHABH-EQ,hold,hold,True,target and post-trail stop decision
1737,position_evaluated,RISHABH-EQ,hold,hold,True,target and post-trail stop decision
1738,position_evaluated,RISHABH-EQ,hold,hold,True,target and post-trail stop decision
1739,position_evaluated,RISHABH-EQ,hold,hold,True,target and post-trail stop decision
1740,position_evaluated,RISHABH-EQ,hold,hold,True,target and post-trail stop decision
1741,position_evaluated,RISHABH-EQ,hold,hold,True,target and post-trail stop decision
1742,position_evaluated,RISHABH-EQ,hold,hold,True,target and post-trail stop decision
1743,position_evaluated,RISHABH-EQ,hold,hold,True,target and post-trail stop decision
1752,market_gate,,trade,trade,True,four-factor market gate
1753,scan_completed,,candidates_ranked,candidates_ranked,True,"recorded=['LAXMIINDIA-EQ', 'TORNTPOWER-EQ', 'ANTELOPUS-EQ', 'AVTNPL-EQ', 'IOLCP-EQ']; replayed=['LAXMIINDIA-EQ', 'TORNTPOWER-EQ', 'ANTELOPUS-EQ', 'AVTNPL-EQ', 'IOLCP-EQ']"
1754,tradability_filter,,candidates_available,candidates_available,True,captured filter outcome
1755,broker_tradability_result,,candidates_available,candidates_available,True,captured filter outcome
1756,candidate_validation,LAXMIINDIA-EQ,rejected,rejected,True,Range position 0.694 < 0.85 (price retreating from high)
1757,candidate_validation,TORNTPOWER-EQ,rejected,rejected,True,Range position 0.794 < 0.85 (price retreating from high)
1758,candidate_validation,AVTNPL-EQ,rejected,rejected,True,Wide spread: 0.22 (0.240% > 0.2%)
1759,candidate_validation,ANTELOPUS-EQ,rejected,rejected,True,No micro breakout: LTP 1028.70 < last 5min high 1029.95
1760,scan_completed,,candidates_ranked,candidates_ranked,True,"recorded=['ANANTRAJ-EQ', 'LAXMIINDIA-EQ', 'TORNTPOWER-EQ', 'BAJAJCON-EQ', 'UGARSUGAR-EQ']; replayed=['ANANTRAJ-EQ', 'LAXMIINDIA-EQ', 'TORNTPOWER-EQ', 'BAJAJCON-EQ', 'UGARSUGAR-EQ']"
1761,tradability_filter,,candidates_available,candidates_available,True,captured filter outcome
1762,broker_tradability_result,,candidates_available,candidates_available,True,captured filter outcome
1763,candidate_validation,LAXMIINDIA-EQ,rejected,rejected,True,Range position 0.645 < 0.85 (price retreating from high)
1764,candidate_validation,TORNTPOWER-EQ,rejected,rejected,True,Range position 0.830 < 0.85 (price retreating from high)
1765,candidate_validation,BAJAJCON-EQ,rejected,rejected,True,Volume fading: current 9768 vs avg 26854 (ratio 0.36 < 1.2)
1766,candidate_validation,ANANTRAJ-EQ,rejected,rejected,True,Volume fading: current 21975 vs avg 124567 (ratio 0.18 < 1.2)
1767,scan_completed,,candidates_ranked,candidates_ranked,True,"recorded=['DEEPINDS-EQ', 'ANANTRAJ-EQ', 'LAXMIINDIA-EQ', 'TORNTPOWER-EQ', 'HUBTOWN-EQ']; replayed=['DEEPINDS-EQ', 'ANANTRAJ-EQ', 'LAXMIINDIA-EQ', 'TORNTPOWER-EQ', 'HUBTOWN-EQ']"
1768,tradability_filter,,candidates_available,candidates_available,True,captured filter outcome
1769,broker_tradability_result,,candidates_available,candidates_available,True,captured filter outcome
1770,candidate_validation,LAXMIINDIA-EQ,rejected,rejected,True,Range position 0.674 < 0.85 (price retreating from high)
1771,candidate_validation,TORNTPOWER-EQ,rejected,rejected,True,Range position 0.832 < 0.85 (price retreating from high)
1772,candidate_validation,HUBTOWN-EQ,rejected,rejected,True,Range position 0.614 < 0.85 (price retreating from high)
1773,candidate_validation,ANANTRAJ-EQ,accepted,accepted,True,All checks passed
1774,position_sized,ANANTRAJ-EQ,79,79,True,risk-based position sizing
1782,position_evaluated,ANANTRAJ-EQ,hold,hold,True,target and post-trail stop decision
1783,position_evaluated,ANANTRAJ-EQ,hold,hold,True,target and post-trail stop decision
1784,position_evaluated,ANANTRAJ-EQ,hold,hold,True,target and post-trail stop decision
1785,position_evaluated,ANANTRAJ-EQ,hold,hold,True,target and post-trail stop decision
1786,position_evaluated,ANANTRAJ-EQ,hold,hold,True,target and post-trail stop decision
1787,position_evaluated,ANANTRAJ-EQ,hold,hold,True,target and post-trail stop decision
1788,position_evaluated,ANANTRAJ-EQ,hold,hold,True,target and post-trail stop decision
1789,position_evaluated,ANANTRAJ-EQ,hold,hold,True,target and post-trail stop decision
1790,position_evaluated,ANANTRAJ-EQ,hold,hold,True,target and post-trail stop decision
1791,position_evaluated,ANANTRAJ-EQ,hold,hold,True,target and post-trail stop decision
1792,position_evaluated,ANANTRAJ-EQ,hold,hold,True,target and post-trail stop decision
1793,position_evaluated,ANANTRAJ-EQ,hold,hold,True,target and post-trail stop decision
1794,position_evaluated,ANANTRAJ-EQ,hold,hold,True,target and post-trail stop decision
1795,position_evaluated,ANANTRAJ-EQ,hold,hold,True,target and post-trail stop decision
1796,position_evaluated,ANANTRAJ-EQ,hold,hold,True,target and post-trail stop decision
1797,position_evaluated,ANANTRAJ-EQ,hold,hold,True,target and post-trail stop decision
1798,position_evaluated,ANANTRAJ-EQ,hold,hold,True,target and post-trail stop decision
1799,position_evaluated,ANANTRAJ-EQ,hold,hold,True,target and post-trail stop decision
1800,position_evaluated,ANANTRAJ-EQ,hold,hold,True,target and post-trail stop decision
1801,position_evaluated,ANANTRAJ-EQ,hold,hold,True,target and post-trail stop decision
1802,position_evaluated,ANANTRAJ-EQ,hold,hold,True,target and post-trail stop decision
1803,position_evaluated,ANANTRAJ-EQ,hold,hold,True,target and post-trail stop decision
1804,position_evaluated,ANANTRAJ-EQ,hold,hold,True,target and post-trail stop decision
1805,position_evaluated,ANANTRAJ-EQ,hold,hold,True,target and post-trail stop decision
1806,position_evaluated,ANANTRAJ-EQ,hold,hold,True,target and post-trail stop decision
1807,position_evaluated,ANANTRAJ-EQ,hold,hold,True,target and post-trail stop decision
1808,position_evaluated,ANANTRAJ-EQ,hold,hold,True,target and post-trail stop decision
1809,position_evaluated,ANANTRAJ-EQ,hold,hold,True,target and post-trail stop decision
1810,position_evaluated,ANANTRAJ-EQ,hold,hold,True,target and post-trail stop decision
1811,position_evaluated,ANANTRAJ-EQ,hold,hold,True,target and post-trail stop decision
1812,position_evaluated,ANANTRAJ-EQ,hold,hold,True,target and post-trail stop decision
1813,position_evaluated,ANANTRAJ-EQ,hold,hold,True,target and post-trail stop decision
1814,position_evaluated,ANANTRAJ-EQ,hold,hold,True,target and post-trail stop decision
1815,position_evaluated,ANANTRAJ-EQ,hold,hold,True,target and post-trail stop decision
1816,position_evaluated,ANANTRAJ-EQ,hold,hold,True,target and post-trail stop decision
1817,position_evaluated,ANANTRAJ-EQ,hold,hold,True,target and post-trail stop decision
1818,position_evaluated,ANANTRAJ-EQ,hold,hold,True,target and post-trail stop decision
1819,position_evaluated,ANANTRAJ-EQ,hold,hold,True,target and post-trail stop decision
1820,position_evaluated,ANANTRAJ-EQ,hold,hold,True,target and post-trail stop decision
1821,position_evaluated,ANANTRAJ-EQ,hold,hold,True,target and post-trail stop decision
1822,position_evaluated,ANANTRAJ-EQ,hold,hold,True,target and post-trail stop decision
1823,position_evaluated,ANANTRAJ-EQ,hold,hold,True,target and post-trail stop decision
1824,position_evaluated,ANANTRAJ-EQ,hold,hold,True,target and post-trail stop decision
1825,position_evaluated,ANANTRAJ-EQ,hold,hold,True,target and post-trail stop decision
1826,position_evaluated,ANANTRAJ-EQ,hold,hold,True,target and post-trail stop decision
1827,position_evaluated,ANANTRAJ-EQ,hold,hold,True,target and post-trail stop decision
1828,position_evaluated,ANANTRAJ-EQ,hold,hold,True,target and post-trail stop decision
1829,position_evaluated,ANANTRAJ-EQ,hold,hold,True,target and post-trail stop decision
1830,position_evaluated,ANANTRAJ-EQ,hold,hold,True,target and post-trail stop decision
1831,position_evaluated,ANANTRAJ-EQ,hold,hold,True,target and post-trail stop decision
1832,position_evaluated,ANANTRAJ-EQ,hold,hold,True,target and post-trail stop decision
1833,position_evaluated,ANANTRAJ-EQ,hold,hold,True,target and post-trail stop decision
1834,position_evaluated,ANANTRAJ-EQ,hold,hold,True,target and post-trail stop decision
1835,position_evaluated,ANANTRAJ-EQ,hold,hold,True,target and post-trail stop decision
1836,position_evaluated,ANANTRAJ-EQ,hold,hold,True,target and post-trail stop decision
1837,position_evaluated,ANANTRAJ-EQ,hold,hold,True,target and post-trail stop decision
1838,position_evaluated,ANANTRAJ-EQ,hold,hold,True,target and post-trail stop decision
1839,position_evaluated,ANANTRAJ-EQ,hold,hold,True,target and post-trail stop decision
1840,position_evaluated,ANANTRAJ-EQ,hold,hold,True,target and post-trail stop decision
1841,position_evaluated,ANANTRAJ-EQ,hold,hold,True,target and post-trail stop decision
1842,position_evaluated,ANANTRAJ-EQ,hold,hold,True,target and post-trail stop decision
1843,position_evaluated,ANANTRAJ-EQ,hold,hold,True,target and post-trail stop decision
1844,position_evaluated,ANANTRAJ-EQ,hold,hold,True,target and post-trail stop decision
1845,position_evaluated,ANANTRAJ-EQ,hold,hold,True,target and post-trail stop decision
1846,position_evaluated,ANANTRAJ-EQ,hold,hold,True,target and post-trail stop decision
1847,position_evaluated,ANANTRAJ-EQ,hold,hold,True,target and post-trail stop decision
1848,position_evaluated,ANANTRAJ-EQ,hold,hold,True,target and post-trail stop decision
1849,position_evaluated,ANANTRAJ-EQ,hold,hold,True,target and post-trail stop decision
1850,position_evaluated,ANANTRAJ-EQ,hold,hold,True,target and post-trail stop decision
1851,position_evaluated,ANANTRAJ-EQ,hold,hold,True,target and post-trail stop decision
1852,position_evaluated,ANANTRAJ-EQ,hold,hold,True,target and post-trail stop decision
1853,position_evaluated,ANANTRAJ-EQ,hold,hold,True,target and post-trail stop decision
1854,position_evaluated,ANANTRAJ-EQ,hold,hold,True,target and post-trail stop decision
1855,position_evaluated,ANANTRAJ-EQ,hold,hold,True,target and post-trail stop decision
1856,position_evaluated,ANANTRAJ-EQ,hold,hold,True,target and post-trail stop decision
1857,position_evaluated,ANANTRAJ-EQ,hold,hold,True,target and post-trail stop decision
1858,position_evaluated,ANANTRAJ-EQ,hold,hold,True,target and post-trail stop decision
1859,position_evaluated,ANANTRAJ-EQ,hold,hold,True,target and post-trail stop decision
1860,position_evaluated,ANANTRAJ-EQ,hold,hold,True,target and post-trail stop decision
1861,position_evaluated,ANANTRAJ-EQ,hold,hold,True,target and post-trail stop decision
1862,position_evaluated,ANANTRAJ-EQ,hold,hold,True,target and post-trail stop decision
1863,position_evaluated,ANANTRAJ-EQ,hold,hold,True,target and post-trail stop decision
1864,position_evaluated,ANANTRAJ-EQ,hold,hold,True,target and post-trail stop decision
1865,position_evaluated,ANANTRAJ-EQ,hold,hold,True,target and post-trail stop decision
1866,position_evaluated,ANANTRAJ-EQ,hold,hold,True,target and post-trail stop decision
1867,position_evaluated,ANANTRAJ-EQ,hold,hold,True,target and post-trail stop decision
1868,position_evaluated,ANANTRAJ-EQ,hold,hold,True,target and post-trail stop decision
1869,position_evaluated,ANANTRAJ-EQ,hold,hold,True,target and post-trail stop decision
1870,position_evaluated,ANANTRAJ-EQ,hold,hold,True,target and post-trail stop decision
1871,position_evaluated,ANANTRAJ-EQ,hold,hold,True,target and post-trail stop decision
1872,position_evaluated,ANANTRAJ-EQ,hold,hold,True,target and post-trail stop decision
1873,position_evaluated,ANANTRAJ-EQ,hold,hold,True,target and post-trail stop decision
1874,position_evaluated,ANANTRAJ-EQ,hold,hold,True,target and post-trail stop decision
1875,position_evaluated,ANANTRAJ-EQ,hold,hold,True,target and post-trail stop decision
1876,position_evaluated,ANANTRAJ-EQ,hold,hold,True,target and post-trail stop decision
1877,position_evaluated,ANANTRAJ-EQ,hold,hold,True,target and post-trail stop decision
1878,position_evaluated,ANANTRAJ-EQ,hold,hold,True,target and post-trail stop decision
1879,position_evaluated,ANANTRAJ-EQ,hold,hold,True,target and post-trail stop decision
1880,position_evaluated,ANANTRAJ-EQ,hold,hold,True,target and post-trail stop decision
1881,position_evaluated,ANANTRAJ-EQ,hold,hold,True,target and post-trail stop decision
1882,position_evaluated,ANANTRAJ-EQ,hold,hold,True,target and post-trail stop decision
1883,position_evaluated,ANANTRAJ-EQ,hold,hold,True,target and post-trail stop decision
1884,position_evaluated,ANANTRAJ-EQ,hold,hold,True,target and post-trail stop decision
1885,position_evaluated,ANANTRAJ-EQ,hold,hold,True,target and post-trail stop decision
1886,position_evaluated,ANANTRAJ-EQ,hold,hold,True,target and post-trail stop decision
1887,position_evaluated,ANANTRAJ-EQ,hold,hold,True,target and post-trail stop decision
1888,position_evaluated,ANANTRAJ-EQ,hold,hold,True,target and post-trail stop decision
1889,position_evaluated,ANANTRAJ-EQ,hold,hold,True,target and post-trail stop decision
1890,position_evaluated,ANANTRAJ-EQ,hold,hold,True,target and post-trail stop decision
1891,position_evaluated,ANANTRAJ-EQ,hold,hold,True,target and post-trail stop decision
1892,position_evaluated,ANANTRAJ-EQ,hold,hold,True,target and post-trail stop decision
1893,position_evaluated,ANANTRAJ-EQ,hold,hold,True,target and post-trail stop decision
1894,position_evaluated,ANANTRAJ-EQ,hold,hold,True,target and post-trail stop decision
1895,position_evaluated,ANANTRAJ-EQ,hold,hold,True,target and post-trail stop decision
1896,position_evaluated,ANANTRAJ-EQ,hold,hold,True,target and post-trail stop decision
1897,position_evaluated,ANANTRAJ-EQ,hold,hold,True,target and post-trail stop decision
1898,position_evaluated,ANANTRAJ-EQ,hold,hold,True,target and post-trail stop decision
1899,position_evaluated,ANANTRAJ-EQ,hold,hold,True,target and post-trail stop decision
1900,position_evaluated,ANANTRAJ-EQ,hold,hold,True,target and post-trail stop decision
1901,position_evaluated,ANANTRAJ-EQ,hold,hold,True,target and post-trail stop decision
1902,position_evaluated,ANANTRAJ-EQ,hold,hold,True,target and post-trail stop decision
1903,position_evaluated,ANANTRAJ-EQ,hold,hold,True,target and post-trail stop decision
1904,position_evaluated,ANANTRAJ-EQ,hold,hold,True,target and post-trail stop decision
1905,position_evaluated,ANANTRAJ-EQ,hold,hold,True,target and post-trail stop decision
1906,position_evaluated,ANANTRAJ-EQ,hold,hold,True,target and post-trail stop decision
1907,position_evaluated,ANANTRAJ-EQ,hold,hold,True,target and post-trail stop decision
1908,position_evaluated,ANANTRAJ-EQ,hold,hold,True,target and post-trail stop decision
1909,position_evaluated,ANANTRAJ-EQ,hold,hold,True,target and post-trail stop decision
1910,position_evaluated,ANANTRAJ-EQ,hold,hold,True,target and post-trail stop decision
1911,position_evaluated,ANANTRAJ-EQ,hold,hold,True,target and post-trail stop decision
1912,position_evaluated,ANANTRAJ-EQ,hold,hold,True,target and post-trail stop decision
1913,position_evaluated,ANANTRAJ-EQ,hold,hold,True,target and post-trail stop decision
1914,position_evaluated,ANANTRAJ-EQ,hold,hold,True,target and post-trail stop decision
1915,position_evaluated,ANANTRAJ-EQ,hold,hold,True,target and post-trail stop decision
1916,position_evaluated,ANANTRAJ-EQ,hold,hold,True,target and post-trail stop decision
1917,position_evaluated,ANANTRAJ-EQ,hold,hold,True,target and post-trail stop decision
1918,position_evaluated,ANANTRAJ-EQ,hold,hold,True,target and post-trail stop decision
1919,position_evaluated,ANANTRAJ-EQ,hold,hold,True,target and post-trail stop decision
1920,position_evaluated,ANANTRAJ-EQ,hold,hold,True,target and post-trail stop decision
1921,position_evaluated,ANANTRAJ-EQ,hold,hold,True,target and post-trail stop decision
1922,position_evaluated,ANANTRAJ-EQ,hold,hold,True,target and post-trail stop decision
1923,position_evaluated,ANANTRAJ-EQ,hold,hold,True,target and post-trail stop decision
1924,position_evaluated,ANANTRAJ-EQ,hold,hold,True,target and post-trail stop decision
1925,position_evaluated,ANANTRAJ-EQ,hold,hold,True,target and post-trail stop decision
1926,position_evaluated,ANANTRAJ-EQ,hold,hold,True,target and post-trail stop decision
1927,position_evaluated,ANANTRAJ-EQ,hold,hold,True,target and post-trail stop decision
1928,position_evaluated,ANANTRAJ-EQ,hold,hold,True,target and post-trail stop decision
1929,position_evaluated,ANANTRAJ-EQ,hold,hold,True,target and post-trail stop decision
1930,position_evaluated,ANANTRAJ-EQ,hold,hold,True,target and post-trail stop decision
1931,position_evaluated,ANANTRAJ-EQ,hold,hold,True,target and post-trail stop decision
1932,position_evaluated,ANANTRAJ-EQ,hold,hold,True,target and post-trail stop decision
1933,position_evaluated,ANANTRAJ-EQ,hold,hold,True,target and post-trail stop decision
1934,position_evaluated,ANANTRAJ-EQ,hold,hold,True,target and post-trail stop decision
1935,position_evaluated,ANANTRAJ-EQ,hold,hold,True,target and post-trail stop decision
1936,position_evaluated,ANANTRAJ-EQ,hold,hold,True,target and post-trail stop decision
1937,position_evaluated,ANANTRAJ-EQ,hold,hold,True,target and post-trail stop decision
1938,position_evaluated,ANANTRAJ-EQ,hold,hold,True,target and post-trail stop decision
1939,position_evaluated,ANANTRAJ-EQ,hold,hold,True,target and post-trail stop decision
1940,position_evaluated,ANANTRAJ-EQ,hold,hold,True,target and post-trail stop decision
1941,position_evaluated,ANANTRAJ-EQ,hold,hold,True,target and post-trail stop decision
1942,position_evaluated,ANANTRAJ-EQ,hold,hold,True,target and post-trail stop decision
1943,position_evaluated,ANANTRAJ-EQ,hold,hold,True,target and post-trail stop decision
1944,position_evaluated,ANANTRAJ-EQ,hold,hold,True,target and post-trail stop decision
1945,position_evaluated,ANANTRAJ-EQ,hold,hold,True,target and post-trail stop decision
1946,position_evaluated,ANANTRAJ-EQ,hold,hold,True,target and post-trail stop decision
1947,position_evaluated,ANANTRAJ-EQ,hold,hold,True,target and post-trail stop decision
1948,position_evaluated,ANANTRAJ-EQ,hold,hold,True,target and post-trail stop decision
1949,position_evaluated,ANANTRAJ-EQ,hold,hold,True,target and post-trail stop decision
1950,position_evaluated,ANANTRAJ-EQ,hold,hold,True,target and post-trail stop decision
1951,position_evaluated,ANANTRAJ-EQ,hold,hold,True,target and post-trail stop decision
1952,position_evaluated,ANANTRAJ-EQ,hold,hold,True,target and post-trail stop decision
1953,position_evaluated,ANANTRAJ-EQ,hold,hold,True,target and post-trail stop decision
1954,position_evaluated,ANANTRAJ-EQ,hold,hold,True,target and post-trail stop decision
1955,position_evaluated,ANANTRAJ-EQ,hold,hold,True,target and post-trail stop decision
1956,position_evaluated,ANANTRAJ-EQ,hold,hold,True,target and post-trail stop decision
1957,position_evaluated,ANANTRAJ-EQ,hold,hold,True,target and post-trail stop decision
1958,position_evaluated,ANANTRAJ-EQ,hold,hold,True,target and post-trail stop decision
1959,position_evaluated,ANANTRAJ-EQ,hold,hold,True,target and post-trail stop decision
1960,position_evaluated,ANANTRAJ-EQ,hold,hold,True,target and post-trail stop decision
1961,position_evaluated,ANANTRAJ-EQ,hold,hold,True,target and post-trail stop decision
1962,position_evaluated,ANANTRAJ-EQ,hold,hold,True,target and post-trail stop decision
1963,position_evaluated,ANANTRAJ-EQ,hold,hold,True,target and post-trail stop decision
1964,position_evaluated,ANANTRAJ-EQ,hold,hold,True,target and post-trail stop decision
1965,position_evaluated,ANANTRAJ-EQ,hold,hold,True,target and post-trail stop decision
1966,position_evaluated,ANANTRAJ-EQ,hold,hold,True,target and post-trail stop decision
1967,position_evaluated,ANANTRAJ-EQ,hold,hold,True,target and post-trail stop decision
1968,position_evaluated,ANANTRAJ-EQ,hold,hold,True,target and post-trail stop decision
1969,position_evaluated,ANANTRAJ-EQ,hold,hold,True,target and post-trail stop decision
1970,position_evaluated,ANANTRAJ-EQ,hold,hold,True,target and post-trail stop decision
1971,position_evaluated,ANANTRAJ-EQ,hold,hold,True,target and post-trail stop decision
1972,position_evaluated,ANANTRAJ-EQ,hold,hold,True,target and post-trail stop decision
1973,position_evaluated,ANANTRAJ-EQ,hold,hold,True,target and post-trail stop decision
1974,position_evaluated,ANANTRAJ-EQ,hold,hold,True,target and post-trail stop decision
1975,position_evaluated,ANANTRAJ-EQ,hold,hold,True,target and post-trail stop decision
1976,position_evaluated,ANANTRAJ-EQ,hold,hold,True,target and post-trail stop decision
1977,position_evaluated,ANANTRAJ-EQ,hold,hold,True,target and post-trail stop decision
1978,position_evaluated,ANANTRAJ-EQ,hold,hold,True,target and post-trail stop decision
1979,position_evaluated,ANANTRAJ-EQ,hold,hold,True,target and post-trail stop decision
1980,position_evaluated,ANANTRAJ-EQ,hold,hold,True,target and post-trail stop decision
1981,position_evaluated,ANANTRAJ-EQ,hold,hold,True,target and post-trail stop decision
1982,position_evaluated,ANANTRAJ-EQ,hold,hold,True,target and post-trail stop decision
1983,position_evaluated,ANANTRAJ-EQ,hold,hold,True,target and post-trail stop decision
1984,position_evaluated,ANANTRAJ-EQ,hold,hold,True,target and post-trail stop decision
1985,position_evaluated,ANANTRAJ-EQ,hold,hold,True,target and post-trail stop decision
1986,position_evaluated,ANANTRAJ-EQ,hold,hold,True,target and post-trail stop decision
1987,position_evaluated,ANANTRAJ-EQ,hold,hold,True,target and post-trail stop decision
1988,position_evaluated,ANANTRAJ-EQ,hold,hold,True,target and post-trail stop decision
1989,position_evaluated,ANANTRAJ-EQ,hold,hold,True,target and post-trail stop decision
1990,position_evaluated,ANANTRAJ-EQ,hold,hold,True,target and post-trail stop decision
1991,position_evaluated,ANANTRAJ-EQ,hold,hold,True,target and post-trail stop decision
1992,position_evaluated,ANANTRAJ-EQ,hold,hold,True,target and post-trail stop decision
1993,position_evaluated,ANANTRAJ-EQ,hold,hold,True,target and post-trail stop decision
1994,position_evaluated,ANANTRAJ-EQ,hold,hold,True,target and post-trail stop decision
1995,position_evaluated,ANANTRAJ-EQ,hold,hold,True,target and post-trail stop decision
1996,position_evaluated,ANANTRAJ-EQ,hold,hold,True,target and post-trail stop decision
1997,position_evaluated,ANANTRAJ-EQ,hold,hold,True,target and post-trail stop decision
1998,position_evaluated,ANANTRAJ-EQ,hold,hold,True,target and post-trail stop decision
1999,position_evaluated,ANANTRAJ-EQ,hold,hold,True,target and post-trail stop decision
2000,position_evaluated,ANANTRAJ-EQ,hold,hold,True,target and post-trail stop decision
2001,position_evaluated,ANANTRAJ-EQ,hold,hold,True,target and post-trail stop decision
2002,position_evaluated,ANANTRAJ-EQ,hold,hold,True,target and post-trail stop decision
2003,position_evaluated,ANANTRAJ-EQ,hold,hold,True,target and post-trail stop decision
2004,position_evaluated,ANANTRAJ-EQ,hold,hold,True,target and post-trail stop decision
2005,position_evaluated,ANANTRAJ-EQ,hold,hold,True,target and post-trail stop decision
2006,position_evaluated,ANANTRAJ-EQ,hold,hold,True,target and post-trail stop decision
2007,position_evaluated,ANANTRAJ-EQ,hold,hold,True,target and post-trail stop decision
2008,position_evaluated,ANANTRAJ-EQ,hold,hold,True,target and post-trail stop decision
2009,position_evaluated,ANANTRAJ-EQ,hold,hold,True,target and post-trail stop decision
2010,position_evaluated,ANANTRAJ-EQ,hold,hold,True,target and post-trail stop decision
2011,position_evaluated,ANANTRAJ-EQ,hold,hold,True,target and post-trail stop decision
2012,position_evaluated,ANANTRAJ-EQ,hold,hold,True,target and post-trail stop decision
2013,position_evaluated,ANANTRAJ-EQ,hold,hold,True,target and post-trail stop decision
2014,position_evaluated,ANANTRAJ-EQ,hold,hold,True,target and post-trail stop decision
2015,position_evaluated,ANANTRAJ-EQ,hold,hold,True,target and post-trail stop decision
2016,position_evaluated,ANANTRAJ-EQ,hold,hold,True,target and post-trail stop decision
2017,position_evaluated,ANANTRAJ-EQ,hold,hold,True,target and post-trail stop decision
2018,position_evaluated,ANANTRAJ-EQ,hold,hold,True,target and post-trail stop decision
2019,position_evaluated,ANANTRAJ-EQ,hold,hold,True,target and post-trail stop decision
2020,position_evaluated,ANANTRAJ-EQ,hold,hold,True,target and post-trail stop decision
2021,position_evaluated,ANANTRAJ-EQ,hold,hold,True,target and post-trail stop decision
2022,position_evaluated,ANANTRAJ-EQ,hold,hold,True,target and post-trail stop decision
2023,position_evaluated,ANANTRAJ-EQ,hold,hold,True,target and post-trail stop decision
2024,position_evaluated,ANANTRAJ-EQ,hold,hold,True,target and post-trail stop decision
2025,position_evaluated,ANANTRAJ-EQ,hold,hold,True,target and post-trail stop decision
2026,position_evaluated,ANANTRAJ-EQ,hold,hold,True,target and post-trail stop decision
2027,position_evaluated,ANANTRAJ-EQ,hold,hold,True,target and post-trail stop decision
2028,position_evaluated,ANANTRAJ-EQ,hold,hold,True,target and post-trail stop decision
2029,position_evaluated,ANANTRAJ-EQ,hold,hold,True,target and post-trail stop decision
2030,position_evaluated,ANANTRAJ-EQ,hold,hold,True,target and post-trail stop decision
2031,position_evaluated,ANANTRAJ-EQ,hold,hold,True,target and post-trail stop decision
2032,position_evaluated,ANANTRAJ-EQ,hold,hold,True,target and post-trail stop decision
2033,position_evaluated,ANANTRAJ-EQ,hold,hold,True,target and post-trail stop decision
2034,position_evaluated,ANANTRAJ-EQ,hold,hold,True,target and post-trail stop decision
2035,position_evaluated,ANANTRAJ-EQ,hold,hold,True,target and post-trail stop decision
2036,position_evaluated,ANANTRAJ-EQ,hold,hold,True,target and post-trail stop decision
2037,position_evaluated,ANANTRAJ-EQ,hold,hold,True,target and post-trail stop decision
2038,position_evaluated,ANANTRAJ-EQ,hold,hold,True,target and post-trail stop decision
2039,position_evaluated,ANANTRAJ-EQ,hold,hold,True,target and post-trail stop decision
2040,position_evaluated,ANANTRAJ-EQ,hold,hold,True,target and post-trail stop decision
2041,position_evaluated,ANANTRAJ-EQ,hold,hold,True,target and post-trail stop decision
2042,position_evaluated,ANANTRAJ-EQ,hold,hold,True,target and post-trail stop decision
2043,position_evaluated,ANANTRAJ-EQ,hold,hold,True,target and post-trail stop decision
2044,position_evaluated,ANANTRAJ-EQ,hold,hold,True,target and post-trail stop decision
2045,position_evaluated,ANANTRAJ-EQ,hold,hold,True,target and post-trail stop decision
2046,position_evaluated,ANANTRAJ-EQ,hold,hold,True,target and post-trail stop decision
2047,position_evaluated,ANANTRAJ-EQ,hold,hold,True,target and post-trail stop decision
2048,position_evaluated,ANANTRAJ-EQ,hold,hold,True,target and post-trail stop decision
2049,position_evaluated,ANANTRAJ-EQ,hold,hold,True,target and post-trail stop decision
2050,position_evaluated,ANANTRAJ-EQ,hold,hold,True,target and post-trail stop decision
2051,position_evaluated,ANANTRAJ-EQ,hold,hold,True,target and post-trail stop decision
2052,position_evaluated,ANANTRAJ-EQ,hold,hold,True,target and post-trail stop decision
2053,position_evaluated,ANANTRAJ-EQ,hold,hold,True,target and post-trail stop decision
2054,position_evaluated,ANANTRAJ-EQ,hold,hold,True,target and post-trail stop decision
2055,position_evaluated,ANANTRAJ-EQ,hold,hold,True,target and post-trail stop decision
2056,position_evaluated,ANANTRAJ-EQ,hold,hold,True,target and post-trail stop decision
2057,position_evaluated,ANANTRAJ-EQ,hold,hold,True,target and post-trail stop decision
2058,position_evaluated,ANANTRAJ-EQ,hold,hold,True,target and post-trail stop decision
2059,position_evaluated,ANANTRAJ-EQ,hold,hold,True,target and post-trail stop decision
2060,position_evaluated,ANANTRAJ-EQ,hold,hold,True,target and post-trail stop decision
2061,position_evaluated,ANANTRAJ-EQ,hold,hold,True,target and post-trail stop decision
2062,position_evaluated,ANANTRAJ-EQ,hold,hold,True,target and post-trail stop decision
2063,position_evaluated,ANANTRAJ-EQ,hold,hold,True,target and post-trail stop decision
2064,position_evaluated,ANANTRAJ-EQ,hold,hold,True,target and post-trail stop decision
2065,position_evaluated,ANANTRAJ-EQ,hold,hold,True,target and post-trail stop decision
2066,position_evaluated,ANANTRAJ-EQ,hold,hold,True,target and post-trail stop decision
2067,position_evaluated,ANANTRAJ-EQ,hold,hold,True,target and post-trail stop decision
2068,position_evaluated,ANANTRAJ-EQ,hold,hold,True,target and post-trail stop decision
2069,position_evaluated,ANANTRAJ-EQ,hold,hold,True,target and post-trail stop decision
2070,position_evaluated,ANANTRAJ-EQ,hold,hold,True,target and post-trail stop decision
2071,position_evaluated,ANANTRAJ-EQ,hold,hold,True,target and post-trail stop decision
2072,position_evaluated,ANANTRAJ-EQ,hold,hold,True,target and post-trail stop decision
2073,position_evaluated,ANANTRAJ-EQ,hold,hold,True,target and post-trail stop decision
2074,position_evaluated,ANANTRAJ-EQ,hold,hold,True,target and post-trail stop decision
2075,position_evaluated,ANANTRAJ-EQ,hold,hold,True,target and post-trail stop decision
2076,position_evaluated,ANANTRAJ-EQ,hold,hold,True,target and post-trail stop decision
2077,position_evaluated,ANANTRAJ-EQ,hold,hold,True,target and post-trail stop decision
2078,position_evaluated,ANANTRAJ-EQ,hold,hold,True,target and post-trail stop decision
2079,position_evaluated,ANANTRAJ-EQ,hold,hold,True,target and post-trail stop decision
2080,position_evaluated,ANANTRAJ-EQ,hold,hold,True,target and post-trail stop decision
2081,position_evaluated,ANANTRAJ-EQ,hold,hold,True,target and post-trail stop decision
2082,position_evaluated,ANANTRAJ-EQ,hold,hold,True,target and post-trail stop decision
2083,position_evaluated,ANANTRAJ-EQ,hold,hold,True,target and post-trail stop decision
2084,position_evaluated,ANANTRAJ-EQ,hold,hold,True,target and post-trail stop decision
2085,position_evaluated,ANANTRAJ-EQ,hold,hold,True,target and post-trail stop decision
2086,position_evaluated,ANANTRAJ-EQ,hold,hold,True,target and post-trail stop decision
2087,position_evaluated,ANANTRAJ-EQ,hold,hold,True,target and post-trail stop decision
2088,position_evaluated,ANANTRAJ-EQ,hold,hold,True,target and post-trail stop decision
2089,position_evaluated,ANANTRAJ-EQ,hold,hold,True,target and post-trail stop decision
2090,position_evaluated,ANANTRAJ-EQ,hold,hold,True,target and post-trail stop decision
2091,position_evaluated,ANANTRAJ-EQ,hold,hold,True,target and post-trail stop decision
2092,position_evaluated,ANANTRAJ-EQ,hold,hold,True,target and post-trail stop decision
2093,position_evaluated,ANANTRAJ-EQ,hold,hold,True,target and post-trail stop decision
2094,position_evaluated,ANANTRAJ-EQ,hold,hold,True,target and post-trail stop decision
2095,position_evaluated,ANANTRAJ-EQ,hold,hold,True,target and post-trail stop decision
2096,position_evaluated,ANANTRAJ-EQ,hold,hold,True,target and post-trail stop decision
2097,position_evaluated,ANANTRAJ-EQ,hold,hold,True,target and post-trail stop decision
2098,position_evaluated,ANANTRAJ-EQ,hold,hold,True,target and post-trail stop decision
2099,position_evaluated,ANANTRAJ-EQ,hold,hold,True,target and post-trail stop decision
2100,position_evaluated,ANANTRAJ-EQ,hold,hold,True,target and post-trail stop decision
2101,position_evaluated,ANANTRAJ-EQ,hold,hold,True,target and post-trail stop decision
2102,position_evaluated,ANANTRAJ-EQ,hold,hold,True,target and post-trail stop decision
2103,position_evaluated,ANANTRAJ-EQ,hold,hold,True,target and post-trail stop decision
2104,position_evaluated,ANANTRAJ-EQ,hold,hold,True,target and post-trail stop decision
2105,position_evaluated,ANANTRAJ-EQ,hold,hold,True,target and post-trail stop decision
2106,position_evaluated,ANANTRAJ-EQ,hold,hold,True,target and post-trail stop decision
2107,position_evaluated,ANANTRAJ-EQ,hold,hold,True,target and post-trail stop decision
2108,position_evaluated,ANANTRAJ-EQ,hold,hold,True,target and post-trail stop decision
2109,position_evaluated,ANANTRAJ-EQ,hold,hold,True,target and post-trail stop decision
2110,position_evaluated,ANANTRAJ-EQ,hold,hold,True,target and post-trail stop decision
2111,position_evaluated,ANANTRAJ-EQ,hold,hold,True,target and post-trail stop decision
2112,position_evaluated,ANANTRAJ-EQ,hold,hold,True,target and post-trail stop decision
2113,position_evaluated,ANANTRAJ-EQ,hold,hold,True,target and post-trail stop decision
2114,position_evaluated,ANANTRAJ-EQ,hold,hold,True,target and post-trail stop decision
2115,position_evaluated,ANANTRAJ-EQ,hold,hold,True,target and post-trail stop decision
2116,position_evaluated,ANANTRAJ-EQ,hold,hold,True,target and post-trail stop decision
2117,position_evaluated,ANANTRAJ-EQ,hold,hold,True,target and post-trail stop decision
2118,position_evaluated,ANANTRAJ-EQ,hold,hold,True,target and post-trail stop decision
2119,position_evaluated,ANANTRAJ-EQ,hold,hold,True,target and post-trail stop decision
2120,position_evaluated,ANANTRAJ-EQ,hold,hold,True,target and post-trail stop decision
2121,position_evaluated,ANANTRAJ-EQ,hold,hold,True,target and post-trail stop decision
2122,position_evaluated,ANANTRAJ-EQ,hold,hold,True,target and post-trail stop decision
2123,position_evaluated,ANANTRAJ-EQ,hold,hold,True,target and post-trail stop decision
2124,position_evaluated,ANANTRAJ-EQ,hold,hold,True,target and post-trail stop decision
2125,position_evaluated,ANANTRAJ-EQ,hold,hold,True,target and post-trail stop decision
2126,position_evaluated,ANANTRAJ-EQ,hold,hold,True,target and post-trail stop decision
2127,position_evaluated,ANANTRAJ-EQ,hold,hold,True,target and post-trail stop decision
2128,position_evaluated,ANANTRAJ-EQ,hold,hold,True,target and post-trail stop decision
2129,position_evaluated,ANANTRAJ-EQ,hold,hold,True,target and post-trail stop decision
2130,position_evaluated,ANANTRAJ-EQ,hold,hold,True,target and post-trail stop decision
2131,position_evaluated,ANANTRAJ-EQ,hold,hold,True,target and post-trail stop decision
2132,position_evaluated,ANANTRAJ-EQ,hold,hold,True,target and post-trail stop decision
2133,position_evaluated,ANANTRAJ-EQ,hold,hold,True,target and post-trail stop decision
2134,position_evaluated,ANANTRAJ-EQ,hold,hold,True,target and post-trail stop decision
2135,position_evaluated,ANANTRAJ-EQ,hold,hold,True,target and post-trail stop decision
2136,position_evaluated,ANANTRAJ-EQ,hold,hold,True,target and post-trail stop decision
2137,position_evaluated,ANANTRAJ-EQ,hold,hold,True,target and post-trail stop decision
2138,position_evaluated,ANANTRAJ-EQ,hold,hold,True,target and post-trail stop decision
2139,position_evaluated,ANANTRAJ-EQ,hold,hold,True,target and post-trail stop decision
2140,position_evaluated,ANANTRAJ-EQ,hold,hold,True,target and post-trail stop decision
2141,position_evaluated,ANANTRAJ-EQ,hold,hold,True,target and post-trail stop decision
2142,position_evaluated,ANANTRAJ-EQ,hold,hold,True,target and post-trail stop decision
2143,position_evaluated,ANANTRAJ-EQ,hold,hold,True,target and post-trail stop decision
2144,position_evaluated,ANANTRAJ-EQ,hold,hold,True,target and post-trail stop decision
2145,position_evaluated,ANANTRAJ-EQ,hold,hold,True,target and post-trail stop decision
2146,position_evaluated,ANANTRAJ-EQ,hold,hold,True,target and post-trail stop decision
2147,position_evaluated,ANANTRAJ-EQ,hold,hold,True,target and post-trail stop decision
2148,position_evaluated,ANANTRAJ-EQ,hold,hold,True,target and post-trail stop decision
2149,position_evaluated,ANANTRAJ-EQ,hold,hold,True,target and post-trail stop decision
2150,position_evaluated,ANANTRAJ-EQ,hold,hold,True,target and post-trail stop decision
2151,position_evaluated,ANANTRAJ-EQ,hold,hold,True,target and post-trail stop decision
2152,position_evaluated,ANANTRAJ-EQ,hold,hold,True,target and post-trail stop decision
2153,position_evaluated,ANANTRAJ-EQ,hold,hold,True,target and post-trail stop decision
2154,position_evaluated,ANANTRAJ-EQ,hold,hold,True,target and post-trail stop decision
2155,position_evaluated,ANANTRAJ-EQ,hold,hold,True,target and post-trail stop decision
2156,position_evaluated,ANANTRAJ-EQ,hold,hold,True,target and post-trail stop decision
2157,position_evaluated,ANANTRAJ-EQ,hold,hold,True,target and post-trail stop decision
2158,position_evaluated,ANANTRAJ-EQ,hold,hold,True,target and post-trail stop decision
2159,position_evaluated,ANANTRAJ-EQ,hold,hold,True,target and post-trail stop decision
2160,position_evaluated,ANANTRAJ-EQ,hold,hold,True,target and post-trail stop decision
2161,position_evaluated,ANANTRAJ-EQ,hold,hold,True,target and post-trail stop decision
2162,position_evaluated,ANANTRAJ-EQ,hold,hold,True,target and post-trail stop decision
2163,position_evaluated,ANANTRAJ-EQ,hold,hold,True,target and post-trail stop decision
2164,position_evaluated,ANANTRAJ-EQ,hold,hold,True,target and post-trail stop decision
2165,position_evaluated,ANANTRAJ-EQ,hold,hold,True,target and post-trail stop decision
2166,position_evaluated,ANANTRAJ-EQ,hold,hold,True,target and post-trail stop decision
2167,position_evaluated,ANANTRAJ-EQ,hold,hold,True,target and post-trail stop decision
2168,position_evaluated,ANANTRAJ-EQ,hold,hold,True,target and post-trail stop decision
2169,position_evaluated,ANANTRAJ-EQ,hold,hold,True,target and post-trail stop decision
2170,position_evaluated,ANANTRAJ-EQ,hold,hold,True,target and post-trail stop decision
2171,position_evaluated,ANANTRAJ-EQ,hold,hold,True,target and post-trail stop decision
2172,position_evaluated,ANANTRAJ-EQ,hold,hold,True,target and post-trail stop decision
2173,position_evaluated,ANANTRAJ-EQ,hold,hold,True,target and post-trail stop decision
2174,position_evaluated,ANANTRAJ-EQ,hold,hold,True,target and post-trail stop decision
2175,position_evaluated,ANANTRAJ-EQ,hold,hold,True,target and post-trail stop decision
2176,position_evaluated,ANANTRAJ-EQ,hold,hold,True,target and post-trail stop decision
2177,position_evaluated,ANANTRAJ-EQ,hold,hold,True,target and post-trail stop decision
2178,position_evaluated,ANANTRAJ-EQ,hold,hold,True,target and post-trail stop decision
2179,position_evaluated,ANANTRAJ-EQ,hold,hold,True,target and post-trail stop decision
2180,position_evaluated,ANANTRAJ-EQ,hold,hold,True,target and post-trail stop decision
2181,position_evaluated,ANANTRAJ-EQ,hold,hold,True,target and post-trail stop decision
2182,position_evaluated,ANANTRAJ-EQ,hold,hold,True,target and post-trail stop decision
2183,position_evaluated,ANANTRAJ-EQ,hold,hold,True,target and post-trail stop decision
2184,position_evaluated,ANANTRAJ-EQ,hold,hold,True,target and post-trail stop decision
2185,position_evaluated,ANANTRAJ-EQ,hold,hold,True,target and post-trail stop decision
2186,position_evaluated,ANANTRAJ-EQ,hold,hold,True,target and post-trail stop decision
2187,position_evaluated,ANANTRAJ-EQ,hold,hold,True,target and post-trail stop decision
2188,position_evaluated,ANANTRAJ-EQ,hold,hold,True,target and post-trail stop decision
2189,position_evaluated,ANANTRAJ-EQ,hold,hold,True,target and post-trail stop decision
2190,position_evaluated,ANANTRAJ-EQ,hold,hold,True,target and post-trail stop decision
2191,position_evaluated,ANANTRAJ-EQ,hold,hold,True,target and post-trail stop decision
2192,position_evaluated,ANANTRAJ-EQ,hold,hold,True,target and post-trail stop decision
2193,position_evaluated,ANANTRAJ-EQ,hold,hold,True,target and post-trail stop decision
2194,position_evaluated,ANANTRAJ-EQ,hold,hold,True,target and post-trail stop decision
2195,position_evaluated,ANANTRAJ-EQ,hold,hold,True,target and post-trail stop decision
2196,position_evaluated,ANANTRAJ-EQ,hold,hold,True,target and post-trail stop decision
2197,position_evaluated,ANANTRAJ-EQ,hold,hold,True,target and post-trail stop decision
2198,position_evaluated,ANANTRAJ-EQ,hold,hold,True,target and post-trail stop decision
2199,position_evaluated,ANANTRAJ-EQ,hold,hold,True,target and post-trail stop decision
2200,position_evaluated,ANANTRAJ-EQ,hold,hold,True,target and post-trail stop decision
2201,position_evaluated,ANANTRAJ-EQ,hold,hold,True,target and post-trail stop decision
2202,position_evaluated,ANANTRAJ-EQ,hold,hold,True,target and post-trail stop decision
2203,position_evaluated,ANANTRAJ-EQ,hold,hold,True,target and post-trail stop decision
2204,position_evaluated,ANANTRAJ-EQ,hold,hold,True,target and post-trail stop decision
2205,position_evaluated,ANANTRAJ-EQ,hold,hold,True,target and post-trail stop decision
2206,position_evaluated,ANANTRAJ-EQ,hold,hold,True,target and post-trail stop decision
2207,position_evaluated,ANANTRAJ-EQ,hold,hold,True,target and post-trail stop decision
2208,position_evaluated,ANANTRAJ-EQ,hold,hold,True,target and post-trail stop decision
2209,position_evaluated,ANANTRAJ-EQ,hold,hold,True,target and post-trail stop decision
2210,position_evaluated,ANANTRAJ-EQ,hold,hold,True,target and post-trail stop decision
2211,position_evaluated,ANANTRAJ-EQ,hold,hold,True,target and post-trail stop decision
2212,position_evaluated,ANANTRAJ-EQ,hold,hold,True,target and post-trail stop decision
2213,position_evaluated,ANANTRAJ-EQ,hold,hold,True,target and post-trail stop decision
2214,position_evaluated,ANANTRAJ-EQ,hold,hold,True,target and post-trail stop decision
2215,position_evaluated,ANANTRAJ-EQ,hold,hold,True,target and post-trail stop decision
2216,position_evaluated,ANANTRAJ-EQ,hold,hold,True,target and post-trail stop decision
2217,position_evaluated,ANANTRAJ-EQ,hold,hold,True,target and post-trail stop decision
2218,position_evaluated,ANANTRAJ-EQ,hold,hold,True,target and post-trail stop decision
2219,position_evaluated,ANANTRAJ-EQ,hold,hold,True,target and post-trail stop decision
2220,position_evaluated,ANANTRAJ-EQ,hold,hold,True,target and post-trail stop decision
2221,position_evaluated,ANANTRAJ-EQ,hold,hold,True,target and post-trail stop decision
2222,position_evaluated,ANANTRAJ-EQ,hold,hold,True,target and post-trail stop decision
2223,position_evaluated,ANANTRAJ-EQ,hold,hold,True,target and post-trail stop decision
2224,position_evaluated,ANANTRAJ-EQ,hold,hold,True,target and post-trail stop decision
2225,position_evaluated,ANANTRAJ-EQ,hold,hold,True,target and post-trail stop decision
2226,position_evaluated,ANANTRAJ-EQ,hold,hold,True,target and post-trail stop decision
2227,position_evaluated,ANANTRAJ-EQ,hold,hold,True,target and post-trail stop decision
2228,position_evaluated,ANANTRAJ-EQ,hold,hold,True,target and post-trail stop decision
2229,position_evaluated,ANANTRAJ-EQ,hold,hold,True,target and post-trail stop decision
2230,position_evaluated,ANANTRAJ-EQ,hold,hold,True,target and post-trail stop decision
2231,position_evaluated,ANANTRAJ-EQ,hold,hold,True,target and post-trail stop decision
2232,position_evaluated,ANANTRAJ-EQ,hold,hold,True,target and post-trail stop decision
2233,position_evaluated,ANANTRAJ-EQ,hold,hold,True,target and post-trail stop decision
2234,position_evaluated,ANANTRAJ-EQ,hold,hold,True,target and post-trail stop decision
2235,position_evaluated,ANANTRAJ-EQ,hold,hold,True,target and post-trail stop decision
2236,position_evaluated,ANANTRAJ-EQ,hold,hold,True,target and post-trail stop decision
2237,position_evaluated,ANANTRAJ-EQ,hold,hold,True,target and post-trail stop decision
2238,position_evaluated,ANANTRAJ-EQ,hold,hold,True,target and post-trail stop decision
2239,position_evaluated,ANANTRAJ-EQ,hold,hold,True,target and post-trail stop decision
2240,position_evaluated,ANANTRAJ-EQ,hold,hold,True,target and post-trail stop decision
2241,position_evaluated,ANANTRAJ-EQ,hold,hold,True,target and post-trail stop decision
2242,position_evaluated,ANANTRAJ-EQ,hold,hold,True,target and post-trail stop decision
2243,position_evaluated,ANANTRAJ-EQ,hold,hold,True,target and post-trail stop decision
2244,position_evaluated,ANANTRAJ-EQ,hold,hold,True,target and post-trail stop decision
2245,position_evaluated,ANANTRAJ-EQ,hold,hold,True,target and post-trail stop decision
2246,position_evaluated,ANANTRAJ-EQ,hold,hold,True,target and post-trail stop decision
2247,position_evaluated,ANANTRAJ-EQ,hold,hold,True,target and post-trail stop decision
2248,position_evaluated,ANANTRAJ-EQ,hold,hold,True,target and post-trail stop decision
2249,position_evaluated,ANANTRAJ-EQ,hold,hold,True,target and post-trail stop decision
2250,position_evaluated,ANANTRAJ-EQ,hold,hold,True,target and post-trail stop decision
2251,position_evaluated,ANANTRAJ-EQ,hold,hold,True,target and post-trail stop decision
2252,position_evaluated,ANANTRAJ-EQ,hold,hold,True,target and post-trail stop decision
2253,position_evaluated,ANANTRAJ-EQ,hold,hold,True,target and post-trail stop decision
2254,position_evaluated,ANANTRAJ-EQ,hold,hold,True,target and post-trail stop decision
2255,position_evaluated,ANANTRAJ-EQ,hold,hold,True,target and post-trail stop decision
2256,position_evaluated,ANANTRAJ-EQ,hold,hold,True,target and post-trail stop decision
2257,position_evaluated,ANANTRAJ-EQ,hold,hold,True,target and post-trail stop decision
2258,position_evaluated,ANANTRAJ-EQ,hold,hold,True,target and post-trail stop decision
2259,position_evaluated,ANANTRAJ-EQ,hold,hold,True,target and post-trail stop decision
2260,position_evaluated,ANANTRAJ-EQ,hold,hold,True,target and post-trail stop decision
2261,position_evaluated,ANANTRAJ-EQ,hold,hold,True,target and post-trail stop decision
2262,position_evaluated,ANANTRAJ-EQ,hold,hold,True,target and post-trail stop decision
2263,position_evaluated,ANANTRAJ-EQ,hold,hold,True,target and post-trail stop decision
2264,position_evaluated,ANANTRAJ-EQ,hold,hold,True,target and post-trail stop decision
2265,position_evaluated,ANANTRAJ-EQ,hold,hold,True,target and post-trail stop decision
2266,position_evaluated,ANANTRAJ-EQ,hold,hold,True,target and post-trail stop decision
2267,position_evaluated,ANANTRAJ-EQ,hold,hold,True,target and post-trail stop decision
2268,position_evaluated,ANANTRAJ-EQ,hold,hold,True,target and post-trail stop decision
2269,position_evaluated,ANANTRAJ-EQ,hold,hold,True,target and post-trail stop decision
2270,position_evaluated,ANANTRAJ-EQ,hold,hold,True,target and post-trail stop decision
2271,position_evaluated,ANANTRAJ-EQ,hold,hold,True,target and post-trail stop decision
2272,position_evaluated,ANANTRAJ-EQ,hold,hold,True,target and post-trail stop decision
2273,position_evaluated,ANANTRAJ-EQ,hold,hold,True,target and post-trail stop decision
2274,position_evaluated,ANANTRAJ-EQ,hold,hold,True,target and post-trail stop decision
2275,position_evaluated,ANANTRAJ-EQ,hold,hold,True,target and post-trail stop decision
2276,position_evaluated,ANANTRAJ-EQ,hold,hold,True,target and post-trail stop decision
2277,position_evaluated,ANANTRAJ-EQ,hold,hold,True,target and post-trail stop decision
2278,position_evaluated,ANANTRAJ-EQ,hold,hold,True,target and post-trail stop decision
2279,position_evaluated,ANANTRAJ-EQ,hold,hold,True,target and post-trail stop decision
2280,position_evaluated,ANANTRAJ-EQ,hold,hold,True,target and post-trail stop decision
2281,position_evaluated,ANANTRAJ-EQ,hold,hold,True,target and post-trail stop decision
2282,position_evaluated,ANANTRAJ-EQ,hold,hold,True,target and post-trail stop decision
2283,position_evaluated,ANANTRAJ-EQ,hold,hold,True,target and post-trail stop decision
2284,position_evaluated,ANANTRAJ-EQ,hold,hold,True,target and post-trail stop decision
2285,position_evaluated,ANANTRAJ-EQ,hold,hold,True,target and post-trail stop decision
2286,position_evaluated,ANANTRAJ-EQ,hold,hold,True,target and post-trail stop decision
2287,position_evaluated,ANANTRAJ-EQ,hold,hold,True,target and post-trail stop decision
2288,position_evaluated,ANANTRAJ-EQ,hold,hold,True,target and post-trail stop decision
2289,position_evaluated,ANANTRAJ-EQ,hold,hold,True,target and post-trail stop decision
2290,position_evaluated,ANANTRAJ-EQ,hold,hold,True,target and post-trail stop decision
2291,position_evaluated,ANANTRAJ-EQ,hold,hold,True,target and post-trail stop decision
2292,position_evaluated,ANANTRAJ-EQ,hold,hold,True,target and post-trail stop decision
2293,position_evaluated,ANANTRAJ-EQ,hold,hold,True,target and post-trail stop decision
2294,position_evaluated,ANANTRAJ-EQ,hold,hold,True,target and post-trail stop decision
2295,position_evaluated,ANANTRAJ-EQ,hold,hold,True,target and post-trail stop decision
2296,position_evaluated,ANANTRAJ-EQ,hold,hold,True,target and post-trail stop decision
2297,position_evaluated,ANANTRAJ-EQ,hold,hold,True,target and post-trail stop decision
2298,position_evaluated,ANANTRAJ-EQ,hold,hold,True,target and post-trail stop decision
2299,position_evaluated,ANANTRAJ-EQ,hold,hold,True,target and post-trail stop decision
2300,position_evaluated,ANANTRAJ-EQ,hold,hold,True,target and post-trail stop decision
2301,position_evaluated,ANANTRAJ-EQ,hold,hold,True,target and post-trail stop decision
2302,position_evaluated,ANANTRAJ-EQ,hold,hold,True,target and post-trail stop decision
2303,position_evaluated,ANANTRAJ-EQ,hold,hold,True,target and post-trail stop decision
2304,position_evaluated,ANANTRAJ-EQ,hold,hold,True,target and post-trail stop decision
2305,position_evaluated,ANANTRAJ-EQ,hold,hold,True,target and post-trail stop decision
2306,position_evaluated,ANANTRAJ-EQ,hold,hold,True,target and post-trail stop decision
2307,position_evaluated,ANANTRAJ-EQ,hold,hold,True,target and post-trail stop decision
2308,position_evaluated,ANANTRAJ-EQ,hold,hold,True,target and post-trail stop decision
2309,position_evaluated,ANANTRAJ-EQ,hold,hold,True,target and post-trail stop decision
2310,position_evaluated,ANANTRAJ-EQ,hold,hold,True,target and post-trail stop decision
2311,position_evaluated,ANANTRAJ-EQ,hold,hold,True,target and post-trail stop decision
2312,position_evaluated,ANANTRAJ-EQ,hold,hold,True,target and post-trail stop decision
2313,position_evaluated,ANANTRAJ-EQ,hold,hold,True,target and post-trail stop decision
2314,position_evaluated,ANANTRAJ-EQ,hold,hold,True,target and post-trail stop decision
2315,position_evaluated,ANANTRAJ-EQ,hold,hold,True,target and post-trail stop decision
2316,position_evaluated,ANANTRAJ-EQ,hold,hold,True,target and post-trail stop decision
2317,position_evaluated,ANANTRAJ-EQ,hold,hold,True,target and post-trail stop decision
2318,position_evaluated,ANANTRAJ-EQ,hold,hold,True,target and post-trail stop decision
2319,position_evaluated,ANANTRAJ-EQ,hold,hold,True,target and post-trail stop decision
2320,position_evaluated,ANANTRAJ-EQ,hold,hold,True,target and post-trail stop decision
2321,position_evaluated,ANANTRAJ-EQ,hold,hold,True,target and post-trail stop decision
2322,position_evaluated,ANANTRAJ-EQ,hold,hold,True,target and post-trail stop decision
2323,position_evaluated,ANANTRAJ-EQ,hold,hold,True,target and post-trail stop decision
2324,position_evaluated,ANANTRAJ-EQ,hold,hold,True,target and post-trail stop decision
2325,position_evaluated,ANANTRAJ-EQ,hold,hold,True,target and post-trail stop decision
2326,position_evaluated,ANANTRAJ-EQ,hold,hold,True,target and post-trail stop decision
2327,position_evaluated,ANANTRAJ-EQ,hold,hold,True,target and post-trail stop decision
2328,position_evaluated,ANANTRAJ-EQ,hold,hold,True,target and post-trail stop decision
2329,position_evaluated,ANANTRAJ-EQ,hold,hold,True,target and post-trail stop decision
2330,position_evaluated,ANANTRAJ-EQ,hold,hold,True,target and post-trail stop decision
2331,position_evaluated,ANANTRAJ-EQ,hold,hold,True,target and post-trail stop decision
2332,position_evaluated,ANANTRAJ-EQ,hold,hold,True,target and post-trail stop decision
2333,position_evaluated,ANANTRAJ-EQ,hold,hold,True,target and post-trail stop decision
2334,position_evaluated,ANANTRAJ-EQ,hold,hold,True,target and post-trail stop decision
2335,position_evaluated,ANANTRAJ-EQ,hold,hold,True,target and post-trail stop decision
2336,position_evaluated,ANANTRAJ-EQ,hold,hold,True,target and post-trail stop decision
2337,position_evaluated,ANANTRAJ-EQ,hold,hold,True,target and post-trail stop decision
2338,position_evaluated,ANANTRAJ-EQ,hold,hold,True,target and post-trail stop decision
2339,position_evaluated,ANANTRAJ-EQ,hold,hold,True,target and post-trail stop decision
2340,position_evaluated,ANANTRAJ-EQ,hold,hold,True,target and post-trail stop decision
2341,position_evaluated,ANANTRAJ-EQ,hold,hold,True,target and post-trail stop decision
2342,position_evaluated,ANANTRAJ-EQ,hold,hold,True,target and post-trail stop decision
2343,position_evaluated,ANANTRAJ-EQ,hold,hold,True,target and post-trail stop decision
2344,position_evaluated,ANANTRAJ-EQ,hold,hold,True,target and post-trail stop decision
2345,position_evaluated,ANANTRAJ-EQ,hold,hold,True,target and post-trail stop decision
2346,position_evaluated,ANANTRAJ-EQ,hold,hold,True,target and post-trail stop decision
2347,position_evaluated,ANANTRAJ-EQ,hold,hold,True,target and post-trail stop decision
2348,position_evaluated,ANANTRAJ-EQ,hold,hold,True,target and post-trail stop decision
2349,position_evaluated,ANANTRAJ-EQ,hold,hold,True,target and post-trail stop decision
2350,position_evaluated,ANANTRAJ-EQ,hold,hold,True,target and post-trail stop decision
2351,position_evaluated,ANANTRAJ-EQ,hold,hold,True,target and post-trail stop decision
2352,position_evaluated,ANANTRAJ-EQ,hold,hold,True,target and post-trail stop decision
2353,position_evaluated,ANANTRAJ-EQ,hold,hold,True,target and post-trail stop decision
2354,position_evaluated,ANANTRAJ-EQ,hold,hold,True,target and post-trail stop decision
2355,position_evaluated,ANANTRAJ-EQ,hold,hold,True,target and post-trail stop decision
2356,position_evaluated,ANANTRAJ-EQ,hold,hold,True,target and post-trail stop decision
2357,position_evaluated,ANANTRAJ-EQ,hold,hold,True,target and post-trail stop decision
2358,position_evaluated,ANANTRAJ-EQ,hold,hold,True,target and post-trail stop decision
2359,position_evaluated,ANANTRAJ-EQ,hold,hold,True,target and post-trail stop decision
2360,position_evaluated,ANANTRAJ-EQ,hold,hold,True,target and post-trail stop decision
2361,position_evaluated,ANANTRAJ-EQ,hold,hold,True,target and post-trail stop decision
2362,position_evaluated,ANANTRAJ-EQ,hold,hold,True,target and post-trail stop decision
2363,position_evaluated,ANANTRAJ-EQ,hold,hold,True,target and post-trail stop decision
2364,position_evaluated,ANANTRAJ-EQ,hold,hold,True,target and post-trail stop decision
2365,position_evaluated,ANANTRAJ-EQ,hold,hold,True,target and post-trail stop decision
2366,position_evaluated,ANANTRAJ-EQ,hold,hold,True,target and post-trail stop decision
2367,position_evaluated,ANANTRAJ-EQ,hold,hold,True,target and post-trail stop decision
2368,position_evaluated,ANANTRAJ-EQ,hold,hold,True,target and post-trail stop decision
2369,position_evaluated,ANANTRAJ-EQ,hold,hold,True,target and post-trail stop decision
2370,position_evaluated,ANANTRAJ-EQ,hold,hold,True,target and post-trail stop decision
2371,position_evaluated,ANANTRAJ-EQ,hold,hold,True,target and post-trail stop decision
2372,position_evaluated,ANANTRAJ-EQ,hold,hold,True,target and post-trail stop decision
2373,position_evaluated,ANANTRAJ-EQ,hold,hold,True,target and post-trail stop decision
2374,position_evaluated,ANANTRAJ-EQ,hold,hold,True,target and post-trail stop decision
2375,position_evaluated,ANANTRAJ-EQ,hold,hold,True,target and post-trail stop decision
2376,position_evaluated,ANANTRAJ-EQ,hold,hold,True,target and post-trail stop decision
2377,position_evaluated,ANANTRAJ-EQ,hold,hold,True,target and post-trail stop decision
2378,position_evaluated,ANANTRAJ-EQ,hold,hold,True,target and post-trail stop decision
2379,position_evaluated,ANANTRAJ-EQ,hold,hold,True,target and post-trail stop decision
2380,position_evaluated,ANANTRAJ-EQ,hold,hold,True,target and post-trail stop decision
2381,position_evaluated,ANANTRAJ-EQ,hold,hold,True,target and post-trail stop decision
2382,position_evaluated,ANANTRAJ-EQ,hold,hold,True,target and post-trail stop decision
2383,position_evaluated,ANANTRAJ-EQ,hold,hold,True,target and post-trail stop decision
2384,position_evaluated,ANANTRAJ-EQ,hold,hold,True,target and post-trail stop decision
2385,position_evaluated,ANANTRAJ-EQ,hold,hold,True,target and post-trail stop decision
2386,position_evaluated,ANANTRAJ-EQ,hold,hold,True,target and post-trail stop decision
2387,position_evaluated,ANANTRAJ-EQ,hold,hold,True,target and post-trail stop decision
2388,position_evaluated,ANANTRAJ-EQ,hold,hold,True,target and post-trail stop decision
2389,position_evaluated,ANANTRAJ-EQ,hold,hold,True,target and post-trail stop decision
2390,position_evaluated,ANANTRAJ-EQ,hold,hold,True,target and post-trail stop decision
2391,position_evaluated,ANANTRAJ-EQ,hold,hold,True,target and post-trail stop decision
2392,position_evaluated,ANANTRAJ-EQ,hold,hold,True,target and post-trail stop decision
2393,position_evaluated,ANANTRAJ-EQ,hold,hold,True,target and post-trail stop decision
2394,position_evaluated,ANANTRAJ-EQ,hold,hold,True,target and post-trail stop decision
2395,position_evaluated,ANANTRAJ-EQ,hold,hold,True,target and post-trail stop decision
2396,position_evaluated,ANANTRAJ-EQ,hold,hold,True,target and post-trail stop decision
2397,position_evaluated,ANANTRAJ-EQ,hold,hold,True,target and post-trail stop decision
2398,position_evaluated,ANANTRAJ-EQ,hold,hold,True,target and post-trail stop decision
2399,position_evaluated,ANANTRAJ-EQ,hold,hold,True,target and post-trail stop decision
2400,position_evaluated,ANANTRAJ-EQ,hold,hold,True,target and post-trail stop decision
2401,position_evaluated,ANANTRAJ-EQ,hold,hold,True,target and post-trail stop decision
2402,position_evaluated,ANANTRAJ-EQ,hold,hold,True,target and post-trail stop decision
2403,position_evaluated,ANANTRAJ-EQ,hold,hold,True,target and post-trail stop decision
2404,position_evaluated,ANANTRAJ-EQ,hold,hold,True,target and post-trail stop decision
2405,position_evaluated,ANANTRAJ-EQ,hold,hold,True,target and post-trail stop decision
2406,position_evaluated,ANANTRAJ-EQ,hold,hold,True,target and post-trail stop decision
2407,position_evaluated,ANANTRAJ-EQ,hold,hold,True,target and post-trail stop decision
2408,position_evaluated,ANANTRAJ-EQ,hold,hold,True,target and post-trail stop decision
2409,position_evaluated,ANANTRAJ-EQ,hold,hold,True,target and post-trail stop decision
2410,position_evaluated,ANANTRAJ-EQ,hold,hold,True,target and post-trail stop decision
2411,position_evaluated,ANANTRAJ-EQ,hold,hold,True,target and post-trail stop decision
2412,position_evaluated,ANANTRAJ-EQ,hold,hold,True,target and post-trail stop decision
2413,position_evaluated,ANANTRAJ-EQ,hold,hold,True,target and post-trail stop decision
2414,position_evaluated,ANANTRAJ-EQ,hold,hold,True,target and post-trail stop decision
2415,position_evaluated,ANANTRAJ-EQ,hold,hold,True,target and post-trail stop decision
2416,position_evaluated,ANANTRAJ-EQ,hold,hold,True,target and post-trail stop decision
2417,position_evaluated,ANANTRAJ-EQ,hold,hold,True,target and post-trail stop decision
2418,position_evaluated,ANANTRAJ-EQ,hold,hold,True,target and post-trail stop decision
2419,position_evaluated,ANANTRAJ-EQ,hold,hold,True,target and post-trail stop decision
2420,position_evaluated,ANANTRAJ-EQ,hold,hold,True,target and post-trail stop decision
2421,position_evaluated,ANANTRAJ-EQ,hold,hold,True,target and post-trail stop decision
2422,position_evaluated,ANANTRAJ-EQ,hold,hold,True,target and post-trail stop decision
2423,position_evaluated,ANANTRAJ-EQ,hold,hold,True,target and post-trail stop decision
2424,position_evaluated,ANANTRAJ-EQ,hold,hold,True,target and post-trail stop decision
2425,position_evaluated,ANANTRAJ-EQ,hold,hold,True,target and post-trail stop decision
2426,position_evaluated,ANANTRAJ-EQ,hold,hold,True,target and post-trail stop decision
2427,position_evaluated,ANANTRAJ-EQ,hold,hold,True,target and post-trail stop decision
2428,position_evaluated,ANANTRAJ-EQ,hold,hold,True,target and post-trail stop decision
2429,position_evaluated,ANANTRAJ-EQ,hold,hold,True,target and post-trail stop decision
2430,position_evaluated,ANANTRAJ-EQ,hold,hold,True,target and post-trail stop decision
2431,position_evaluated,ANANTRAJ-EQ,hold,hold,True,target and post-trail stop decision
2432,position_evaluated,ANANTRAJ-EQ,hold,hold,True,target and post-trail stop decision
2433,position_evaluated,ANANTRAJ-EQ,hold,hold,True,target and post-trail stop decision
2434,position_evaluated,ANANTRAJ-EQ,hold,hold,True,target and post-trail stop decision
2435,position_evaluated,ANANTRAJ-EQ,hold,hold,True,target and post-trail stop decision
2436,position_evaluated,ANANTRAJ-EQ,hold,hold,True,target and post-trail stop decision
2437,position_evaluated,ANANTRAJ-EQ,hold,hold,True,target and post-trail stop decision
2438,position_evaluated,ANANTRAJ-EQ,hold,hold,True,target and post-trail stop decision
2439,position_evaluated,ANANTRAJ-EQ,hold,hold,True,target and post-trail stop decision
2440,position_evaluated,ANANTRAJ-EQ,hold,hold,True,target and post-trail stop decision
2441,position_evaluated,ANANTRAJ-EQ,hold,hold,True,target and post-trail stop decision
2442,position_evaluated,ANANTRAJ-EQ,hold,hold,True,target and post-trail stop decision
2443,position_evaluated,ANANTRAJ-EQ,hold,hold,True,target and post-trail stop decision
2444,position_evaluated,ANANTRAJ-EQ,hold,hold,True,target and post-trail stop decision
2445,position_evaluated,ANANTRAJ-EQ,hold,hold,True,target and post-trail stop decision
2446,position_evaluated,ANANTRAJ-EQ,hold,hold,True,target and post-trail stop decision
2447,position_evaluated,ANANTRAJ-EQ,hold,hold,True,target and post-trail stop decision
2448,position_evaluated,ANANTRAJ-EQ,hold,hold,True,target and post-trail stop decision
2449,position_evaluated,ANANTRAJ-EQ,hold,hold,True,target and post-trail stop decision
2450,position_evaluated,ANANTRAJ-EQ,hold,hold,True,target and post-trail stop decision
2451,position_evaluated,ANANTRAJ-EQ,hold,hold,True,target and post-trail stop decision
2452,position_evaluated,ANANTRAJ-EQ,hold,hold,True,target and post-trail stop decision
2453,position_evaluated,ANANTRAJ-EQ,hold,hold,True,target and post-trail stop decision
2454,position_evaluated,ANANTRAJ-EQ,hold,hold,True,target and post-trail stop decision
2455,position_evaluated,ANANTRAJ-EQ,hold,hold,True,target and post-trail stop decision
2456,position_evaluated,ANANTRAJ-EQ,hold,hold,True,target and post-trail stop decision
2457,position_evaluated,ANANTRAJ-EQ,hold,hold,True,target and post-trail stop decision
2458,position_evaluated,ANANTRAJ-EQ,hold,hold,True,target and post-trail stop decision
2459,position_evaluated,ANANTRAJ-EQ,hold,hold,True,target and post-trail stop decision
2460,position_evaluated,ANANTRAJ-EQ,hold,hold,True,target and post-trail stop decision
2461,position_evaluated,ANANTRAJ-EQ,hold,hold,True,target and post-trail stop decision
2462,position_evaluated,ANANTRAJ-EQ,hold,hold,True,target and post-trail stop decision
2463,position_evaluated,ANANTRAJ-EQ,hold,hold,True,target and post-trail stop decision
2464,position_evaluated,ANANTRAJ-EQ,hold,hold,True,target and post-trail stop decision
2465,position_evaluated,ANANTRAJ-EQ,hold,hold,True,target and post-trail stop decision
2466,position_evaluated,ANANTRAJ-EQ,hold,hold,True,target and post-trail stop decision
2467,position_evaluated,ANANTRAJ-EQ,hold,hold,True,target and post-trail stop decision
2468,position_evaluated,ANANTRAJ-EQ,hold,hold,True,target and post-trail stop decision
2469,position_evaluated,ANANTRAJ-EQ,hold,hold,True,target and post-trail stop decision
2470,position_evaluated,ANANTRAJ-EQ,hold,hold,True,target and post-trail stop decision
2471,position_evaluated,ANANTRAJ-EQ,hold,hold,True,target and post-trail stop decision
2472,position_evaluated,ANANTRAJ-EQ,hold,hold,True,target and post-trail stop decision
2473,position_evaluated,ANANTRAJ-EQ,hold,hold,True,target and post-trail stop decision
2474,position_evaluated,ANANTRAJ-EQ,hold,hold,True,target and post-trail stop decision
2475,position_evaluated,ANANTRAJ-EQ,hold,hold,True,target and post-trail stop decision
2476,position_evaluated,ANANTRAJ-EQ,hold,hold,True,target and post-trail stop decision
2477,position_evaluated,ANANTRAJ-EQ,hold,hold,True,target and post-trail stop decision
2478,position_evaluated,ANANTRAJ-EQ,hold,hold,True,target and post-trail stop decision
2479,position_evaluated,ANANTRAJ-EQ,hold,hold,True,target and post-trail stop decision
2480,position_evaluated,ANANTRAJ-EQ,hold,hold,True,target and post-trail stop decision
2481,position_evaluated,ANANTRAJ-EQ,hold,hold,True,target and post-trail stop decision
2482,position_evaluated,ANANTRAJ-EQ,hold,hold,True,target and post-trail stop decision
2483,position_evaluated,ANANTRAJ-EQ,hold,hold,True,target and post-trail stop decision
2484,position_evaluated,ANANTRAJ-EQ,hold,hold,True,target and post-trail stop decision
2485,position_evaluated,ANANTRAJ-EQ,hold,hold,True,target and post-trail stop decision
2486,position_evaluated,ANANTRAJ-EQ,hold,hold,True,target and post-trail stop decision
2487,position_evaluated,ANANTRAJ-EQ,hold,hold,True,target and post-trail stop decision
2488,position_evaluated,ANANTRAJ-EQ,hold,hold,True,target and post-trail stop decision
2489,position_evaluated,ANANTRAJ-EQ,hold,hold,True,target and post-trail stop decision
2490,position_evaluated,ANANTRAJ-EQ,hold,hold,True,target and post-trail stop decision
2491,position_evaluated,ANANTRAJ-EQ,hold,hold,True,target and post-trail stop decision
2492,position_evaluated,ANANTRAJ-EQ,hold,hold,True,target and post-trail stop decision
2493,position_evaluated,ANANTRAJ-EQ,hold,hold,True,target and post-trail stop decision
2494,position_evaluated,ANANTRAJ-EQ,hold,hold,True,target and post-trail stop decision
2495,position_evaluated,ANANTRAJ-EQ,hold,hold,True,target and post-trail stop decision
2496,position_evaluated,ANANTRAJ-EQ,hold,hold,True,target and post-trail stop decision
2497,position_evaluated,ANANTRAJ-EQ,hold,hold,True,target and post-trail stop decision
2498,position_evaluated,ANANTRAJ-EQ,hold,hold,True,target and post-trail stop decision
2499,position_evaluated,ANANTRAJ-EQ,hold,hold,True,target and post-trail stop decision
2500,position_evaluated,ANANTRAJ-EQ,hold,hold,True,target and post-trail stop decision
2501,position_evaluated,ANANTRAJ-EQ,hold,hold,True,target and post-trail stop decision
2502,position_evaluated,ANANTRAJ-EQ,hold,hold,True,target and post-trail stop decision
2503,position_evaluated,ANANTRAJ-EQ,hold,hold,True,target and post-trail stop decision
2504,position_evaluated,ANANTRAJ-EQ,hold,hold,True,target and post-trail stop decision
2505,position_evaluated,ANANTRAJ-EQ,hold,hold,True,target and post-trail stop decision
2506,position_evaluated,ANANTRAJ-EQ,hold,hold,True,target and post-trail stop decision
2507,position_evaluated,ANANTRAJ-EQ,hold,hold,True,target and post-trail stop decision
2508,position_evaluated,ANANTRAJ-EQ,hold,hold,True,target and post-trail stop decision
2509,position_evaluated,ANANTRAJ-EQ,hold,hold,True,target and post-trail stop decision
2510,position_evaluated,ANANTRAJ-EQ,hold,hold,True,target and post-trail stop decision
2511,position_evaluated,ANANTRAJ-EQ,hold,hold,True,target and post-trail stop decision
2512,position_evaluated,ANANTRAJ-EQ,hold,hold,True,target and post-trail stop decision
2513,position_evaluated,ANANTRAJ-EQ,hold,hold,True,target and post-trail stop decision
2514,position_evaluated,ANANTRAJ-EQ,hold,hold,True,target and post-trail stop decision
2515,position_evaluated,ANANTRAJ-EQ,hold,hold,True,target and post-trail stop decision
2516,position_evaluated,ANANTRAJ-EQ,hold,hold,True,target and post-trail stop decision
2517,position_evaluated,ANANTRAJ-EQ,hold,hold,True,target and post-trail stop decision
2518,position_evaluated,ANANTRAJ-EQ,hold,hold,True,target and post-trail stop decision
2519,position_evaluated,ANANTRAJ-EQ,hold,hold,True,target and post-trail stop decision
2520,position_evaluated,ANANTRAJ-EQ,hold,hold,True,target and post-trail stop decision
2521,position_evaluated,ANANTRAJ-EQ,hold,hold,True,target and post-trail stop decision
2522,position_evaluated,ANANTRAJ-EQ,hold,hold,True,target and post-trail stop decision
2523,position_evaluated,ANANTRAJ-EQ,hold,hold,True,target and post-trail stop decision
2524,position_evaluated,ANANTRAJ-EQ,hold,hold,True,target and post-trail stop decision
2525,position_evaluated,ANANTRAJ-EQ,hold,hold,True,target and post-trail stop decision
2526,position_evaluated,ANANTRAJ-EQ,hold,hold,True,target and post-trail stop decision
2527,position_evaluated,ANANTRAJ-EQ,hold,hold,True,target and post-trail stop decision
2528,position_evaluated,ANANTRAJ-EQ,hold,hold,True,target and post-trail stop decision
2529,position_evaluated,ANANTRAJ-EQ,hold,hold,True,target and post-trail stop decision
2530,position_evaluated,ANANTRAJ-EQ,hold,hold,True,target and post-trail stop decision
2531,position_evaluated,ANANTRAJ-EQ,hold,hold,True,target and post-trail stop decision
2532,position_evaluated,ANANTRAJ-EQ,hold,hold,True,target and post-trail stop decision
2533,position_evaluated,ANANTRAJ-EQ,hold,hold,True,target and post-trail stop decision
2534,position_evaluated,ANANTRAJ-EQ,hold,hold,True,target and post-trail stop decision
2535,position_evaluated,ANANTRAJ-EQ,hold,hold,True,target and post-trail stop decision
2536,position_evaluated,ANANTRAJ-EQ,hold,hold,True,target and post-trail stop decision
2537,position_evaluated,ANANTRAJ-EQ,hold,hold,True,target and post-trail stop decision
2538,position_evaluated,ANANTRAJ-EQ,hold,hold,True,target and post-trail stop decision
2539,position_evaluated,ANANTRAJ-EQ,hold,hold,True,target and post-trail stop decision
2540,position_evaluated,ANANTRAJ-EQ,hold,hold,True,target and post-trail stop decision
2541,position_evaluated,ANANTRAJ-EQ,hold,hold,True,target and post-trail stop decision
2542,position_evaluated,ANANTRAJ-EQ,hold,hold,True,target and post-trail stop decision
2543,position_evaluated,ANANTRAJ-EQ,hold,hold,True,target and post-trail stop decision
2544,position_evaluated,ANANTRAJ-EQ,hold,hold,True,target and post-trail stop decision
2545,position_evaluated,ANANTRAJ-EQ,hold,hold,True,target and post-trail stop decision
2546,position_evaluated,ANANTRAJ-EQ,hold,hold,True,target and post-trail stop decision
2547,position_evaluated,ANANTRAJ-EQ,hold,hold,True,target and post-trail stop decision
2548,position_evaluated,ANANTRAJ-EQ,hold,hold,True,target and post-trail stop decision
2549,position_evaluated,ANANTRAJ-EQ,hold,hold,True,target and post-trail stop decision
2550,position_evaluated,ANANTRAJ-EQ,hold,hold,True,target and post-trail stop decision
2551,position_evaluated,ANANTRAJ-EQ,hold,hold,True,target and post-trail stop decision
2552,position_evaluated,ANANTRAJ-EQ,hold,hold,True,target and post-trail stop decision
2553,position_evaluated,ANANTRAJ-EQ,hold,hold,True,target and post-trail stop decision
2554,position_evaluated,ANANTRAJ-EQ,hold,hold,True,target and post-trail stop decision
2555,position_evaluated,ANANTRAJ-EQ,hold,hold,True,target and post-trail stop decision
2556,position_evaluated,ANANTRAJ-EQ,hold,hold,True,target and post-trail stop decision
2557,position_evaluated,ANANTRAJ-EQ,hold,hold,True,target and post-trail stop decision
2558,position_evaluated,ANANTRAJ-EQ,hold,hold,True,target and post-trail stop decision
2559,position_evaluated,ANANTRAJ-EQ,hold,hold,True,target and post-trail stop decision
2560,position_evaluated,ANANTRAJ-EQ,hold,hold,True,target and post-trail stop decision
2561,position_evaluated,ANANTRAJ-EQ,hold,hold,True,target and post-trail stop decision
2562,position_evaluated,ANANTRAJ-EQ,hold,hold,True,target and post-trail stop decision
2563,position_evaluated,ANANTRAJ-EQ,hold,hold,True,target and post-trail stop decision
2564,position_evaluated,ANANTRAJ-EQ,hold,hold,True,target and post-trail stop decision
2565,position_evaluated,ANANTRAJ-EQ,hold,hold,True,target and post-trail stop decision
2566,position_evaluated,ANANTRAJ-EQ,hold,hold,True,target and post-trail stop decision
2567,position_evaluated,ANANTRAJ-EQ,hold,hold,True,target and post-trail stop decision
2568,position_evaluated,ANANTRAJ-EQ,hold,hold,True,target and post-trail stop decision
2569,position_evaluated,ANANTRAJ-EQ,hold,hold,True,target and post-trail stop decision
2570,position_evaluated,ANANTRAJ-EQ,hold,hold,True,target and post-trail stop decision
2571,position_evaluated,ANANTRAJ-EQ,hold,hold,True,target and post-trail stop decision
2572,position_evaluated,ANANTRAJ-EQ,hold,hold,True,target and post-trail stop decision
2573,position_evaluated,ANANTRAJ-EQ,hold,hold,True,target and post-trail stop decision
2574,position_evaluated,ANANTRAJ-EQ,hold,hold,True,target and post-trail stop decision
2575,position_evaluated,ANANTRAJ-EQ,hold,hold,True,target and post-trail stop decision
2576,position_evaluated,ANANTRAJ-EQ,hold,hold,True,target and post-trail stop decision
2577,position_evaluated,ANANTRAJ-EQ,hold,hold,True,target and post-trail stop decision
2578,position_evaluated,ANANTRAJ-EQ,hold,hold,True,target and post-trail stop decision
2579,position_evaluated,ANANTRAJ-EQ,hold,hold,True,target and post-trail stop decision
2580,position_evaluated,ANANTRAJ-EQ,hold,hold,True,target and post-trail stop decision
2581,position_evaluated,ANANTRAJ-EQ,hold,hold,True,target and post-trail stop decision
2582,position_evaluated,ANANTRAJ-EQ,hold,hold,True,target and post-trail stop decision
2583,position_evaluated,ANANTRAJ-EQ,hold,hold,True,target and post-trail stop decision
2584,position_evaluated,ANANTRAJ-EQ,hold,hold,True,target and post-trail stop decision
2585,position_evaluated,ANANTRAJ-EQ,hold,hold,True,target and post-trail stop decision
2586,position_evaluated,ANANTRAJ-EQ,hold,hold,True,target and post-trail stop decision
2587,position_evaluated,ANANTRAJ-EQ,hold,hold,True,target and post-trail stop decision
2588,position_evaluated,ANANTRAJ-EQ,hold,hold,True,target and post-trail stop decision
2589,position_evaluated,ANANTRAJ-EQ,hold,hold,True,target and post-trail stop decision
2590,position_evaluated,ANANTRAJ-EQ,hold,hold,True,target and post-trail stop decision
2591,position_evaluated,ANANTRAJ-EQ,hold,hold,True,target and post-trail stop decision
2592,position_evaluated,ANANTRAJ-EQ,hold,hold,True,target and post-trail stop decision
2593,position_evaluated,ANANTRAJ-EQ,hold,hold,True,target and post-trail stop decision
2594,position_evaluated,ANANTRAJ-EQ,hold,hold,True,target and post-trail stop decision
2595,position_evaluated,ANANTRAJ-EQ,hold,hold,True,target and post-trail stop decision
2596,position_evaluated,ANANTRAJ-EQ,hold,hold,True,target and post-trail stop decision
2597,position_evaluated,ANANTRAJ-EQ,hold,hold,True,target and post-trail stop decision
2598,position_evaluated,ANANTRAJ-EQ,hold,hold,True,target and post-trail stop decision
2599,position_evaluated,ANANTRAJ-EQ,hold,hold,True,target and post-trail stop decision
2600,position_evaluated,ANANTRAJ-EQ,hold,hold,True,target and post-trail stop decision
2601,position_evaluated,ANANTRAJ-EQ,hold,hold,True,target and post-trail stop decision
2602,position_evaluated,ANANTRAJ-EQ,hold,hold,True,target and post-trail stop decision
2603,position_evaluated,ANANTRAJ-EQ,hold,hold,True,target and post-trail stop decision
2604,position_evaluated,ANANTRAJ-EQ,hold,hold,True,target and post-trail stop decision
2605,position_evaluated,ANANTRAJ-EQ,hold,hold,True,target and post-trail stop decision
2606,position_evaluated,ANANTRAJ-EQ,hold,hold,True,target and post-trail stop decision
2607,position_evaluated,ANANTRAJ-EQ,hold,hold,True,target and post-trail stop decision
2608,position_evaluated,ANANTRAJ-EQ,hold,hold,True,target and post-trail stop decision
2609,position_evaluated,ANANTRAJ-EQ,hold,hold,True,target and post-trail stop decision
2610,position_evaluated,ANANTRAJ-EQ,hold,hold,True,target and post-trail stop decision
2611,position_evaluated,ANANTRAJ-EQ,hold,hold,True,target and post-trail stop decision
2612,position_evaluated,ANANTRAJ-EQ,hold,hold,True,target and post-trail stop decision
2613,position_evaluated,ANANTRAJ-EQ,hold,hold,True,target and post-trail stop decision
2614,position_evaluated,ANANTRAJ-EQ,hold,hold,True,target and post-trail stop decision
2615,position_evaluated,ANANTRAJ-EQ,hold,hold,True,target and post-trail stop decision
2616,position_evaluated,ANANTRAJ-EQ,hold,hold,True,target and post-trail stop decision
2617,position_evaluated,ANANTRAJ-EQ,hold,hold,True,target and post-trail stop decision
2618,position_evaluated,ANANTRAJ-EQ,hold,hold,True,target and post-trail stop decision
2619,position_evaluated,ANANTRAJ-EQ,hold,hold,True,target and post-trail stop decision
2620,position_evaluated,ANANTRAJ-EQ,hold,hold,True,target and post-trail stop decision
2621,position_evaluated,ANANTRAJ-EQ,hold,hold,True,target and post-trail stop decision
2622,position_evaluated,ANANTRAJ-EQ,hold,hold,True,target and post-trail stop decision
2623,position_evaluated,ANANTRAJ-EQ,hold,hold,True,target and post-trail stop decision
2624,position_evaluated,ANANTRAJ-EQ,hold,hold,True,target and post-trail stop decision
2625,position_evaluated,ANANTRAJ-EQ,hold,hold,True,target and post-trail stop decision
2626,position_evaluated,ANANTRAJ-EQ,hold,hold,True,target and post-trail stop decision
2627,position_evaluated,ANANTRAJ-EQ,hold,hold,True,target and post-trail stop decision
2628,position_evaluated,ANANTRAJ-EQ,hold,hold,True,target and post-trail stop decision
2629,position_evaluated,ANANTRAJ-EQ,hold,hold,True,target and post-trail stop decision
2630,position_evaluated,ANANTRAJ-EQ,hold,hold,True,target and post-trail stop decision
2631,position_evaluated,ANANTRAJ-EQ,hold,hold,True,target and post-trail stop decision
2632,position_evaluated,ANANTRAJ-EQ,hold,hold,True,target and post-trail stop decision
2633,position_evaluated,ANANTRAJ-EQ,hold,hold,True,target and post-trail stop decision
2634,position_evaluated,ANANTRAJ-EQ,hold,hold,True,target and post-trail stop decision
2635,position_evaluated,ANANTRAJ-EQ,hold,hold,True,target and post-trail stop decision
2636,position_evaluated,ANANTRAJ-EQ,hold,hold,True,target and post-trail stop decision
2637,position_evaluated,ANANTRAJ-EQ,hold,hold,True,target and post-trail stop decision
2638,position_evaluated,ANANTRAJ-EQ,hold,hold,True,target and post-trail stop decision
2639,position_evaluated,ANANTRAJ-EQ,hold,hold,True,target and post-trail stop decision
2640,position_evaluated,ANANTRAJ-EQ,hold,hold,True,target and post-trail stop decision
2641,position_evaluated,ANANTRAJ-EQ,hold,hold,True,target and post-trail stop decision
2642,position_evaluated,ANANTRAJ-EQ,hold,hold,True,target and post-trail stop decision
2643,position_evaluated,ANANTRAJ-EQ,hold,hold,True,target and post-trail stop decision
2644,position_evaluated,ANANTRAJ-EQ,hold,hold,True,target and post-trail stop decision
2645,position_evaluated,ANANTRAJ-EQ,hold,hold,True,target and post-trail stop decision
2646,position_evaluated,ANANTRAJ-EQ,hold,hold,True,target and post-trail stop decision
2647,position_evaluated,ANANTRAJ-EQ,hold,hold,True,target and post-trail stop decision
2648,position_evaluated,ANANTRAJ-EQ,hold,hold,True,target and post-trail stop decision
2649,position_evaluated,ANANTRAJ-EQ,hold,hold,True,target and post-trail stop decision
2650,position_evaluated,ANANTRAJ-EQ,hold,hold,True,target and post-trail stop decision
2651,position_evaluated,ANANTRAJ-EQ,hold,hold,True,target and post-trail stop decision
2652,position_evaluated,ANANTRAJ-EQ,hold,hold,True,target and post-trail stop decision
2653,position_evaluated,ANANTRAJ-EQ,hold,hold,True,target and post-trail stop decision
2654,position_evaluated,ANANTRAJ-EQ,hold,hold,True,target and post-trail stop decision
2655,position_evaluated,ANANTRAJ-EQ,hold,hold,True,target and post-trail stop decision
2656,position_evaluated,ANANTRAJ-EQ,hold,hold,True,target and post-trail stop decision
2657,position_evaluated,ANANTRAJ-EQ,hold,hold,True,target and post-trail stop decision
2658,position_evaluated,ANANTRAJ-EQ,hold,hold,True,target and post-trail stop decision
2659,position_evaluated,ANANTRAJ-EQ,hold,hold,True,target and post-trail stop decision
2660,position_evaluated,ANANTRAJ-EQ,hold,hold,True,target and post-trail stop decision
2661,position_evaluated,ANANTRAJ-EQ,hold,hold,True,target and post-trail stop decision
2662,position_evaluated,ANANTRAJ-EQ,hold,hold,True,target and post-trail stop decision
2663,position_evaluated,ANANTRAJ-EQ,hold,hold,True,target and post-trail stop decision
2664,position_evaluated,ANANTRAJ-EQ,hold,hold,True,target and post-trail stop decision
2665,position_evaluated,ANANTRAJ-EQ,hold,hold,True,target and post-trail stop decision
2666,position_evaluated,ANANTRAJ-EQ,hold,hold,True,target and post-trail stop decision
2667,position_evaluated,ANANTRAJ-EQ,hold,hold,True,target and post-trail stop decision
2668,position_evaluated,ANANTRAJ-EQ,hold,hold,True,target and post-trail stop decision
2669,position_evaluated,ANANTRAJ-EQ,hold,hold,True,target and post-trail stop decision
2670,position_evaluated,ANANTRAJ-EQ,hold,hold,True,target and post-trail stop decision
2671,position_evaluated,ANANTRAJ-EQ,hold,hold,True,target and post-trail stop decision
2672,position_evaluated,ANANTRAJ-EQ,hold,hold,True,target and post-trail stop decision
2673,position_evaluated,ANANTRAJ-EQ,hold,hold,True,target and post-trail stop decision
2674,position_evaluated,ANANTRAJ-EQ,hold,hold,True,target and post-trail stop decision
2675,position_evaluated,ANANTRAJ-EQ,hold,hold,True,target and post-trail stop decision
2676,position_evaluated,ANANTRAJ-EQ,hold,hold,True,target and post-trail stop decision
2677,position_evaluated,ANANTRAJ-EQ,hold,hold,True,target and post-trail stop decision
2678,position_evaluated,ANANTRAJ-EQ,hold,hold,True,target and post-trail stop decision
2679,position_evaluated,ANANTRAJ-EQ,hold,hold,True,target and post-trail stop decision
2680,position_evaluated,ANANTRAJ-EQ,hold,hold,True,target and post-trail stop decision
2681,position_evaluated,ANANTRAJ-EQ,hold,hold,True,target and post-trail stop decision
2682,position_evaluated,ANANTRAJ-EQ,hold,hold,True,target and post-trail stop decision
2683,position_evaluated,ANANTRAJ-EQ,hold,hold,True,target and post-trail stop decision
2684,position_evaluated,ANANTRAJ-EQ,hold,hold,True,target and post-trail stop decision
2685,position_evaluated,ANANTRAJ-EQ,hold,hold,True,target and post-trail stop decision
2686,position_evaluated,ANANTRAJ-EQ,hold,hold,True,target and post-trail stop decision
2687,position_evaluated,ANANTRAJ-EQ,hold,hold,True,target and post-trail stop decision
2688,position_evaluated,ANANTRAJ-EQ,hold,hold,True,target and post-trail stop decision
2689,position_evaluated,ANANTRAJ-EQ,hold,hold,True,target and post-trail stop decision
2690,position_evaluated,ANANTRAJ-EQ,hold,hold,True,target and post-trail stop decision
2691,position_evaluated,ANANTRAJ-EQ,hold,hold,True,target and post-trail stop decision
2692,position_evaluated,ANANTRAJ-EQ,hold,hold,True,target and post-trail stop decision
2693,position_evaluated,ANANTRAJ-EQ,hold,hold,True,target and post-trail stop decision
2694,position_evaluated,ANANTRAJ-EQ,hold,hold,True,target and post-trail stop decision
2695,position_evaluated,ANANTRAJ-EQ,hold,hold,True,target and post-trail stop decision
2696,position_evaluated,ANANTRAJ-EQ,hold,hold,True,target and post-trail stop decision
2697,position_evaluated,ANANTRAJ-EQ,hold,hold,True,target and post-trail stop decision
2698,position_evaluated,ANANTRAJ-EQ,hold,hold,True,target and post-trail stop decision
2699,position_evaluated,ANANTRAJ-EQ,hold,hold,True,target and post-trail stop decision
2700,position_evaluated,ANANTRAJ-EQ,hold,hold,True,target and post-trail stop decision
2701,position_evaluated,ANANTRAJ-EQ,hold,hold,True,target and post-trail stop decision
2702,position_evaluated,ANANTRAJ-EQ,hold,hold,True,target and post-trail stop decision
2703,position_evaluated,ANANTRAJ-EQ,hold,hold,True,target and post-trail stop decision
2704,position_evaluated,ANANTRAJ-EQ,hold,hold,True,target and post-trail stop decision
2705,position_evaluated,ANANTRAJ-EQ,hold,hold,True,target and post-trail stop decision
2706,position_evaluated,ANANTRAJ-EQ,hold,hold,True,target and post-trail stop decision
2707,position_evaluated,ANANTRAJ-EQ,hold,hold,True,target and post-trail stop decision
2708,position_evaluated,ANANTRAJ-EQ,hold,hold,True,target and post-trail stop decision
2709,position_evaluated,ANANTRAJ-EQ,hold,hold,True,target and post-trail stop decision
2710,position_evaluated,ANANTRAJ-EQ,hold,hold,True,target and post-trail stop decision
2711,position_evaluated,ANANTRAJ-EQ,hold,hold,True,target and post-trail stop decision
2712,position_evaluated,ANANTRAJ-EQ,hold,hold,True,target and post-trail stop decision
2713,position_evaluated,ANANTRAJ-EQ,hold,hold,True,target and post-trail stop decision
2714,position_evaluated,ANANTRAJ-EQ,hold,hold,True,target and post-trail stop decision
2715,position_evaluated,ANANTRAJ-EQ,hold,hold,True,target and post-trail stop decision
2716,position_evaluated,ANANTRAJ-EQ,hold,hold,True,target and post-trail stop decision
2717,position_evaluated,ANANTRAJ-EQ,hold,hold,True,target and post-trail stop decision
2718,position_evaluated,ANANTRAJ-EQ,hold,hold,True,target and post-trail stop decision
2719,position_evaluated,ANANTRAJ-EQ,hold,hold,True,target and post-trail stop decision
2720,position_evaluated,ANANTRAJ-EQ,hold,hold,True,target and post-trail stop decision
2721,position_evaluated,ANANTRAJ-EQ,hold,hold,True,target and post-trail stop decision
2722,position_evaluated,ANANTRAJ-EQ,hold,hold,True,target and post-trail stop decision
2723,position_evaluated,ANANTRAJ-EQ,hold,hold,True,target and post-trail stop decision
2724,position_evaluated,ANANTRAJ-EQ,hold,hold,True,target and post-trail stop decision
2725,position_evaluated,ANANTRAJ-EQ,hold,hold,True,target and post-trail stop decision
2726,position_evaluated,ANANTRAJ-EQ,hold,hold,True,target and post-trail stop decision
2727,position_evaluated,ANANTRAJ-EQ,hold,hold,True,target and post-trail stop decision
2728,position_evaluated,ANANTRAJ-EQ,hold,hold,True,target and post-trail stop decision
2729,position_evaluated,ANANTRAJ-EQ,hold,hold,True,target and post-trail stop decision
2730,position_evaluated,ANANTRAJ-EQ,hold,hold,True,target and post-trail stop decision
2731,position_evaluated,ANANTRAJ-EQ,hold,hold,True,target and post-trail stop decision
2732,position_evaluated,ANANTRAJ-EQ,hold,hold,True,target and post-trail stop decision
2733,position_evaluated,ANANTRAJ-EQ,hold,hold,True,target and post-trail stop decision
2734,position_evaluated,ANANTRAJ-EQ,hold,hold,True,target and post-trail stop decision
2735,position_evaluated,ANANTRAJ-EQ,hold,hold,True,target and post-trail stop decision
2736,position_evaluated,ANANTRAJ-EQ,hold,hold,True,target and post-trail stop decision
2737,position_evaluated,ANANTRAJ-EQ,hold,hold,True,target and post-trail stop decision
2738,position_evaluated,ANANTRAJ-EQ,hold,hold,True,target and post-trail stop decision
2739,position_evaluated,ANANTRAJ-EQ,hold,hold,True,target and post-trail stop decision
2740,position_evaluated,ANANTRAJ-EQ,hold,hold,True,target and post-trail stop decision
2741,position_evaluated,ANANTRAJ-EQ,hold,hold,True,target and post-trail stop decision
2742,position_evaluated,ANANTRAJ-EQ,hold,hold,True,target and post-trail stop decision
2743,position_evaluated,ANANTRAJ-EQ,hold,hold,True,target and post-trail stop decision
2744,position_evaluated,ANANTRAJ-EQ,hold,hold,True,target and post-trail stop decision
2745,position_evaluated,ANANTRAJ-EQ,hold,hold,True,target and post-trail stop decision
2746,position_evaluated,ANANTRAJ-EQ,hold,hold,True,target and post-trail stop decision
2747,position_evaluated,ANANTRAJ-EQ,hold,hold,True,target and post-trail stop decision
2748,position_evaluated,ANANTRAJ-EQ,hold,hold,True,target and post-trail stop decision
2749,position_evaluated,ANANTRAJ-EQ,hold,hold,True,target and post-trail stop decision
2750,position_evaluated,ANANTRAJ-EQ,hold,hold,True,target and post-trail stop decision
2751,position_evaluated,ANANTRAJ-EQ,hold,hold,True,target and post-trail stop decision
2752,position_evaluated,ANANTRAJ-EQ,hold,hold,True,target and post-trail stop decision
2753,position_evaluated,ANANTRAJ-EQ,hold,hold,True,target and post-trail stop decision
2754,position_evaluated,ANANTRAJ-EQ,hold,hold,True,target and post-trail stop decision
2755,position_evaluated,ANANTRAJ-EQ,hold,hold,True,target and post-trail stop decision
2756,position_evaluated,ANANTRAJ-EQ,hold,hold,True,target and post-trail stop decision
2757,position_evaluated,ANANTRAJ-EQ,hold,hold,True,target and post-trail stop decision
2758,position_evaluated,ANANTRAJ-EQ,hold,hold,True,target and post-trail stop decision
2759,position_evaluated,ANANTRAJ-EQ,hold,hold,True,target and post-trail stop decision
2760,position_evaluated,ANANTRAJ-EQ,hold,hold,True,target and post-trail stop decision
2761,position_evaluated,ANANTRAJ-EQ,hold,hold,True,target and post-trail stop decision
2762,position_evaluated,ANANTRAJ-EQ,hold,hold,True,target and post-trail stop decision
2763,position_evaluated,ANANTRAJ-EQ,hold,hold,True,target and post-trail stop decision
2764,position_evaluated,ANANTRAJ-EQ,hold,hold,True,target and post-trail stop decision
2765,position_evaluated,ANANTRAJ-EQ,hold,hold,True,target and post-trail stop decision
2766,position_evaluated,ANANTRAJ-EQ,hold,hold,True,target and post-trail stop decision
2767,position_evaluated,ANANTRAJ-EQ,hold,hold,True,target and post-trail stop decision
2768,position_evaluated,ANANTRAJ-EQ,hold,hold,True,target and post-trail stop decision
2769,position_evaluated,ANANTRAJ-EQ,hold,hold,True,target and post-trail stop decision
2770,position_evaluated,ANANTRAJ-EQ,hold,hold,True,target and post-trail stop decision
2771,position_evaluated,ANANTRAJ-EQ,hold,hold,True,target and post-trail stop decision
2772,position_evaluated,ANANTRAJ-EQ,hold,hold,True,target and post-trail stop decision
2773,position_evaluated,ANANTRAJ-EQ,hold,hold,True,target and post-trail stop decision
2774,position_evaluated,ANANTRAJ-EQ,hold,hold,True,target and post-trail stop decision
2775,position_evaluated,ANANTRAJ-EQ,hold,hold,True,target and post-trail stop decision
2776,position_evaluated,ANANTRAJ-EQ,hold,hold,True,target and post-trail stop decision
2777,position_evaluated,ANANTRAJ-EQ,hold,hold,True,target and post-trail stop decision
2778,position_evaluated,ANANTRAJ-EQ,hold,hold,True,target and post-trail stop decision
2779,position_evaluated,ANANTRAJ-EQ,hold,hold,True,target and post-trail stop decision
2780,position_evaluated,ANANTRAJ-EQ,hold,hold,True,target and post-trail stop decision
2781,position_evaluated,ANANTRAJ-EQ,hold,hold,True,target and post-trail stop decision
2782,position_evaluated,ANANTRAJ-EQ,hold,hold,True,target and post-trail stop decision
2783,position_evaluated,ANANTRAJ-EQ,hold,hold,True,target and post-trail stop decision
2784,position_evaluated,ANANTRAJ-EQ,hold,hold,True,target and post-trail stop decision
2785,position_evaluated,ANANTRAJ-EQ,hold,hold,True,target and post-trail stop decision
2786,position_evaluated,ANANTRAJ-EQ,hold,hold,True,target and post-trail stop decision
2787,position_evaluated,ANANTRAJ-EQ,hold,hold,True,target and post-trail stop decision
2788,position_evaluated,ANANTRAJ-EQ,hold,hold,True,target and post-trail stop decision
2789,position_evaluated,ANANTRAJ-EQ,hold,hold,True,target and post-trail stop decision
2790,position_evaluated,ANANTRAJ-EQ,hold,hold,True,target and post-trail stop decision
2791,position_evaluated,ANANTRAJ-EQ,hold,hold,True,target and post-trail stop decision
2792,position_evaluated,ANANTRAJ-EQ,hold,hold,True,target and post-trail stop decision
2793,position_evaluated,ANANTRAJ-EQ,hold,hold,True,target and post-trail stop decision
2794,position_evaluated,ANANTRAJ-EQ,hold,hold,True,target and post-trail stop decision
2795,position_evaluated,ANANTRAJ-EQ,hold,hold,True,target and post-trail stop decision
2796,position_evaluated,ANANTRAJ-EQ,hold,hold,True,target and post-trail stop decision
2797,position_evaluated,ANANTRAJ-EQ,hold,hold,True,target and post-trail stop decision
2798,position_evaluated,ANANTRAJ-EQ,hold,hold,True,target and post-trail stop decision
2799,position_evaluated,ANANTRAJ-EQ,hold,hold,True,target and post-trail stop decision
2800,position_evaluated,ANANTRAJ-EQ,hold,hold,True,target and post-trail stop decision
2801,position_evaluated,ANANTRAJ-EQ,hold,hold,True,target and post-trail stop decision
2802,position_evaluated,ANANTRAJ-EQ,hold,hold,True,target and post-trail stop decision
2803,position_evaluated,ANANTRAJ-EQ,hold,hold,True,target and post-trail stop decision
2804,position_evaluated,ANANTRAJ-EQ,hold,hold,True,target and post-trail stop decision
2805,position_evaluated,ANANTRAJ-EQ,hold,hold,True,target and post-trail stop decision
2806,position_evaluated,ANANTRAJ-EQ,hold,hold,True,target and post-trail stop decision
2807,position_evaluated,ANANTRAJ-EQ,hold,hold,True,target and post-trail stop decision
2808,position_evaluated,ANANTRAJ-EQ,hold,hold,True,target and post-trail stop decision
2809,position_evaluated,ANANTRAJ-EQ,hold,hold,True,target and post-trail stop decision
2810,position_evaluated,ANANTRAJ-EQ,hold,hold,True,target and post-trail stop decision
2811,position_evaluated,ANANTRAJ-EQ,hold,hold,True,target and post-trail stop decision
2812,position_evaluated,ANANTRAJ-EQ,hold,hold,True,target and post-trail stop decision
2813,position_evaluated,ANANTRAJ-EQ,hold,hold,True,target and post-trail stop decision
2814,position_evaluated,ANANTRAJ-EQ,hold,hold,True,target and post-trail stop decision
2815,position_evaluated,ANANTRAJ-EQ,hold,hold,True,target and post-trail stop decision
2816,position_evaluated,ANANTRAJ-EQ,hold,hold,True,target and post-trail stop decision
2817,position_evaluated,ANANTRAJ-EQ,hold,hold,True,target and post-trail stop decision
2818,position_evaluated,ANANTRAJ-EQ,hold,hold,True,target and post-trail stop decision
2819,position_evaluated,ANANTRAJ-EQ,hold,hold,True,target and post-trail stop decision
2820,position_evaluated,ANANTRAJ-EQ,hold,hold,True,target and post-trail stop decision
2821,position_evaluated,ANANTRAJ-EQ,hold,hold,True,target and post-trail stop decision
2822,position_evaluated,ANANTRAJ-EQ,hold,hold,True,target and post-trail stop decision
2823,position_evaluated,ANANTRAJ-EQ,hold,hold,True,target and post-trail stop decision
2824,position_evaluated,ANANTRAJ-EQ,hold,hold,True,target and post-trail stop decision
2825,position_evaluated,ANANTRAJ-EQ,hold,hold,True,target and post-trail stop decision
2826,position_evaluated,ANANTRAJ-EQ,hold,hold,True,target and post-trail stop decision
2827,position_evaluated,ANANTRAJ-EQ,hold,hold,True,target and post-trail stop decision
2828,position_evaluated,ANANTRAJ-EQ,hold,hold,True,target and post-trail stop decision
2829,position_evaluated,ANANTRAJ-EQ,hold,hold,True,target and post-trail stop decision
2830,position_evaluated,ANANTRAJ-EQ,hold,hold,True,target and post-trail stop decision
2831,position_evaluated,ANANTRAJ-EQ,hold,hold,True,target and post-trail stop decision
2832,position_evaluated,ANANTRAJ-EQ,hold,hold,True,target and post-trail stop decision
2833,position_evaluated,ANANTRAJ-EQ,hold,hold,True,target and post-trail stop decision
2834,position_evaluated,ANANTRAJ-EQ,hold,hold,True,target and post-trail stop decision
2835,position_evaluated,ANANTRAJ-EQ,hold,hold,True,target and post-trail stop decision
2836,position_evaluated,ANANTRAJ-EQ,hold,hold,True,target and post-trail stop decision
2837,position_evaluated,ANANTRAJ-EQ,hold,hold,True,target and post-trail stop decision
2838,position_evaluated,ANANTRAJ-EQ,hold,hold,True,target and post-trail stop decision
2839,position_evaluated,ANANTRAJ-EQ,hold,hold,True,target and post-trail stop decision
2840,position_evaluated,ANANTRAJ-EQ,hold,hold,True,target and post-trail stop decision
2841,position_evaluated,ANANTRAJ-EQ,hold,hold,True,target and post-trail stop decision
2842,position_evaluated,ANANTRAJ-EQ,hold,hold,True,target and post-trail stop decision
2843,position_evaluated,ANANTRAJ-EQ,hold,hold,True,target and post-trail stop decision
2844,position_evaluated,ANANTRAJ-EQ,hold,hold,True,target and post-trail stop decision
2845,position_evaluated,ANANTRAJ-EQ,hold,hold,True,target and post-trail stop decision
2846,position_evaluated,ANANTRAJ-EQ,hold,hold,True,target and post-trail stop decision
2847,position_evaluated,ANANTRAJ-EQ,hold,hold,True,target and post-trail stop decision
2848,position_evaluated,ANANTRAJ-EQ,hold,hold,True,target and post-trail stop decision
2849,position_evaluated,ANANTRAJ-EQ,hold,hold,True,target and post-trail stop decision
2850,position_evaluated,ANANTRAJ-EQ,hold,hold,True,target and post-trail stop decision
2851,position_evaluated,ANANTRAJ-EQ,hold,hold,True,target and post-trail stop decision
2852,position_evaluated,ANANTRAJ-EQ,hold,hold,True,target and post-trail stop decision
2853,position_evaluated,ANANTRAJ-EQ,hold,hold,True,target and post-trail stop decision
2854,position_evaluated,ANANTRAJ-EQ,hold,hold,True,target and post-trail stop decision
2855,position_evaluated,ANANTRAJ-EQ,hold,hold,True,target and post-trail stop decision
2856,position_evaluated,ANANTRAJ-EQ,hold,hold,True,target and post-trail stop decision
2857,position_evaluated,ANANTRAJ-EQ,hold,hold,True,target and post-trail stop decision
2858,position_evaluated,ANANTRAJ-EQ,hold,hold,True,target and post-trail stop decision
2859,position_evaluated,ANANTRAJ-EQ,hold,hold,True,target and post-trail stop decision
2860,position_evaluated,ANANTRAJ-EQ,hold,hold,True,target and post-trail stop decision
2861,position_evaluated,ANANTRAJ-EQ,hold,hold,True,target and post-trail stop decision
2862,position_evaluated,ANANTRAJ-EQ,hold,hold,True,target and post-trail stop decision
2863,position_evaluated,ANANTRAJ-EQ,hold,hold,True,target and post-trail stop decision
2864,position_evaluated,ANANTRAJ-EQ,hold,hold,True,target and post-trail stop decision
2865,position_evaluated,ANANTRAJ-EQ,hold,hold,True,target and post-trail stop decision
2866,position_evaluated,ANANTRAJ-EQ,hold,hold,True,target and post-trail stop decision
2867,position_evaluated,ANANTRAJ-EQ,hold,hold,True,target and post-trail stop decision
2868,position_evaluated,ANANTRAJ-EQ,hold,hold,True,target and post-trail stop decision
2869,position_evaluated,ANANTRAJ-EQ,hold,hold,True,target and post-trail stop decision
2870,position_evaluated,ANANTRAJ-EQ,hold,hold,True,target and post-trail stop decision
2871,position_evaluated,ANANTRAJ-EQ,hold,hold,True,target and post-trail stop decision
2872,position_evaluated,ANANTRAJ-EQ,hold,hold,True,target and post-trail stop decision
2873,position_evaluated,ANANTRAJ-EQ,hold,hold,True,target and post-trail stop decision
2874,position_evaluated,ANANTRAJ-EQ,hold,hold,True,target and post-trail stop decision
2875,position_evaluated,ANANTRAJ-EQ,hold,hold,True,target and post-trail stop decision
2876,position_evaluated,ANANTRAJ-EQ,hold,hold,True,target and post-trail stop decision
2877,position_evaluated,ANANTRAJ-EQ,hold,hold,True,target and post-trail stop decision
2878,position_evaluated,ANANTRAJ-EQ,hold,hold,True,target and post-trail stop decision
2879,position_evaluated,ANANTRAJ-EQ,hold,hold,True,target and post-trail stop decision
2880,position_evaluated,ANANTRAJ-EQ,hold,hold,True,target and post-trail stop decision
2881,position_evaluated,ANANTRAJ-EQ,hold,hold,True,target and post-trail stop decision
2882,position_evaluated,ANANTRAJ-EQ,hold,hold,True,target and post-trail stop decision
2883,position_evaluated,ANANTRAJ-EQ,hold,hold,True,target and post-trail stop decision
2884,position_evaluated,ANANTRAJ-EQ,hold,hold,True,target and post-trail stop decision
2885,position_evaluated,ANANTRAJ-EQ,hold,hold,True,target and post-trail stop decision
2886,position_evaluated,ANANTRAJ-EQ,hold,hold,True,target and post-trail stop decision
2887,position_evaluated,ANANTRAJ-EQ,hold,hold,True,target and post-trail stop decision
2888,position_evaluated,ANANTRAJ-EQ,hold,hold,True,target and post-trail stop decision
2889,position_evaluated,ANANTRAJ-EQ,hold,hold,True,target and post-trail stop decision
2890,position_evaluated,ANANTRAJ-EQ,hold,hold,True,target and post-trail stop decision
2891,position_evaluated,ANANTRAJ-EQ,hold,hold,True,target and post-trail stop decision
2892,position_evaluated,ANANTRAJ-EQ,hold,hold,True,target and post-trail stop decision
2893,position_evaluated,ANANTRAJ-EQ,hold,hold,True,target and post-trail stop decision
2894,position_evaluated,ANANTRAJ-EQ,hold,hold,True,target and post-trail stop decision
2895,position_evaluated,ANANTRAJ-EQ,hold,hold,True,target and post-trail stop decision
2896,position_evaluated,ANANTRAJ-EQ,hold,hold,True,target and post-trail stop decision
2897,position_evaluated,ANANTRAJ-EQ,hold,hold,True,target and post-trail stop decision
2898,position_evaluated,ANANTRAJ-EQ,hold,hold,True,target and post-trail stop decision
2899,position_evaluated,ANANTRAJ-EQ,hold,hold,True,target and post-trail stop decision
2900,position_evaluated,ANANTRAJ-EQ,hold,hold,True,target and post-trail stop decision
2901,position_evaluated,ANANTRAJ-EQ,hold,hold,True,target and post-trail stop decision
2902,position_evaluated,ANANTRAJ-EQ,hold,hold,True,target and post-trail stop decision
2903,position_evaluated,ANANTRAJ-EQ,hold,hold,True,target and post-trail stop decision
2904,position_evaluated,ANANTRAJ-EQ,hold,hold,True,target and post-trail stop decision
2905,position_evaluated,ANANTRAJ-EQ,hold,hold,True,target and post-trail stop decision
2906,position_evaluated,ANANTRAJ-EQ,hold,hold,True,target and post-trail stop decision
2907,position_evaluated,ANANTRAJ-EQ,hold,hold,True,target and post-trail stop decision
2908,position_evaluated,ANANTRAJ-EQ,hold,hold,True,target and post-trail stop decision
2909,position_evaluated,ANANTRAJ-EQ,hold,hold,True,target and post-trail stop decision
2910,position_evaluated,ANANTRAJ-EQ,hold,hold,True,target and post-trail stop decision
2911,position_evaluated,ANANTRAJ-EQ,hold,hold,True,target and post-trail stop decision
2912,position_evaluated,ANANTRAJ-EQ,hold,hold,True,target and post-trail stop decision
2913,position_evaluated,ANANTRAJ-EQ,hold,hold,True,target and post-trail stop decision
2914,position_evaluated,ANANTRAJ-EQ,hold,hold,True,target and post-trail stop decision
2915,position_evaluated,ANANTRAJ-EQ,hold,hold,True,target and post-trail stop decision
2916,position_evaluated,ANANTRAJ-EQ,hold,hold,True,target and post-trail stop decision
2917,position_evaluated,ANANTRAJ-EQ,hold,hold,True,target and post-trail stop decision
2918,position_evaluated,ANANTRAJ-EQ,hold,hold,True,target and post-trail stop decision
2919,position_evaluated,ANANTRAJ-EQ,hold,hold,True,target and post-trail stop decision
2920,position_evaluated,ANANTRAJ-EQ,hold,hold,True,target and post-trail stop decision
2921,position_evaluated,ANANTRAJ-EQ,hold,hold,True,target and post-trail stop decision
2922,position_evaluated,ANANTRAJ-EQ,hold,hold,True,target and post-trail stop decision
2923,position_evaluated,ANANTRAJ-EQ,hold,hold,True,target and post-trail stop decision
2924,position_evaluated,ANANTRAJ-EQ,hold,hold,True,target and post-trail stop decision
2925,position_evaluated,ANANTRAJ-EQ,hold,hold,True,target and post-trail stop decision
2926,position_evaluated,ANANTRAJ-EQ,hold,hold,True,target and post-trail stop decision
2927,position_evaluated,ANANTRAJ-EQ,hold,hold,True,target and post-trail stop decision
2928,position_evaluated,ANANTRAJ-EQ,hold,hold,True,target and post-trail stop decision
2929,position_evaluated,ANANTRAJ-EQ,hold,hold,True,target and post-trail stop decision
2930,position_evaluated,ANANTRAJ-EQ,hold,hold,True,target and post-trail stop decision
2931,position_evaluated,ANANTRAJ-EQ,hold,hold,True,target and post-trail stop decision
2932,position_evaluated,ANANTRAJ-EQ,hold,hold,True,target and post-trail stop decision
2933,position_evaluated,ANANTRAJ-EQ,hold,hold,True,target and post-trail stop decision
2934,position_evaluated,ANANTRAJ-EQ,hold,hold,True,target and post-trail stop decision
2935,position_evaluated,ANANTRAJ-EQ,hold,hold,True,target and post-trail stop decision
2936,position_evaluated,ANANTRAJ-EQ,hold,hold,True,target and post-trail stop decision
2937,position_evaluated,ANANTRAJ-EQ,hold,hold,True,target and post-trail stop decision
2938,position_evaluated,ANANTRAJ-EQ,hold,hold,True,target and post-trail stop decision
2939,position_evaluated,ANANTRAJ-EQ,hold,hold,True,target and post-trail stop decision
2940,position_evaluated,ANANTRAJ-EQ,hold,hold,True,target and post-trail stop decision
2941,position_evaluated,ANANTRAJ-EQ,hold,hold,True,target and post-trail stop decision
2942,position_evaluated,ANANTRAJ-EQ,hold,hold,True,target and post-trail stop decision
2943,position_evaluated,ANANTRAJ-EQ,hold,hold,True,target and post-trail stop decision
2944,position_evaluated,ANANTRAJ-EQ,hold,hold,True,target and post-trail stop decision
2945,position_evaluated,ANANTRAJ-EQ,hold,hold,True,target and post-trail stop decision
2946,position_evaluated,ANANTRAJ-EQ,hold,hold,True,target and post-trail stop decision
2947,position_evaluated,ANANTRAJ-EQ,hold,hold,True,target and post-trail stop decision
2948,position_evaluated,ANANTRAJ-EQ,hold,hold,True,target and post-trail stop decision
2949,position_evaluated,ANANTRAJ-EQ,hold,hold,True,target and post-trail stop decision
2950,position_evaluated,ANANTRAJ-EQ,hold,hold,True,target and post-trail stop decision
2951,position_evaluated,ANANTRAJ-EQ,hold,hold,True,target and post-trail stop decision
2952,position_evaluated,ANANTRAJ-EQ,hold,hold,True,target and post-trail stop decision
2953,position_evaluated,ANANTRAJ-EQ,hold,hold,True,target and post-trail stop decision
2954,position_evaluated,ANANTRAJ-EQ,hold,hold,True,target and post-trail stop decision
2955,position_evaluated,ANANTRAJ-EQ,hold,hold,True,target and post-trail stop decision
2956,position_evaluated,ANANTRAJ-EQ,hold,hold,True,target and post-trail stop decision
2957,position_evaluated,ANANTRAJ-EQ,hold,hold,True,target and post-trail stop decision
2958,position_evaluated,ANANTRAJ-EQ,hold,hold,True,target and post-trail stop decision
2959,position_evaluated,ANANTRAJ-EQ,hold,hold,True,target and post-trail stop decision
2960,position_evaluated,ANANTRAJ-EQ,hold,hold,True,target and post-trail stop decision
2961,position_evaluated,ANANTRAJ-EQ,hold,hold,True,target and post-trail stop decision
2962,position_evaluated,ANANTRAJ-EQ,hold,hold,True,target and post-trail stop decision
2963,position_evaluated,ANANTRAJ-EQ,hold,hold,True,target and post-trail stop decision
2964,position_evaluated,ANANTRAJ-EQ,hold,hold,True,target and post-trail stop decision
2965,position_evaluated,ANANTRAJ-EQ,hold,hold,True,target and post-trail stop decision
2966,position_evaluated,ANANTRAJ-EQ,hold,hold,True,target and post-trail stop decision
2967,position_evaluated,ANANTRAJ-EQ,hold,hold,True,target and post-trail stop decision
2968,position_evaluated,ANANTRAJ-EQ,hold,hold,True,target and post-trail stop decision
2969,position_evaluated,ANANTRAJ-EQ,hold,hold,True,target and post-trail stop decision
2970,position_evaluated,ANANTRAJ-EQ,hold,hold,True,target and post-trail stop decision
2971,position_evaluated,ANANTRAJ-EQ,hold,hold,True,target and post-trail stop decision
2972,position_evaluated,ANANTRAJ-EQ,hold,hold,True,target and post-trail stop decision
2973,position_evaluated,ANANTRAJ-EQ,hold,hold,True,target and post-trail stop decision
2974,position_evaluated,ANANTRAJ-EQ,hold,hold,True,target and post-trail stop decision
2975,position_evaluated,ANANTRAJ-EQ,hold,hold,True,target and post-trail stop decision
2976,position_evaluated,ANANTRAJ-EQ,hold,hold,True,target and post-trail stop decision
2977,position_evaluated,ANANTRAJ-EQ,hold,hold,True,target and post-trail stop decision
2978,position_evaluated,ANANTRAJ-EQ,hold,hold,True,target and post-trail stop decision
2979,position_evaluated,ANANTRAJ-EQ,hold,hold,True,target and post-trail stop decision
2980,position_evaluated,ANANTRAJ-EQ,hold,hold,True,target and post-trail stop decision
2981,position_evaluated,ANANTRAJ-EQ,hold,hold,True,target and post-trail stop decision
2982,position_evaluated,ANANTRAJ-EQ,hold,hold,True,target and post-trail stop decision
2983,position_evaluated,ANANTRAJ-EQ,hold,hold,True,target and post-trail stop decision
2984,position_evaluated,ANANTRAJ-EQ,hold,hold,True,target and post-trail stop decision
2985,position_evaluated,ANANTRAJ-EQ,hold,hold,True,target and post-trail stop decision
2986,position_evaluated,ANANTRAJ-EQ,hold,hold,True,target and post-trail stop decision
2987,position_evaluated,ANANTRAJ-EQ,hold,hold,True,target and post-trail stop decision
2988,position_evaluated,ANANTRAJ-EQ,hold,hold,True,target and post-trail stop decision
2989,position_evaluated,ANANTRAJ-EQ,hold,hold,True,target and post-trail stop decision
2990,position_evaluated,ANANTRAJ-EQ,hold,hold,True,target and post-trail stop decision
2991,position_evaluated,ANANTRAJ-EQ,hold,hold,True,target and post-trail stop decision
2992,position_evaluated,ANANTRAJ-EQ,hold,hold,True,target and post-trail stop decision
2993,position_evaluated,ANANTRAJ-EQ,hold,hold,True,target and post-trail stop decision
2994,position_evaluated,ANANTRAJ-EQ,hold,hold,True,target and post-trail stop decision
2995,position_evaluated,ANANTRAJ-EQ,hold,hold,True,target and post-trail stop decision
2996,position_evaluated,ANANTRAJ-EQ,hold,hold,True,target and post-trail stop decision
2997,position_evaluated,ANANTRAJ-EQ,hold,hold,True,target and post-trail stop decision
2998,position_evaluated,ANANTRAJ-EQ,hold,hold,True,target and post-trail stop decision
2999,position_evaluated,ANANTRAJ-EQ,hold,hold,True,target and post-trail stop decision
3000,position_evaluated,ANANTRAJ-EQ,hold,hold,True,target and post-trail stop decision
3001,position_evaluated,ANANTRAJ-EQ,hold,hold,True,target and post-trail stop decision
3002,position_evaluated,ANANTRAJ-EQ,hold,hold,True,target and post-trail stop decision
3003,position_evaluated,ANANTRAJ-EQ,hold,hold,True,target and post-trail stop decision
3004,position_evaluated,ANANTRAJ-EQ,hold,hold,True,target and post-trail stop decision
3005,position_evaluated,ANANTRAJ-EQ,hold,hold,True,target and post-trail stop decision
3006,position_evaluated,ANANTRAJ-EQ,hold,hold,True,target and post-trail stop decision
3007,position_evaluated,ANANTRAJ-EQ,hold,hold,True,target and post-trail stop decision
3008,position_evaluated,ANANTRAJ-EQ,hold,hold,True,target and post-trail stop decision
3009,position_evaluated,ANANTRAJ-EQ,hold,hold,True,target and post-trail stop decision
3010,position_evaluated,ANANTRAJ-EQ,hold,hold,True,target and post-trail stop decision
3011,position_evaluated,ANANTRAJ-EQ,hold,hold,True,target and post-trail stop decision
3012,position_evaluated,ANANTRAJ-EQ,hold,hold,True,target and post-trail stop decision
3013,position_evaluated,ANANTRAJ-EQ,hold,hold,True,target and post-trail stop decision
3014,position_evaluated,ANANTRAJ-EQ,hold,hold,True,target and post-trail stop decision
3015,position_evaluated,ANANTRAJ-EQ,hold,hold,True,target and post-trail stop decision
3016,position_evaluated,ANANTRAJ-EQ,hold,hold,True,target and post-trail stop decision
3017,position_evaluated,ANANTRAJ-EQ,hold,hold,True,target and post-trail stop decision
3018,position_evaluated,ANANTRAJ-EQ,hold,hold,True,target and post-trail stop decision
3019,position_evaluated,ANANTRAJ-EQ,hold,hold,True,target and post-trail stop decision
3020,position_evaluated,ANANTRAJ-EQ,hold,hold,True,target and post-trail stop decision
3021,position_evaluated,ANANTRAJ-EQ,hold,hold,True,target and post-trail stop decision
3022,position_evaluated,ANANTRAJ-EQ,hold,hold,True,target and post-trail stop decision
3023,position_evaluated,ANANTRAJ-EQ,hold,hold,True,target and post-trail stop decision
3024,position_evaluated,ANANTRAJ-EQ,hold,hold,True,target and post-trail stop decision
3025,position_evaluated,ANANTRAJ-EQ,hold,hold,True,target and post-trail stop decision
3026,position_evaluated,ANANTRAJ-EQ,hold,hold,True,target and post-trail stop decision
3027,position_evaluated,ANANTRAJ-EQ,hold,hold,True,target and post-trail stop decision
3028,position_evaluated,ANANTRAJ-EQ,hold,hold,True,target and post-trail stop decision
3029,position_evaluated,ANANTRAJ-EQ,hold,hold,True,target and post-trail stop decision
3030,position_evaluated,ANANTRAJ-EQ,hold,hold,True,target and post-trail stop decision
3031,position_evaluated,ANANTRAJ-EQ,hold,hold,True,target and post-trail stop decision
3032,position_evaluated,ANANTRAJ-EQ,hold,hold,True,target and post-trail stop decision
3033,position_evaluated,ANANTRAJ-EQ,hold,hold,True,target and post-trail stop decision
3034,position_evaluated,ANANTRAJ-EQ,hold,hold,True,target and post-trail stop decision
3035,position_evaluated,ANANTRAJ-EQ,hold,hold,True,target and post-trail stop decision
3036,position_evaluated,ANANTRAJ-EQ,hold,hold,True,target and post-trail stop decision
3037,position_evaluated,ANANTRAJ-EQ,hold,hold,True,target and post-trail stop decision
3038,position_evaluated,ANANTRAJ-EQ,hold,hold,True,target and post-trail stop decision
3039,position_evaluated,ANANTRAJ-EQ,hold,hold,True,target and post-trail stop decision
3040,position_evaluated,ANANTRAJ-EQ,hold,hold,True,target and post-trail stop decision
3041,position_evaluated,ANANTRAJ-EQ,hold,hold,True,target and post-trail stop decision
3042,position_evaluated,ANANTRAJ-EQ,hold,hold,True,target and post-trail stop decision
3043,position_evaluated,ANANTRAJ-EQ,hold,hold,True,target and post-trail stop decision
3044,position_evaluated,ANANTRAJ-EQ,hold,hold,True,target and post-trail stop decision
3045,position_evaluated,ANANTRAJ-EQ,hold,hold,True,target and post-trail stop decision
3046,position_evaluated,ANANTRAJ-EQ,hold,hold,True,target and post-trail stop decision
3047,position_evaluated,ANANTRAJ-EQ,hold,hold,True,target and post-trail stop decision
3048,position_evaluated,ANANTRAJ-EQ,hold,hold,True,target and post-trail stop decision
3049,position_evaluated,ANANTRAJ-EQ,hold,hold,True,target and post-trail stop decision
3050,position_evaluated,ANANTRAJ-EQ,hold,hold,True,target and post-trail stop decision
3051,position_evaluated,ANANTRAJ-EQ,hold,hold,True,target and post-trail stop decision
3052,position_evaluated,ANANTRAJ-EQ,hold,hold,True,target and post-trail stop decision
3053,position_evaluated,ANANTRAJ-EQ,hold,hold,True,target and post-trail stop decision
3054,position_evaluated,ANANTRAJ-EQ,hold,hold,True,target and post-trail stop decision
3055,position_evaluated,ANANTRAJ-EQ,hold,hold,True,target and post-trail stop decision
3056,position_evaluated,ANANTRAJ-EQ,hold,hold,True,target and post-trail stop decision
3057,position_evaluated,ANANTRAJ-EQ,hold,hold,True,target and post-trail stop decision
3058,position_evaluated,ANANTRAJ-EQ,hold,hold,True,target and post-trail stop decision
3059,position_evaluated,ANANTRAJ-EQ,hold,hold,True,target and post-trail stop decision
3060,position_evaluated,ANANTRAJ-EQ,hold,hold,True,target and post-trail stop decision
3061,position_evaluated,ANANTRAJ-EQ,hold,hold,True,target and post-trail stop decision
3062,position_evaluated,ANANTRAJ-EQ,hold,hold,True,target and post-trail stop decision
3063,position_evaluated,ANANTRAJ-EQ,hold,hold,True,target and post-trail stop decision
3064,position_evaluated,ANANTRAJ-EQ,hold,hold,True,target and post-trail stop decision
3065,position_evaluated,ANANTRAJ-EQ,hold,hold,True,target and post-trail stop decision
3066,position_evaluated,ANANTRAJ-EQ,hold,hold,True,target and post-trail stop decision
3067,position_evaluated,ANANTRAJ-EQ,hold,hold,True,target and post-trail stop decision
3068,position_evaluated,ANANTRAJ-EQ,hold,hold,True,target and post-trail stop decision
3069,position_evaluated,ANANTRAJ-EQ,hold,hold,True,target and post-trail stop decision
3070,position_evaluated,ANANTRAJ-EQ,hold,hold,True,target and post-trail stop decision
3071,position_evaluated,ANANTRAJ-EQ,hold,hold,True,target and post-trail stop decision
3072,position_evaluated,ANANTRAJ-EQ,hold,hold,True,target and post-trail stop decision
3073,position_evaluated,ANANTRAJ-EQ,hold,hold,True,target and post-trail stop decision
3074,position_evaluated,ANANTRAJ-EQ,hold,hold,True,target and post-trail stop decision
3075,position_evaluated,ANANTRAJ-EQ,hold,hold,True,target and post-trail stop decision
3076,position_evaluated,ANANTRAJ-EQ,hold,hold,True,target and post-trail stop decision
3077,position_evaluated,ANANTRAJ-EQ,hold,hold,True,target and post-trail stop decision
3078,position_evaluated,ANANTRAJ-EQ,hold,hold,True,target and post-trail stop decision
3079,position_evaluated,ANANTRAJ-EQ,hold,hold,True,target and post-trail stop decision
3080,position_evaluated,ANANTRAJ-EQ,hold,hold,True,target and post-trail stop decision
3081,position_evaluated,ANANTRAJ-EQ,hold,hold,True,target and post-trail stop decision
3082,position_evaluated,ANANTRAJ-EQ,hold,hold,True,target and post-trail stop decision
3083,position_evaluated,ANANTRAJ-EQ,hold,hold,True,target and post-trail stop decision
3084,position_evaluated,ANANTRAJ-EQ,hold,hold,True,target and post-trail stop decision
3085,position_evaluated,ANANTRAJ-EQ,hold,hold,True,target and post-trail stop decision
3086,position_evaluated,ANANTRAJ-EQ,hold,hold,True,target and post-trail stop decision
3087,position_evaluated,ANANTRAJ-EQ,hold,hold,True,target and post-trail stop decision
3088,position_evaluated,ANANTRAJ-EQ,hold,hold,True,target and post-trail stop decision
3089,position_evaluated,ANANTRAJ-EQ,hold,hold,True,target and post-trail stop decision
3090,position_evaluated,ANANTRAJ-EQ,hold,hold,True,target and post-trail stop decision
3091,position_evaluated,ANANTRAJ-EQ,hold,hold,True,target and post-trail stop decision
3092,position_evaluated,ANANTRAJ-EQ,hold,hold,True,target and post-trail stop decision
3093,position_evaluated,ANANTRAJ-EQ,hold,hold,True,target and post-trail stop decision
3094,position_evaluated,ANANTRAJ-EQ,hold,hold,True,target and post-trail stop decision
3095,position_evaluated,ANANTRAJ-EQ,hold,hold,True,target and post-trail stop decision
3096,position_evaluated,ANANTRAJ-EQ,hold,hold,True,target and post-trail stop decision
3097,position_evaluated,ANANTRAJ-EQ,hold,hold,True,target and post-trail stop decision
3098,position_evaluated,ANANTRAJ-EQ,hold,hold,True,target and post-trail stop decision
3099,position_evaluated,ANANTRAJ-EQ,hold,hold,True,target and post-trail stop decision
3100,position_evaluated,ANANTRAJ-EQ,hold,hold,True,target and post-trail stop decision
3101,position_evaluated,ANANTRAJ-EQ,hold,hold,True,target and post-trail stop decision
3102,position_evaluated,ANANTRAJ-EQ,hold,hold,True,target and post-trail stop decision
3103,position_evaluated,ANANTRAJ-EQ,hold,hold,True,target and post-trail stop decision
3104,position_evaluated,ANANTRAJ-EQ,hold,hold,True,target and post-trail stop decision
3105,position_evaluated,ANANTRAJ-EQ,hold,hold,True,target and post-trail stop decision
3106,position_evaluated,ANANTRAJ-EQ,hold,hold,True,target and post-trail stop decision
3107,position_evaluated,ANANTRAJ-EQ,hold,hold,True,target and post-trail stop decision
3108,position_evaluated,ANANTRAJ-EQ,hold,hold,True,target and post-trail stop decision
3109,position_evaluated,ANANTRAJ-EQ,hold,hold,True,target and post-trail stop decision
3110,position_evaluated,ANANTRAJ-EQ,hold,hold,True,target and post-trail stop decision
3111,position_evaluated,ANANTRAJ-EQ,hold,hold,True,target and post-trail stop decision
3112,position_evaluated,ANANTRAJ-EQ,hold,hold,True,target and post-trail stop decision
3113,position_evaluated,ANANTRAJ-EQ,hold,hold,True,target and post-trail stop decision
3114,position_evaluated,ANANTRAJ-EQ,hold,hold,True,target and post-trail stop decision
3115,position_evaluated,ANANTRAJ-EQ,hold,hold,True,target and post-trail stop decision
3116,position_evaluated,ANANTRAJ-EQ,hold,hold,True,target and post-trail stop decision
3117,position_evaluated,ANANTRAJ-EQ,hold,hold,True,target and post-trail stop decision
3118,position_evaluated,ANANTRAJ-EQ,hold,hold,True,target and post-trail stop decision
3119,position_evaluated,ANANTRAJ-EQ,hold,hold,True,target and post-trail stop decision
3120,position_evaluated,ANANTRAJ-EQ,hold,hold,True,target and post-trail stop decision
3121,position_evaluated,ANANTRAJ-EQ,hold,hold,True,target and post-trail stop decision
3122,position_evaluated,ANANTRAJ-EQ,hold,hold,True,target and post-trail stop decision
3123,position_evaluated,ANANTRAJ-EQ,hold,hold,True,target and post-trail stop decision
3124,position_evaluated,ANANTRAJ-EQ,hold,hold,True,target and post-trail stop decision
3125,position_evaluated,ANANTRAJ-EQ,hold,hold,True,target and post-trail stop decision
3126,position_evaluated,ANANTRAJ-EQ,hold,hold,True,target and post-trail stop decision
3127,position_evaluated,ANANTRAJ-EQ,hold,hold,True,target and post-trail stop decision
3128,position_evaluated,ANANTRAJ-EQ,hold,hold,True,target and post-trail stop decision
3129,position_evaluated,ANANTRAJ-EQ,hold,hold,True,target and post-trail stop decision
3130,position_evaluated,ANANTRAJ-EQ,hold,hold,True,target and post-trail stop decision
3131,position_evaluated,ANANTRAJ-EQ,hold,hold,True,target and post-trail stop decision
3132,position_evaluated,ANANTRAJ-EQ,hold,hold,True,target and post-trail stop decision
3133,position_evaluated,ANANTRAJ-EQ,hold,hold,True,target and post-trail stop decision
3134,position_evaluated,ANANTRAJ-EQ,hold,hold,True,target and post-trail stop decision
3135,position_evaluated,ANANTRAJ-EQ,hold,hold,True,target and post-trail stop decision
3136,position_evaluated,ANANTRAJ-EQ,hold,hold,True,target and post-trail stop decision
3137,position_evaluated,ANANTRAJ-EQ,hold,hold,True,target and post-trail stop decision
3138,position_evaluated,ANANTRAJ-EQ,hold,hold,True,target and post-trail stop decision
3139,position_evaluated,ANANTRAJ-EQ,hold,hold,True,target and post-trail stop decision
3140,position_evaluated,ANANTRAJ-EQ,hold,hold,True,target and post-trail stop decision
3141,position_evaluated,ANANTRAJ-EQ,hold,hold,True,target and post-trail stop decision
3142,position_evaluated,ANANTRAJ-EQ,hold,hold,True,target and post-trail stop decision
3143,position_evaluated,ANANTRAJ-EQ,hold,hold,True,target and post-trail stop decision
3144,position_evaluated,ANANTRAJ-EQ,hold,hold,True,target and post-trail stop decision
3145,position_evaluated,ANANTRAJ-EQ,hold,hold,True,target and post-trail stop decision
3146,position_evaluated,ANANTRAJ-EQ,hold,hold,True,target and post-trail stop decision
3147,position_evaluated,ANANTRAJ-EQ,hold,hold,True,target and post-trail stop decision
3148,position_evaluated,ANANTRAJ-EQ,hold,hold,True,target and post-trail stop decision
3149,position_evaluated,ANANTRAJ-EQ,hold,hold,True,target and post-trail stop decision
3150,position_evaluated,ANANTRAJ-EQ,hold,hold,True,target and post-trail stop decision
3151,position_evaluated,ANANTRAJ-EQ,hold,hold,True,target and post-trail stop decision
3152,position_evaluated,ANANTRAJ-EQ,hold,hold,True,target and post-trail stop decision
3153,position_evaluated,ANANTRAJ-EQ,hold,hold,True,target and post-trail stop decision
3154,position_evaluated,ANANTRAJ-EQ,hold,hold,True,target and post-trail stop decision
3155,position_evaluated,ANANTRAJ-EQ,hold,hold,True,target and post-trail stop decision
3156,position_evaluated,ANANTRAJ-EQ,hold,hold,True,target and post-trail stop decision
3157,position_evaluated,ANANTRAJ-EQ,hold,hold,True,target and post-trail stop decision
3158,position_evaluated,ANANTRAJ-EQ,hold,hold,True,target and post-trail stop decision
3159,position_evaluated,ANANTRAJ-EQ,hold,hold,True,target and post-trail stop decision
3160,position_evaluated,ANANTRAJ-EQ,hold,hold,True,target and post-trail stop decision
3161,position_evaluated,ANANTRAJ-EQ,hold,hold,True,target and post-trail stop decision
3162,position_evaluated,ANANTRAJ-EQ,hold,hold,True,target and post-trail stop decision
3163,position_evaluated,ANANTRAJ-EQ,hold,hold,True,target and post-trail stop decision
3164,position_evaluated,ANANTRAJ-EQ,hold,hold,True,target and post-trail stop decision
3165,position_evaluated,ANANTRAJ-EQ,hold,hold,True,target and post-trail stop decision
3166,position_evaluated,ANANTRAJ-EQ,hold,hold,True,target and post-trail stop decision
3167,position_evaluated,ANANTRAJ-EQ,hold,hold,True,target and post-trail stop decision
3168,position_evaluated,ANANTRAJ-EQ,hold,hold,True,target and post-trail stop decision
3169,position_evaluated,ANANTRAJ-EQ,hold,hold,True,target and post-trail stop decision
3170,position_evaluated,ANANTRAJ-EQ,hold,hold,True,target and post-trail stop decision
3171,position_evaluated,ANANTRAJ-EQ,hold,hold,True,target and post-trail stop decision
3172,position_evaluated,ANANTRAJ-EQ,hold,hold,True,target and post-trail stop decision
3173,position_evaluated,ANANTRAJ-EQ,hold,hold,True,target and post-trail stop decision
3174,position_evaluated,ANANTRAJ-EQ,hold,hold,True,target and post-trail stop decision
3175,position_evaluated,ANANTRAJ-EQ,hold,hold,True,target and post-trail stop decision
3176,position_evaluated,ANANTRAJ-EQ,hold,hold,True,target and post-trail stop decision
3177,position_evaluated,ANANTRAJ-EQ,hold,hold,True,target and post-trail stop decision
3178,position_evaluated,ANANTRAJ-EQ,hold,hold,True,target and post-trail stop decision
3179,position_evaluated,ANANTRAJ-EQ,hold,hold,True,target and post-trail stop decision
3180,position_evaluated,ANANTRAJ-EQ,hold,hold,True,target and post-trail stop decision
3181,position_evaluated,ANANTRAJ-EQ,hold,hold,True,target and post-trail stop decision
3182,position_evaluated,ANANTRAJ-EQ,hold,hold,True,target and post-trail stop decision
3183,position_evaluated,ANANTRAJ-EQ,hold,hold,True,target and post-trail stop decision
3184,position_evaluated,ANANTRAJ-EQ,hold,hold,True,target and post-trail stop decision
3185,position_evaluated,ANANTRAJ-EQ,hold,hold,True,target and post-trail stop decision
3186,position_evaluated,ANANTRAJ-EQ,hold,hold,True,target and post-trail stop decision
3187,position_evaluated,ANANTRAJ-EQ,hold,hold,True,target and post-trail stop decision
3188,position_evaluated,ANANTRAJ-EQ,hold,hold,True,target and post-trail stop decision
3189,position_evaluated,ANANTRAJ-EQ,hold,hold,True,target and post-trail stop decision
3190,position_evaluated,ANANTRAJ-EQ,hold,hold,True,target and post-trail stop decision
3191,position_evaluated,ANANTRAJ-EQ,hold,hold,True,target and post-trail stop decision
3192,position_evaluated,ANANTRAJ-EQ,hold,hold,True,target and post-trail stop decision
3193,position_evaluated,ANANTRAJ-EQ,hold,hold,True,target and post-trail stop decision
3194,position_evaluated,ANANTRAJ-EQ,hold,hold,True,target and post-trail stop decision
3195,position_evaluated,ANANTRAJ-EQ,hold,hold,True,target and post-trail stop decision
3196,position_evaluated,ANANTRAJ-EQ,hold,hold,True,target and post-trail stop decision
3197,position_evaluated,ANANTRAJ-EQ,hold,hold,True,target and post-trail stop decision
3198,position_evaluated,ANANTRAJ-EQ,hold,hold,True,target and post-trail stop decision
3199,position_evaluated,ANANTRAJ-EQ,hold,hold,True,target and post-trail stop decision
3200,position_evaluated,ANANTRAJ-EQ,hold,hold,True,target and post-trail stop decision
3201,position_evaluated,ANANTRAJ-EQ,hold,hold,True,target and post-trail stop decision
3202,position_evaluated,ANANTRAJ-EQ,hold,hold,True,target and post-trail stop decision
3203,position_evaluated,ANANTRAJ-EQ,hold,hold,True,target and post-trail stop decision
3204,position_evaluated,ANANTRAJ-EQ,hold,hold,True,target and post-trail stop decision
3205,position_evaluated,ANANTRAJ-EQ,hold,hold,True,target and post-trail stop decision
3206,position_evaluated,ANANTRAJ-EQ,hold,hold,True,target and post-trail stop decision
3207,position_evaluated,ANANTRAJ-EQ,hold,hold,True,target and post-trail stop decision
3208,position_evaluated,ANANTRAJ-EQ,hold,hold,True,target and post-trail stop decision
3209,position_evaluated,ANANTRAJ-EQ,hold,hold,True,target and post-trail stop decision
3210,position_evaluated,ANANTRAJ-EQ,hold,hold,True,target and post-trail stop decision
3211,position_evaluated,ANANTRAJ-EQ,hold,hold,True,target and post-trail stop decision
3212,position_evaluated,ANANTRAJ-EQ,hold,hold,True,target and post-trail stop decision
3213,position_evaluated,ANANTRAJ-EQ,hold,hold,True,target and post-trail stop decision
3214,position_evaluated,ANANTRAJ-EQ,hold,hold,True,target and post-trail stop decision
3215,position_evaluated,ANANTRAJ-EQ,hold,hold,True,target and post-trail stop decision
3216,position_evaluated,ANANTRAJ-EQ,hold,hold,True,target and post-trail stop decision
3217,position_evaluated,ANANTRAJ-EQ,hold,hold,True,target and post-trail stop decision
3218,position_evaluated,ANANTRAJ-EQ,hold,hold,True,target and post-trail stop decision
3219,position_evaluated,ANANTRAJ-EQ,hold,hold,True,target and post-trail stop decision
3220,position_evaluated,ANANTRAJ-EQ,hold,hold,True,target and post-trail stop decision
3221,position_evaluated,ANANTRAJ-EQ,hold,hold,True,target and post-trail stop decision
3222,position_evaluated,ANANTRAJ-EQ,hold,hold,True,target and post-trail stop decision
3223,position_evaluated,ANANTRAJ-EQ,hold,hold,True,target and post-trail stop decision
3224,position_evaluated,ANANTRAJ-EQ,hold,hold,True,target and post-trail stop decision
3225,position_evaluated,ANANTRAJ-EQ,hold,hold,True,target and post-trail stop decision
3226,position_evaluated,ANANTRAJ-EQ,hold,hold,True,target and post-trail stop decision
3227,position_evaluated,ANANTRAJ-EQ,hold,hold,True,target and post-trail stop decision
3228,position_evaluated,ANANTRAJ-EQ,hold,hold,True,target and post-trail stop decision
3229,position_evaluated,ANANTRAJ-EQ,hold,hold,True,target and post-trail stop decision
3230,position_evaluated,ANANTRAJ-EQ,hold,hold,True,target and post-trail stop decision
3231,position_evaluated,ANANTRAJ-EQ,hold,hold,True,target and post-trail stop decision
3232,position_evaluated,ANANTRAJ-EQ,hold,hold,True,target and post-trail stop decision
3233,position_evaluated,ANANTRAJ-EQ,hold,hold,True,target and post-trail stop decision
3234,position_evaluated,ANANTRAJ-EQ,hold,hold,True,target and post-trail stop decision
3235,position_evaluated,ANANTRAJ-EQ,hold,hold,True,target and post-trail stop decision
3236,position_evaluated,ANANTRAJ-EQ,hold,hold,True,target and post-trail stop decision
3237,position_evaluated,ANANTRAJ-EQ,hold,hold,True,target and post-trail stop decision
3238,position_evaluated,ANANTRAJ-EQ,hold,hold,True,target and post-trail stop decision
3239,position_evaluated,ANANTRAJ-EQ,hold,hold,True,target and post-trail stop decision
3240,position_evaluated,ANANTRAJ-EQ,hold,hold,True,target and post-trail stop decision
3241,position_evaluated,ANANTRAJ-EQ,hold,hold,True,target and post-trail stop decision
3242,position_evaluated,ANANTRAJ-EQ,hold,hold,True,target and post-trail stop decision
3243,position_evaluated,ANANTRAJ-EQ,hold,hold,True,target and post-trail stop decision
3244,position_evaluated,ANANTRAJ-EQ,hold,hold,True,target and post-trail stop decision
3245,position_evaluated,ANANTRAJ-EQ,hold,hold,True,target and post-trail stop decision
3246,position_evaluated,ANANTRAJ-EQ,hold,hold,True,target and post-trail stop decision
3247,position_evaluated,ANANTRAJ-EQ,hold,hold,True,target and post-trail stop decision
3248,position_evaluated,ANANTRAJ-EQ,hold,hold,True,target and post-trail stop decision
3249,position_evaluated,ANANTRAJ-EQ,hold,hold,True,target and post-trail stop decision
3250,position_evaluated,ANANTRAJ-EQ,hold,hold,True,target and post-trail stop decision
3251,position_evaluated,ANANTRAJ-EQ,hold,hold,True,target and post-trail stop decision
3252,position_evaluated,ANANTRAJ-EQ,hold,hold,True,target and post-trail stop decision
3253,position_evaluated,ANANTRAJ-EQ,hold,hold,True,target and post-trail stop decision
3254,position_evaluated,ANANTRAJ-EQ,hold,hold,True,target and post-trail stop decision
3255,position_evaluated,ANANTRAJ-EQ,hold,hold,True,target and post-trail stop decision
3256,position_evaluated,ANANTRAJ-EQ,hold,hold,True,target and post-trail stop decision
3257,position_evaluated,ANANTRAJ-EQ,hold,hold,True,target and post-trail stop decision
3258,position_evaluated,ANANTRAJ-EQ,hold,hold,True,target and post-trail stop decision
3259,position_evaluated,ANANTRAJ-EQ,hold,hold,True,target and post-trail stop decision
3260,position_evaluated,ANANTRAJ-EQ,hold,hold,True,target and post-trail stop decision
3261,position_evaluated,ANANTRAJ-EQ,hold,hold,True,target and post-trail stop decision
3262,position_evaluated,ANANTRAJ-EQ,hold,hold,True,target and post-trail stop decision
3263,position_evaluated,ANANTRAJ-EQ,hold,hold,True,target and post-trail stop decision
3264,position_evaluated,ANANTRAJ-EQ,hold,hold,True,target and post-trail stop decision
3265,position_evaluated,ANANTRAJ-EQ,hold,hold,True,target and post-trail stop decision
3266,position_evaluated,ANANTRAJ-EQ,hold,hold,True,target and post-trail stop decision
3267,position_evaluated,ANANTRAJ-EQ,hold,hold,True,target and post-trail stop decision
3268,position_evaluated,ANANTRAJ-EQ,hold,hold,True,target and post-trail stop decision
3269,position_evaluated,ANANTRAJ-EQ,hold,hold,True,target and post-trail stop decision
3270,position_evaluated,ANANTRAJ-EQ,hold,hold,True,target and post-trail stop decision
3271,position_evaluated,ANANTRAJ-EQ,hold,hold,True,target and post-trail stop decision
3272,position_evaluated,ANANTRAJ-EQ,hold,hold,True,target and post-trail stop decision
3273,position_evaluated,ANANTRAJ-EQ,hold,hold,True,target and post-trail stop decision
3274,position_evaluated,ANANTRAJ-EQ,hold,hold,True,target and post-trail stop decision
3275,position_evaluated,ANANTRAJ-EQ,hold,hold,True,target and post-trail stop decision
3276,position_evaluated,ANANTRAJ-EQ,hold,hold,True,target and post-trail stop decision
3277,position_evaluated,ANANTRAJ-EQ,hold,hold,True,target and post-trail stop decision
3278,position_evaluated,ANANTRAJ-EQ,hold,hold,True,target and post-trail stop decision
3279,position_evaluated,ANANTRAJ-EQ,hold,hold,True,target and post-trail stop decision
3280,position_evaluated,ANANTRAJ-EQ,hold,hold,True,target and post-trail stop decision
3281,position_evaluated,ANANTRAJ-EQ,hold,hold,True,target and post-trail stop decision
3282,position_evaluated,ANANTRAJ-EQ,hold,hold,True,target and post-trail stop decision
3283,position_evaluated,ANANTRAJ-EQ,hold,hold,True,target and post-trail stop decision
3284,position_evaluated,ANANTRAJ-EQ,hold,hold,True,target and post-trail stop decision
3285,position_evaluated,ANANTRAJ-EQ,hold,hold,True,target and post-trail stop decision
3286,position_evaluated,ANANTRAJ-EQ,hold,hold,True,target and post-trail stop decision
3287,position_evaluated,ANANTRAJ-EQ,hold,hold,True,target and post-trail stop decision
3288,position_evaluated,ANANTRAJ-EQ,hold,hold,True,target and post-trail stop decision
3289,position_evaluated,ANANTRAJ-EQ,hold,hold,True,target and post-trail stop decision
3290,position_evaluated,ANANTRAJ-EQ,hold,hold,True,target and post-trail stop decision
3291,position_evaluated,ANANTRAJ-EQ,hold,hold,True,target and post-trail stop decision
3292,position_evaluated,ANANTRAJ-EQ,hold,hold,True,target and post-trail stop decision
3293,position_evaluated,ANANTRAJ-EQ,hold,hold,True,target and post-trail stop decision
3294,position_evaluated,ANANTRAJ-EQ,hold,hold,True,target and post-trail stop decision
3295,position_evaluated,ANANTRAJ-EQ,hold,hold,True,target and post-trail stop decision
3296,position_evaluated,ANANTRAJ-EQ,hold,hold,True,target and post-trail stop decision
3297,position_evaluated,ANANTRAJ-EQ,hold,hold,True,target and post-trail stop decision
3298,position_evaluated,ANANTRAJ-EQ,hold,hold,True,target and post-trail stop decision
3299,position_evaluated,ANANTRAJ-EQ,hold,hold,True,target and post-trail stop decision
3300,position_evaluated,ANANTRAJ-EQ,hold,hold,True,target and post-trail stop decision
3301,position_evaluated,ANANTRAJ-EQ,hold,hold,True,target and post-trail stop decision
3302,position_evaluated,ANANTRAJ-EQ,hold,hold,True,target and post-trail stop decision
3303,position_evaluated,ANANTRAJ-EQ,hold,hold,True,target and post-trail stop decision
3304,position_evaluated,ANANTRAJ-EQ,hold,hold,True,target and post-trail stop decision
3305,position_evaluated,ANANTRAJ-EQ,hold,hold,True,target and post-trail stop decision
3306,position_evaluated,ANANTRAJ-EQ,hold,hold,True,target and post-trail stop decision
3307,position_evaluated,ANANTRAJ-EQ,hold,hold,True,target and post-trail stop decision
3308,position_evaluated,ANANTRAJ-EQ,hold,hold,True,target and post-trail stop decision
3309,position_evaluated,ANANTRAJ-EQ,hold,hold,True,target and post-trail stop decision
3310,position_evaluated,ANANTRAJ-EQ,hold,hold,True,target and post-trail stop decision
3311,position_evaluated,ANANTRAJ-EQ,hold,hold,True,target and post-trail stop decision
3312,position_evaluated,ANANTRAJ-EQ,hold,hold,True,target and post-trail stop decision
3313,position_evaluated,ANANTRAJ-EQ,hold,hold,True,target and post-trail stop decision
3314,position_evaluated,ANANTRAJ-EQ,hold,hold,True,target and post-trail stop decision
3315,position_evaluated,ANANTRAJ-EQ,hold,hold,True,target and post-trail stop decision
3316,position_evaluated,ANANTRAJ-EQ,hold,hold,True,target and post-trail stop decision
3317,position_evaluated,ANANTRAJ-EQ,hold,hold,True,target and post-trail stop decision
3318,position_evaluated,ANANTRAJ-EQ,hold,hold,True,target and post-trail stop decision
3319,position_evaluated,ANANTRAJ-EQ,hold,hold,True,target and post-trail stop decision
3320,position_evaluated,ANANTRAJ-EQ,hold,hold,True,target and post-trail stop decision
3321,position_evaluated,ANANTRAJ-EQ,hold,hold,True,target and post-trail stop decision
3322,position_evaluated,ANANTRAJ-EQ,hold,hold,True,target and post-trail stop decision
3323,position_evaluated,ANANTRAJ-EQ,hold,hold,True,target and post-trail stop decision
3324,position_evaluated,ANANTRAJ-EQ,hold,hold,True,target and post-trail stop decision
3325,position_evaluated,ANANTRAJ-EQ,hold,hold,True,target and post-trail stop decision
3326,position_evaluated,ANANTRAJ-EQ,hold,hold,True,target and post-trail stop decision
3327,position_evaluated,ANANTRAJ-EQ,hold,hold,True,target and post-trail stop decision
3328,position_evaluated,ANANTRAJ-EQ,hold,hold,True,target and post-trail stop decision
3329,position_evaluated,ANANTRAJ-EQ,hold,hold,True,target and post-trail stop decision
3330,position_evaluated,ANANTRAJ-EQ,hold,hold,True,target and post-trail stop decision
3331,position_evaluated,ANANTRAJ-EQ,hold,hold,True,target and post-trail stop decision
3332,position_evaluated,ANANTRAJ-EQ,hold,hold,True,target and post-trail stop decision
3333,position_evaluated,ANANTRAJ-EQ,hold,hold,True,target and post-trail stop decision
3334,position_evaluated,ANANTRAJ-EQ,hold,hold,True,target and post-trail stop decision
3335,position_evaluated,ANANTRAJ-EQ,hold,hold,True,target and post-trail stop decision
3336,position_evaluated,ANANTRAJ-EQ,hold,hold,True,target and post-trail stop decision
3337,position_evaluated,ANANTRAJ-EQ,hold,hold,True,target and post-trail stop decision
3338,position_evaluated,ANANTRAJ-EQ,hold,hold,True,target and post-trail stop decision
3339,position_evaluated,ANANTRAJ-EQ,hold,hold,True,target and post-trail stop decision
3340,position_evaluated,ANANTRAJ-EQ,hold,hold,True,target and post-trail stop decision
3341,position_evaluated,ANANTRAJ-EQ,hold,hold,True,target and post-trail stop decision
3342,position_evaluated,ANANTRAJ-EQ,hold,hold,True,target and post-trail stop decision
3343,position_evaluated,ANANTRAJ-EQ,hold,hold,True,target and post-trail stop decision
3344,position_evaluated,ANANTRAJ-EQ,hold,hold,True,target and post-trail stop decision
3345,position_evaluated,ANANTRAJ-EQ,hold,hold,True,target and post-trail stop decision
3346,position_evaluated,ANANTRAJ-EQ,hold,hold,True,target and post-trail stop decision
3347,position_evaluated,ANANTRAJ-EQ,hold,hold,True,target and post-trail stop decision
3348,position_evaluated,ANANTRAJ-EQ,hold,hold,True,target and post-trail stop decision
3349,position_evaluated,ANANTRAJ-EQ,hold,hold,True,target and post-trail stop decision
3350,position_evaluated,ANANTRAJ-EQ,hold,hold,True,target and post-trail stop decision
3351,position_evaluated,ANANTRAJ-EQ,hold,hold,True,target and post-trail stop decision
3352,position_evaluated,ANANTRAJ-EQ,hold,hold,True,target and post-trail stop decision
3353,position_evaluated,ANANTRAJ-EQ,hold,hold,True,target and post-trail stop decision
3354,position_evaluated,ANANTRAJ-EQ,hold,hold,True,target and post-trail stop decision
3355,position_evaluated,ANANTRAJ-EQ,hold,hold,True,target and post-trail stop decision
3356,position_evaluated,ANANTRAJ-EQ,hold,hold,True,target and post-trail stop decision
3357,position_evaluated,ANANTRAJ-EQ,hold,hold,True,target and post-trail stop decision
3358,position_evaluated,ANANTRAJ-EQ,hold,hold,True,target and post-trail stop decision
3359,position_evaluated,ANANTRAJ-EQ,hold,hold,True,target and post-trail stop decision
3360,position_evaluated,ANANTRAJ-EQ,hold,hold,True,target and post-trail stop decision
3361,position_evaluated,ANANTRAJ-EQ,hold,hold,True,target and post-trail stop decision
3362,position_evaluated,ANANTRAJ-EQ,hold,hold,True,target and post-trail stop decision
3363,position_evaluated,ANANTRAJ-EQ,hold,hold,True,target and post-trail stop decision
3364,position_evaluated,ANANTRAJ-EQ,hold,hold,True,target and post-trail stop decision
3365,position_evaluated,ANANTRAJ-EQ,hold,hold,True,target and post-trail stop decision
3366,position_evaluated,ANANTRAJ-EQ,hold,hold,True,target and post-trail stop decision
3367,position_evaluated,ANANTRAJ-EQ,hold,hold,True,target and post-trail stop decision
3368,position_evaluated,ANANTRAJ-EQ,hold,hold,True,target and post-trail stop decision
3369,position_evaluated,ANANTRAJ-EQ,hold,hold,True,target and post-trail stop decision
3371,position_evaluated,ANANTRAJ-EQ,hold,hold,True,target and post-trail stop decision
3372,position_evaluated,ANANTRAJ-EQ,hold,hold,True,target and post-trail stop decision
3373,position_evaluated,ANANTRAJ-EQ,hold,hold,True,target and post-trail stop decision
3374,position_evaluated,ANANTRAJ-EQ,hold,hold,True,target and post-trail stop decision
3375,position_evaluated,ANANTRAJ-EQ,hold,hold,True,target and post-trail stop decision
3376,position_evaluated,ANANTRAJ-EQ,hold,hold,True,target and post-trail stop decision
3377,position_evaluated,ANANTRAJ-EQ,hold,hold,True,target and post-trail stop decision
3378,position_evaluated,ANANTRAJ-EQ,hold,hold,True,target and post-trail stop decision
3379,position_evaluated,ANANTRAJ-EQ,hold,hold,True,target and post-trail stop decision
3380,position_evaluated,ANANTRAJ-EQ,hold,hold,True,target and post-trail stop decision
3381,position_evaluated,ANANTRAJ-EQ,hold,hold,True,target and post-trail stop decision
3382,position_evaluated,ANANTRAJ-EQ,hold,hold,True,target and post-trail stop decision
3383,position_evaluated,ANANTRAJ-EQ,hold,hold,True,target and post-trail stop decision
3384,position_evaluated,ANANTRAJ-EQ,hold,hold,True,target and post-trail stop decision
3385,position_evaluated,ANANTRAJ-EQ,hold,hold,True,target and post-trail stop decision
3386,position_evaluated,ANANTRAJ-EQ,hold,hold,True,target and post-trail stop decision
3387,position_evaluated,ANANTRAJ-EQ,hold,hold,True,target and post-trail stop decision
3388,position_evaluated,ANANTRAJ-EQ,hold,hold,True,target and post-trail stop decision
3389,position_evaluated,ANANTRAJ-EQ,hold,hold,True,target and post-trail stop decision
3390,position_evaluated,ANANTRAJ-EQ,hold,hold,True,target and post-trail stop decision
3391,position_evaluated,ANANTRAJ-EQ,hold,hold,True,target and post-trail stop decision
3392,position_evaluated,ANANTRAJ-EQ,hold,hold,True,target and post-trail stop decision
3393,position_evaluated,ANANTRAJ-EQ,hold,hold,True,target and post-trail stop decision
3394,position_evaluated,ANANTRAJ-EQ,hold,hold,True,target and post-trail stop decision
3395,position_evaluated,ANANTRAJ-EQ,hold,hold,True,target and post-trail stop decision
3396,position_evaluated,ANANTRAJ-EQ,hold,hold,True,target and post-trail stop decision
3397,position_evaluated,ANANTRAJ-EQ,hold,hold,True,target and post-trail stop decision
3398,position_evaluated,ANANTRAJ-EQ,hold,hold,True,target and post-trail stop decision
3399,position_evaluated,ANANTRAJ-EQ,hold,hold,True,target and post-trail stop decision
3400,position_evaluated,ANANTRAJ-EQ,hold,hold,True,target and post-trail stop decision
3401,position_evaluated,ANANTRAJ-EQ,hold,hold,True,target and post-trail stop decision
3402,position_evaluated,ANANTRAJ-EQ,hold,hold,True,target and post-trail stop decision
3403,position_evaluated,ANANTRAJ-EQ,hold,hold,True,target and post-trail stop decision
3404,position_evaluated,ANANTRAJ-EQ,hold,hold,True,target and post-trail stop decision
3405,position_evaluated,ANANTRAJ-EQ,hold,hold,True,target and post-trail stop decision
3406,position_evaluated,ANANTRAJ-EQ,hold,hold,True,target and post-trail stop decision
3407,position_evaluated,ANANTRAJ-EQ,hold,hold,True,target and post-trail stop decision
3408,position_evaluated,ANANTRAJ-EQ,hold,hold,True,target and post-trail stop decision
3409,position_evaluated,ANANTRAJ-EQ,hold,hold,True,target and post-trail stop decision
3410,position_evaluated,ANANTRAJ-EQ,hold,hold,True,target and post-trail stop decision
3411,position_evaluated,ANANTRAJ-EQ,hold,hold,True,target and post-trail stop decision
3412,position_evaluated,ANANTRAJ-EQ,hold,hold,True,target and post-trail stop decision
3413,position_evaluated,ANANTRAJ-EQ,hold,hold,True,target and post-trail stop decision
3414,position_evaluated,ANANTRAJ-EQ,hold,hold,True,target and post-trail stop decision
3415,position_evaluated,ANANTRAJ-EQ,hold,hold,True,target and post-trail stop decision
3416,position_evaluated,ANANTRAJ-EQ,hold,hold,True,target and post-trail stop decision
3417,position_evaluated,ANANTRAJ-EQ,hold,hold,True,target and post-trail stop decision
3418,position_evaluated,ANANTRAJ-EQ,hold,hold,True,target and post-trail stop decision
3419,position_evaluated,ANANTRAJ-EQ,hold,hold,True,target and post-trail stop decision
3420,position_evaluated,ANANTRAJ-EQ,hold,hold,True,target and post-trail stop decision
3421,position_evaluated,ANANTRAJ-EQ,hold,hold,True,target and post-trail stop decision
3422,position_evaluated,ANANTRAJ-EQ,hold,hold,True,target and post-trail stop decision
3423,position_evaluated,ANANTRAJ-EQ,hold,hold,True,target and post-trail stop decision
3424,position_evaluated,ANANTRAJ-EQ,hold,hold,True,target and post-trail stop decision
3425,position_evaluated,ANANTRAJ-EQ,hold,hold,True,target and post-trail stop decision
3426,position_evaluated,ANANTRAJ-EQ,hold,hold,True,target and post-trail stop decision
3427,position_evaluated,ANANTRAJ-EQ,hold,hold,True,target and post-trail stop decision
3428,position_evaluated,ANANTRAJ-EQ,hold,hold,True,target and post-trail stop decision
3429,position_evaluated,ANANTRAJ-EQ,hold,hold,True,target and post-trail stop decision
3430,position_evaluated,ANANTRAJ-EQ,hold,hold,True,target and post-trail stop decision
3431,position_evaluated,ANANTRAJ-EQ,hold,hold,True,target and post-trail stop decision
3432,position_evaluated,ANANTRAJ-EQ,hold,hold,True,target and post-trail stop decision
3433,position_evaluated,ANANTRAJ-EQ,hold,hold,True,target and post-trail stop decision
3434,position_evaluated,ANANTRAJ-EQ,hold,hold,True,target and post-trail stop decision
3435,position_evaluated,ANANTRAJ-EQ,hold,hold,True,target and post-trail stop decision
3436,position_evaluated,ANANTRAJ-EQ,hold,hold,True,target and post-trail stop decision
3437,position_evaluated,ANANTRAJ-EQ,hold,hold,True,target and post-trail stop decision
3438,position_evaluated,ANANTRAJ-EQ,hold,hold,True,target and post-trail stop decision
3439,position_evaluated,ANANTRAJ-EQ,hold,hold,True,target and post-trail stop decision
3440,position_evaluated,ANANTRAJ-EQ,hold,hold,True,target and post-trail stop decision
3441,position_evaluated,ANANTRAJ-EQ,hold,hold,True,target and post-trail stop decision
3442,position_evaluated,ANANTRAJ-EQ,hold,hold,True,target and post-trail stop decision
3443,position_evaluated,ANANTRAJ-EQ,hold,hold,True,target and post-trail stop decision
3444,position_evaluated,ANANTRAJ-EQ,hold,hold,True,target and post-trail stop decision
3445,position_evaluated,ANANTRAJ-EQ,hold,hold,True,target and post-trail stop decision
3446,position_evaluated,ANANTRAJ-EQ,hold,hold,True,target and post-trail stop decision
3447,position_evaluated,ANANTRAJ-EQ,hold,hold,True,target and post-trail stop decision
3448,position_evaluated,ANANTRAJ-EQ,hold,hold,True,target and post-trail stop decision
3449,position_evaluated,ANANTRAJ-EQ,hold,hold,True,target and post-trail stop decision
3450,position_evaluated,ANANTRAJ-EQ,hold,hold,True,target and post-trail stop decision
3451,position_evaluated,ANANTRAJ-EQ,hold,hold,True,target and post-trail stop decision
3452,position_evaluated,ANANTRAJ-EQ,hold,hold,True,target and post-trail stop decision
3453,position_evaluated,ANANTRAJ-EQ,hold,hold,True,target and post-trail stop decision
3454,position_evaluated,ANANTRAJ-EQ,hold,hold,True,target and post-trail stop decision
3455,position_evaluated,ANANTRAJ-EQ,hold,hold,True,target and post-trail stop decision
3456,position_evaluated,ANANTRAJ-EQ,hold,hold,True,target and post-trail stop decision
3457,position_evaluated,ANANTRAJ-EQ,hold,hold,True,target and post-trail stop decision
3458,position_evaluated,ANANTRAJ-EQ,hold,hold,True,target and post-trail stop decision
3459,position_evaluated,ANANTRAJ-EQ,hold,hold,True,target and post-trail stop decision
3460,position_evaluated,ANANTRAJ-EQ,hold,hold,True,target and post-trail stop decision
3461,position_evaluated,ANANTRAJ-EQ,hold,hold,True,target and post-trail stop decision
3462,position_evaluated,ANANTRAJ-EQ,hold,hold,True,target and post-trail stop decision
3463,position_evaluated,ANANTRAJ-EQ,hold,hold,True,target and post-trail stop decision
3464,position_evaluated,ANANTRAJ-EQ,hold,hold,True,target and post-trail stop decision
3465,position_evaluated,ANANTRAJ-EQ,hold,hold,True,target and post-trail stop decision
3466,position_evaluated,ANANTRAJ-EQ,hold,hold,True,target and post-trail stop decision
3467,position_evaluated,ANANTRAJ-EQ,hold,hold,True,target and post-trail stop decision
3468,position_evaluated,ANANTRAJ-EQ,hold,hold,True,target and post-trail stop decision
3469,position_evaluated,ANANTRAJ-EQ,hold,hold,True,target and post-trail stop decision
3470,position_evaluated,ANANTRAJ-EQ,hold,hold,True,target and post-trail stop decision
3471,position_evaluated,ANANTRAJ-EQ,hold,hold,True,target and post-trail stop decision
3472,position_evaluated,ANANTRAJ-EQ,hold,hold,True,target and post-trail stop decision
3473,position_evaluated,ANANTRAJ-EQ,hold,hold,True,target and post-trail stop decision
3474,position_evaluated,ANANTRAJ-EQ,hold,hold,True,target and post-trail stop decision
3475,position_evaluated,ANANTRAJ-EQ,hold,hold,True,target and post-trail stop decision
3476,position_evaluated,ANANTRAJ-EQ,hold,hold,True,target and post-trail stop decision
3477,position_evaluated,ANANTRAJ-EQ,hold,hold,True,target and post-trail stop decision
3478,position_evaluated,ANANTRAJ-EQ,hold,hold,True,target and post-trail stop decision
3479,position_evaluated,ANANTRAJ-EQ,hold,hold,True,target and post-trail stop decision
3480,position_evaluated,ANANTRAJ-EQ,hold,hold,True,target and post-trail stop decision
3481,position_evaluated,ANANTRAJ-EQ,hold,hold,True,target and post-trail stop decision
3482,position_evaluated,ANANTRAJ-EQ,hold,hold,True,target and post-trail stop decision
3483,position_evaluated,ANANTRAJ-EQ,hold,hold,True,target and post-trail stop decision
3484,position_evaluated,ANANTRAJ-EQ,hold,hold,True,target and post-trail stop decision
3485,position_evaluated,ANANTRAJ-EQ,hold,hold,True,target and post-trail stop decision
3486,position_evaluated,ANANTRAJ-EQ,hold,hold,True,target and post-trail stop decision
3487,position_evaluated,ANANTRAJ-EQ,hold,hold,True,target and post-trail stop decision
3488,position_evaluated,ANANTRAJ-EQ,hold,hold,True,target and post-trail stop decision
3489,position_evaluated,ANANTRAJ-EQ,hold,hold,True,target and post-trail stop decision
3490,position_evaluated,ANANTRAJ-EQ,hold,hold,True,target and post-trail stop decision
3491,position_evaluated,ANANTRAJ-EQ,hold,hold,True,target and post-trail stop decision
3492,position_evaluated,ANANTRAJ-EQ,hold,hold,True,target and post-trail stop decision
3493,position_evaluated,ANANTRAJ-EQ,hold,hold,True,target and post-trail stop decision
3494,position_evaluated,ANANTRAJ-EQ,hold,hold,True,target and post-trail stop decision
3495,position_evaluated,ANANTRAJ-EQ,hold,hold,True,target and post-trail stop decision
3496,position_evaluated,ANANTRAJ-EQ,hold,hold,True,target and post-trail stop decision
3497,position_evaluated,ANANTRAJ-EQ,hold,hold,True,target and post-trail stop decision
3498,position_evaluated,ANANTRAJ-EQ,hold,hold,True,target and post-trail stop decision
3499,position_evaluated,ANANTRAJ-EQ,hold,hold,True,target and post-trail stop decision
3500,position_evaluated,ANANTRAJ-EQ,hold,hold,True,target and post-trail stop decision
3501,position_evaluated,ANANTRAJ-EQ,hold,hold,True,target and post-trail stop decision
3502,position_evaluated,ANANTRAJ-EQ,hold,hold,True,target and post-trail stop decision
3503,position_evaluated,ANANTRAJ-EQ,hold,hold,True,target and post-trail stop decision
3504,position_evaluated,ANANTRAJ-EQ,hold,hold,True,target and post-trail stop decision
3505,position_evaluated,ANANTRAJ-EQ,hold,hold,True,target and post-trail stop decision
3506,position_evaluated,ANANTRAJ-EQ,hold,hold,True,target and post-trail stop decision
3507,position_evaluated,ANANTRAJ-EQ,hold,hold,True,target and post-trail stop decision
3508,position_evaluated,ANANTRAJ-EQ,hold,hold,True,target and post-trail stop decision
3509,position_evaluated,ANANTRAJ-EQ,hold,hold,True,target and post-trail stop decision
3510,position_evaluated,ANANTRAJ-EQ,hold,hold,True,target and post-trail stop decision
3511,position_evaluated,ANANTRAJ-EQ,hold,hold,True,target and post-trail stop decision
3512,position_evaluated,ANANTRAJ-EQ,hold,hold,True,target and post-trail stop decision
3513,position_evaluated,ANANTRAJ-EQ,hold,hold,True,target and post-trail stop decision
3514,position_evaluated,ANANTRAJ-EQ,hold,hold,True,target and post-trail stop decision
3515,position_evaluated,ANANTRAJ-EQ,hold,hold,True,target and post-trail stop decision
3516,position_evaluated,ANANTRAJ-EQ,hold,hold,True,target and post-trail stop decision
3517,position_evaluated,ANANTRAJ-EQ,hold,hold,True,target and post-trail stop decision
3518,position_evaluated,ANANTRAJ-EQ,hold,hold,True,target and post-trail stop decision
3519,position_evaluated,ANANTRAJ-EQ,hold,hold,True,target and post-trail stop decision
3520,position_evaluated,ANANTRAJ-EQ,hold,hold,True,target and post-trail stop decision
3521,position_evaluated,ANANTRAJ-EQ,hold,hold,True,target and post-trail stop decision
3522,position_evaluated,ANANTRAJ-EQ,hold,hold,True,target and post-trail stop decision
3523,position_evaluated,ANANTRAJ-EQ,hold,hold,True,target and post-trail stop decision
3524,position_evaluated,ANANTRAJ-EQ,hold,hold,True,target and post-trail stop decision
3525,position_evaluated,ANANTRAJ-EQ,hold,hold,True,target and post-trail stop decision
3526,position_evaluated,ANANTRAJ-EQ,hold,hold,True,target and post-trail stop decision
3527,position_evaluated,ANANTRAJ-EQ,hold,hold,True,target and post-trail stop decision
3528,position_evaluated,ANANTRAJ-EQ,hold,hold,True,target and post-trail stop decision
3529,position_evaluated,ANANTRAJ-EQ,hold,hold,True,target and post-trail stop decision
3530,position_evaluated,ANANTRAJ-EQ,hold,hold,True,target and post-trail stop decision
3531,position_evaluated,ANANTRAJ-EQ,hold,hold,True,target and post-trail stop decision
3532,position_evaluated,ANANTRAJ-EQ,hold,hold,True,target and post-trail stop decision
3533,position_evaluated,ANANTRAJ-EQ,hold,hold,True,target and post-trail stop decision
3534,position_evaluated,ANANTRAJ-EQ,hold,hold,True,target and post-trail stop decision
3535,position_evaluated,ANANTRAJ-EQ,hold,hold,True,target and post-trail stop decision
3536,position_evaluated,ANANTRAJ-EQ,hold,hold,True,target and post-trail stop decision
3537,position_evaluated,ANANTRAJ-EQ,hold,hold,True,target and post-trail stop decision
3538,position_evaluated,ANANTRAJ-EQ,hold,hold,True,target and post-trail stop decision
3539,position_evaluated,ANANTRAJ-EQ,hold,hold,True,target and post-trail stop decision
3540,position_evaluated,ANANTRAJ-EQ,hold,hold,True,target and post-trail stop decision
3541,position_evaluated,ANANTRAJ-EQ,hold,hold,True,target and post-trail stop decision
3542,position_evaluated,ANANTRAJ-EQ,hold,hold,True,target and post-trail stop decision
3543,position_evaluated,ANANTRAJ-EQ,hold,hold,True,target and post-trail stop decision
3544,position_evaluated,ANANTRAJ-EQ,hold,hold,True,target and post-trail stop decision
3545,position_evaluated,ANANTRAJ-EQ,hold,hold,True,target and post-trail stop decision
3546,position_evaluated,ANANTRAJ-EQ,hold,hold,True,target and post-trail stop decision
3547,position_evaluated,ANANTRAJ-EQ,hold,hold,True,target and post-trail stop decision
3548,position_evaluated,ANANTRAJ-EQ,hold,hold,True,target and post-trail stop decision
3549,position_evaluated,ANANTRAJ-EQ,hold,hold,True,target and post-trail stop decision
3550,position_evaluated,ANANTRAJ-EQ,hold,hold,True,target and post-trail stop decision
3551,position_evaluated,ANANTRAJ-EQ,hold,hold,True,target and post-trail stop decision
3552,position_evaluated,ANANTRAJ-EQ,hold,hold,True,target and post-trail stop decision
3553,position_evaluated,ANANTRAJ-EQ,hold,hold,True,target and post-trail stop decision
3554,position_evaluated,ANANTRAJ-EQ,hold,hold,True,target and post-trail stop decision
3555,position_evaluated,ANANTRAJ-EQ,hold,hold,True,target and post-trail stop decision
3556,position_evaluated,ANANTRAJ-EQ,hold,hold,True,target and post-trail stop decision
3557,position_evaluated,ANANTRAJ-EQ,hold,hold,True,target and post-trail stop decision
3558,position_evaluated,ANANTRAJ-EQ,hold,hold,True,target and post-trail stop decision
3559,position_evaluated,ANANTRAJ-EQ,hold,hold,True,target and post-trail stop decision
3560,position_evaluated,ANANTRAJ-EQ,hold,hold,True,target and post-trail stop decision
3561,position_evaluated,ANANTRAJ-EQ,hold,hold,True,target and post-trail stop decision
3562,position_evaluated,ANANTRAJ-EQ,hold,hold,True,target and post-trail stop decision
3563,position_evaluated,ANANTRAJ-EQ,hold,hold,True,target and post-trail stop decision
3564,position_evaluated,ANANTRAJ-EQ,hold,hold,True,target and post-trail stop decision
3565,position_evaluated,ANANTRAJ-EQ,hold,hold,True,target and post-trail stop decision
3566,position_evaluated,ANANTRAJ-EQ,hold,hold,True,target and post-trail stop decision
3567,position_evaluated,ANANTRAJ-EQ,hold,hold,True,target and post-trail stop decision
3568,position_evaluated,ANANTRAJ-EQ,hold,hold,True,target and post-trail stop decision
3569,position_evaluated,ANANTRAJ-EQ,hold,hold,True,target and post-trail stop decision
3570,position_evaluated,ANANTRAJ-EQ,hold,hold,True,target and post-trail stop decision
3571,position_evaluated,ANANTRAJ-EQ,hold,hold,True,target and post-trail stop decision
3572,position_evaluated,ANANTRAJ-EQ,hold,hold,True,target and post-trail stop decision
3573,position_evaluated,ANANTRAJ-EQ,hold,hold,True,target and post-trail stop decision
3574,position_evaluated,ANANTRAJ-EQ,hold,hold,True,target and post-trail stop decision
3575,position_evaluated,ANANTRAJ-EQ,hold,hold,True,target and post-trail stop decision
3576,position_evaluated,ANANTRAJ-EQ,hold,hold,True,target and post-trail stop decision
3577,position_evaluated,ANANTRAJ-EQ,hold,hold,True,target and post-trail stop decision
3578,position_evaluated,ANANTRAJ-EQ,hold,hold,True,target and post-trail stop decision
3579,position_evaluated,ANANTRAJ-EQ,hold,hold,True,target and post-trail stop decision
3580,position_evaluated,ANANTRAJ-EQ,hold,hold,True,target and post-trail stop decision
3589,market_gate,,trade,trade,True,four-factor market gate
3590,scan_completed,,candidates_ranked,candidates_ranked,True,"recorded=['GMMPFAUDLR-EQ', 'SANATHAN-EQ', 'TEJASNET-EQ', 'HBLENGINE-EQ', 'RATNAVEER-EQ']; replayed=['GMMPFAUDLR-EQ', 'SANATHAN-EQ', 'TEJASNET-EQ', 'HBLENGINE-EQ', 'RATNAVEER-EQ']"
3591,tradability_filter,,candidates_available,candidates_available,True,captured filter outcome
3592,broker_tradability_result,,candidates_available,candidates_available,True,captured filter outcome
3593,candidate_validation,SANATHAN-EQ,rejected,rejected,True,Range position 0.617 < 0.85 (price retreating from high)
3594,candidate_validation,TEJASNET-EQ,rejected,rejected,True,No micro breakout: LTP 607.85 < last 5min high 609.40
3595,candidate_validation,HBLENGINE-EQ,rejected,rejected,True,No micro breakout: LTP 715.50 < last 5min high 716.95
3596,candidate_validation,GMMPFAUDLR-EQ,rejected,rejected,True,Volume fading: current 330 vs avg 3356 (ratio 0.10 < 1.2)
3597,scan_completed,,candidates_ranked,candidates_ranked,True,"recorded=['HBLENGINE-EQ', 'GMMPFAUDLR-EQ', 'SANATHAN-EQ', 'TEJASNET-EQ', 'PARACABLES-EQ']; replayed=['HBLENGINE-EQ', 'GMMPFAUDLR-EQ', 'SANATHAN-EQ', 'TEJASNET-EQ', 'PARACABLES-EQ']"
3598,tradability_filter,,candidates_available,candidates_available,True,captured filter outcome
3599,broker_tradability_result,,candidates_available,candidates_available,True,captured filter outcome
3600,candidate_validation,SANATHAN-EQ,rejected,rejected,True,Range position 0.605 < 0.85 (price retreating from high)
3601,candidate_validation,GMMPFAUDLR-EQ,accepted,accepted,True,All checks passed
3602,candidate_validation,TEJASNET-EQ,rejected,rejected,True,Volume fading: current 126846 vs avg 186065 (ratio 0.68 < 1.2)
3603,candidate_validation,HBLENGINE-EQ,rejected,rejected,True,"Volume check failed: candle fetch error (POST https://apiconnect.angelone.in/rest/secure/angelbroking/historical/v1/getCandleData failed with status=403, content_type=unknown, client_public_ip=13.126.199.100, client_local_ip=172.31.33.249: Access denied because of exceeding access rate)"
3604,position_sized,GMMPFAUDLR-EQ,43,43,True,risk-based position sizing
3612,position_evaluated,GMMPFAUDLR-EQ,hold,hold,True,target and post-trail stop decision
3613,position_evaluated,GMMPFAUDLR-EQ,hold,hold,True,target and post-trail stop decision
3614,position_evaluated,GMMPFAUDLR-EQ,hold,hold,True,target and post-trail stop decision
3615,position_evaluated,GMMPFAUDLR-EQ,hold,hold,True,target and post-trail stop decision
3616,position_evaluated,GMMPFAUDLR-EQ,hold,hold,True,target and post-trail stop decision
3617,position_evaluated,GMMPFAUDLR-EQ,hold,hold,True,target and post-trail stop decision
3618,position_evaluated,GMMPFAUDLR-EQ,hold,hold,True,target and post-trail stop decision
3619,position_evaluated,GMMPFAUDLR-EQ,hold,hold,True,target and post-trail stop decision
3620,position_evaluated,GMMPFAUDLR-EQ,hold,hold,True,target and post-trail stop decision
3621,position_evaluated,GMMPFAUDLR-EQ,hold,hold,True,target and post-trail stop decision
3622,position_evaluated,GMMPFAUDLR-EQ,hold,hold,True,target and post-trail stop decision
3623,position_evaluated,GMMPFAUDLR-EQ,hold,hold,True,target and post-trail stop decision
3624,position_evaluated,GMMPFAUDLR-EQ,hold,hold,True,target and post-trail stop decision
3625,position_evaluated,GMMPFAUDLR-EQ,hold,hold,True,target and post-trail stop decision
3626,position_evaluated,GMMPFAUDLR-EQ,hold,hold,True,target and post-trail stop decision
3627,position_evaluated,GMMPFAUDLR-EQ,hold,hold,True,target and post-trail stop decision
3628,position_evaluated,GMMPFAUDLR-EQ,hold,hold,True,target and post-trail stop decision
3629,position_evaluated,GMMPFAUDLR-EQ,hold,hold,True,target and post-trail stop decision
3630,position_evaluated,GMMPFAUDLR-EQ,hold,hold,True,target and post-trail stop decision
3631,position_evaluated,GMMPFAUDLR-EQ,hold,hold,True,target and post-trail stop decision
3632,position_evaluated,GMMPFAUDLR-EQ,hold,hold,True,target and post-trail stop decision
3633,position_evaluated,GMMPFAUDLR-EQ,hold,hold,True,target and post-trail stop decision
3634,position_evaluated,GMMPFAUDLR-EQ,hold,hold,True,target and post-trail stop decision
3635,position_evaluated,GMMPFAUDLR-EQ,hold,hold,True,target and post-trail stop decision
3636,position_evaluated,GMMPFAUDLR-EQ,hold,hold,True,target and post-trail stop decision
3637,position_evaluated,GMMPFAUDLR-EQ,hold,hold,True,target and post-trail stop decision
3638,position_evaluated,GMMPFAUDLR-EQ,hold,hold,True,target and post-trail stop decision
3639,position_evaluated,GMMPFAUDLR-EQ,hold,hold,True,target and post-trail stop decision
3640,position_evaluated,GMMPFAUDLR-EQ,hold,hold,True,target and post-trail stop decision
3641,position_evaluated,GMMPFAUDLR-EQ,hold,hold,True,target and post-trail stop decision
3642,position_evaluated,GMMPFAUDLR-EQ,hold,hold,True,target and post-trail stop decision
3643,position_evaluated,GMMPFAUDLR-EQ,hold,hold,True,target and post-trail stop decision
3644,position_evaluated,GMMPFAUDLR-EQ,hold,hold,True,target and post-trail stop decision
3645,position_evaluated,GMMPFAUDLR-EQ,hold,hold,True,target and post-trail stop decision
3646,position_evaluated,GMMPFAUDLR-EQ,hold,hold,True,target and post-trail stop decision
3647,position_evaluated,GMMPFAUDLR-EQ,hold,hold,True,target and post-trail stop decision
3648,position_evaluated,GMMPFAUDLR-EQ,hold,hold,True,target and post-trail stop decision
3649,position_evaluated,GMMPFAUDLR-EQ,hold,hold,True,target and post-trail stop decision
3650,position_evaluated,GMMPFAUDLR-EQ,hold,hold,True,target and post-trail stop decision
3651,position_evaluated,GMMPFAUDLR-EQ,hold,hold,True,target and post-trail stop decision
3652,position_evaluated,GMMPFAUDLR-EQ,hold,hold,True,target and post-trail stop decision
3653,position_evaluated,GMMPFAUDLR-EQ,hold,hold,True,target and post-trail stop decision
3654,position_evaluated,GMMPFAUDLR-EQ,hold,hold,True,target and post-trail stop decision
3655,position_evaluated,GMMPFAUDLR-EQ,hold,hold,True,target and post-trail stop decision
3656,position_evaluated,GMMPFAUDLR-EQ,hold,hold,True,target and post-trail stop decision
3657,position_evaluated,GMMPFAUDLR-EQ,hold,hold,True,target and post-trail stop decision
3658,position_evaluated,GMMPFAUDLR-EQ,hold,hold,True,target and post-trail stop decision
3659,position_evaluated,GMMPFAUDLR-EQ,hold,hold,True,target and post-trail stop decision
3660,position_evaluated,GMMPFAUDLR-EQ,hold,hold,True,target and post-trail stop decision
3661,position_evaluated,GMMPFAUDLR-EQ,hold,hold,True,target and post-trail stop decision
3662,position_evaluated,GMMPFAUDLR-EQ,hold,hold,True,target and post-trail stop decision
3663,position_evaluated,GMMPFAUDLR-EQ,hold,hold,True,target and post-trail stop decision
3664,position_evaluated,GMMPFAUDLR-EQ,hold,hold,True,target and post-trail stop decision
3665,position_evaluated,GMMPFAUDLR-EQ,hold,hold,True,target and post-trail stop decision
3666,position_evaluated,GMMPFAUDLR-EQ,hold,hold,True,target and post-trail stop decision
3667,position_evaluated,GMMPFAUDLR-EQ,hold,hold,True,target and post-trail stop decision
3668,position_evaluated,GMMPFAUDLR-EQ,hold,hold,True,target and post-trail stop decision
3669,position_evaluated,GMMPFAUDLR-EQ,hold,hold,True,target and post-trail stop decision
3670,position_evaluated,GMMPFAUDLR-EQ,hold,hold,True,target and post-trail stop decision
3671,position_evaluated,GMMPFAUDLR-EQ,hold,hold,True,target and post-trail stop decision
3672,position_evaluated,GMMPFAUDLR-EQ,hold,hold,True,target and post-trail stop decision
3673,position_evaluated,GMMPFAUDLR-EQ,hold,hold,True,target and post-trail stop decision
3674,position_evaluated,GMMPFAUDLR-EQ,hold,hold,True,target and post-trail stop decision
3675,position_evaluated,GMMPFAUDLR-EQ,hold,hold,True,target and post-trail stop decision
3676,position_evaluated,GMMPFAUDLR-EQ,hold,hold,True,target and post-trail stop decision
3677,position_evaluated,GMMPFAUDLR-EQ,hold,hold,True,target and post-trail stop decision
3678,position_evaluated,GMMPFAUDLR-EQ,hold,hold,True,target and post-trail stop decision
3679,position_evaluated,GMMPFAUDLR-EQ,hold,hold,True,target and post-trail stop decision
3680,position_evaluated,GMMPFAUDLR-EQ,hold,hold,True,target and post-trail stop decision
3681,position_evaluated,GMMPFAUDLR-EQ,hold,hold,True,target and post-trail stop decision
3682,position_evaluated,GMMPFAUDLR-EQ,hold,hold,True,target and post-trail stop decision
3683,position_evaluated,GMMPFAUDLR-EQ,hold,hold,True,target and post-trail stop decision
3684,position_evaluated,GMMPFAUDLR-EQ,hold,hold,True,target and post-trail stop decision
3685,position_evaluated,GMMPFAUDLR-EQ,hold,hold,True,target and post-trail stop decision
3686,position_evaluated,GMMPFAUDLR-EQ,hold,hold,True,target and post-trail stop decision
3687,position_evaluated,GMMPFAUDLR-EQ,hold,hold,True,target and post-trail stop decision
3688,position_evaluated,GMMPFAUDLR-EQ,hold,hold,True,target and post-trail stop decision
3689,position_evaluated,GMMPFAUDLR-EQ,hold,hold,True,target and post-trail stop decision
3690,position_evaluated,GMMPFAUDLR-EQ,hold,hold,True,target and post-trail stop decision
3691,position_evaluated,GMMPFAUDLR-EQ,hold,hold,True,target and post-trail stop decision
3692,position_evaluated,GMMPFAUDLR-EQ,hold,hold,True,target and post-trail stop decision
3693,position_evaluated,GMMPFAUDLR-EQ,hold,hold,True,target and post-trail stop decision
3694,position_evaluated,GMMPFAUDLR-EQ,hold,hold,True,target and post-trail stop decision
3695,position_evaluated,GMMPFAUDLR-EQ,hold,hold,True,target and post-trail stop decision
3696,position_evaluated,GMMPFAUDLR-EQ,hold,hold,True,target and post-trail stop decision
3697,position_evaluated,GMMPFAUDLR-EQ,hold,hold,True,target and post-trail stop decision
3698,position_evaluated,GMMPFAUDLR-EQ,hold,hold,True,target and post-trail stop decision
3699,position_evaluated,GMMPFAUDLR-EQ,hold,hold,True,target and post-trail stop decision
3700,position_evaluated,GMMPFAUDLR-EQ,hold,hold,True,target and post-trail stop decision
3701,position_evaluated,GMMPFAUDLR-EQ,hold,hold,True,target and post-trail stop decision
3702,position_evaluated,GMMPFAUDLR-EQ,hold,hold,True,target and post-trail stop decision
3703,position_evaluated,GMMPFAUDLR-EQ,hold,hold,True,target and post-trail stop decision
3704,position_evaluated,GMMPFAUDLR-EQ,hold,hold,True,target and post-trail stop decision
3705,position_evaluated,GMMPFAUDLR-EQ,hold,hold,True,target and post-trail stop decision
3706,position_evaluated,GMMPFAUDLR-EQ,hold,hold,True,target and post-trail stop decision
3707,position_evaluated,GMMPFAUDLR-EQ,hold,hold,True,target and post-trail stop decision
3708,position_evaluated,GMMPFAUDLR-EQ,hold,hold,True,target and post-trail stop decision
3709,position_evaluated,GMMPFAUDLR-EQ,hold,hold,True,target and post-trail stop decision
3710,position_evaluated,GMMPFAUDLR-EQ,hold,hold,True,target and post-trail stop decision
3711,position_evaluated,GMMPFAUDLR-EQ,hold,hold,True,target and post-trail stop decision
3712,position_evaluated,GMMPFAUDLR-EQ,hold,hold,True,target and post-trail stop decision
3713,position_evaluated,GMMPFAUDLR-EQ,hold,hold,True,target and post-trail stop decision
3714,position_evaluated,GMMPFAUDLR-EQ,hold,hold,True,target and post-trail stop decision
3715,position_evaluated,GMMPFAUDLR-EQ,hold,hold,True,target and post-trail stop decision
3716,position_evaluated,GMMPFAUDLR-EQ,hold,hold,True,target and post-trail stop decision
3717,position_evaluated,GMMPFAUDLR-EQ,hold,hold,True,target and post-trail stop decision
3718,position_evaluated,GMMPFAUDLR-EQ,hold,hold,True,target and post-trail stop decision
3719,position_evaluated,GMMPFAUDLR-EQ,hold,hold,True,target and post-trail stop decision
3720,position_evaluated,GMMPFAUDLR-EQ,hold,hold,True,target and post-trail stop decision
3721,position_evaluated,GMMPFAUDLR-EQ,hold,hold,True,target and post-trail stop decision
3722,position_evaluated,GMMPFAUDLR-EQ,hold,hold,True,target and post-trail stop decision
3723,position_evaluated,GMMPFAUDLR-EQ,hold,hold,True,target and post-trail stop decision
3724,position_evaluated,GMMPFAUDLR-EQ,hold,hold,True,target and post-trail stop decision
3725,position_evaluated,GMMPFAUDLR-EQ,hold,hold,True,target and post-trail stop decision
3726,position_evaluated,GMMPFAUDLR-EQ,hold,hold,True,target and post-trail stop decision
3727,position_evaluated,GMMPFAUDLR-EQ,hold,hold,True,target and post-trail stop decision
3728,position_evaluated,GMMPFAUDLR-EQ,hold,hold,True,target and post-trail stop decision
3729,position_evaluated,GMMPFAUDLR-EQ,hold,hold,True,target and post-trail stop decision
3730,position_evaluated,GMMPFAUDLR-EQ,hold,hold,True,target and post-trail stop decision
3731,position_evaluated,GMMPFAUDLR-EQ,hold,hold,True,target and post-trail stop decision
3732,position_evaluated,GMMPFAUDLR-EQ,hold,hold,True,target and post-trail stop decision
3733,position_evaluated,GMMPFAUDLR-EQ,hold,hold,True,target and post-trail stop decision
3734,position_evaluated,GMMPFAUDLR-EQ,hold,hold,True,target and post-trail stop decision
3735,position_evaluated,GMMPFAUDLR-EQ,hold,hold,True,target and post-trail stop decision
3736,position_evaluated,GMMPFAUDLR-EQ,hold,hold,True,target and post-trail stop decision
3737,position_evaluated,GMMPFAUDLR-EQ,hold,hold,True,target and post-trail stop decision
3738,position_evaluated,GMMPFAUDLR-EQ,hold,hold,True,target and post-trail stop decision
3739,position_evaluated,GMMPFAUDLR-EQ,hold,hold,True,target and post-trail stop decision
3740,position_evaluated,GMMPFAUDLR-EQ,hold,hold,True,target and post-trail stop decision
3741,position_evaluated,GMMPFAUDLR-EQ,hold,hold,True,target and post-trail stop decision
3742,position_evaluated,GMMPFAUDLR-EQ,hold,hold,True,target and post-trail stop decision
3743,position_evaluated,GMMPFAUDLR-EQ,hold,hold,True,target and post-trail stop decision
3744,position_evaluated,GMMPFAUDLR-EQ,hold,hold,True,target and post-trail stop decision
3745,position_evaluated,GMMPFAUDLR-EQ,hold,hold,True,target and post-trail stop decision
3746,position_evaluated,GMMPFAUDLR-EQ,hold,hold,True,target and post-trail stop decision
3747,position_evaluated,GMMPFAUDLR-EQ,hold,hold,True,target and post-trail stop decision
3748,position_evaluated,GMMPFAUDLR-EQ,hold,hold,True,target and post-trail stop decision
3749,position_evaluated,GMMPFAUDLR-EQ,hold,hold,True,target and post-trail stop decision
3750,position_evaluated,GMMPFAUDLR-EQ,hold,hold,True,target and post-trail stop decision
3751,position_evaluated,GMMPFAUDLR-EQ,hold,hold,True,target and post-trail stop decision
3752,position_evaluated,GMMPFAUDLR-EQ,hold,hold,True,target and post-trail stop decision
3753,position_evaluated,GMMPFAUDLR-EQ,hold,hold,True,target and post-trail stop decision
3754,position_evaluated,GMMPFAUDLR-EQ,hold,hold,True,target and post-trail stop decision
3755,position_evaluated,GMMPFAUDLR-EQ,hold,hold,True,target and post-trail stop decision
3756,position_evaluated,GMMPFAUDLR-EQ,hold,hold,True,target and post-trail stop decision
3757,position_evaluated,GMMPFAUDLR-EQ,hold,hold,True,target and post-trail stop decision
3758,position_evaluated,GMMPFAUDLR-EQ,hold,hold,True,target and post-trail stop decision
3759,position_evaluated,GMMPFAUDLR-EQ,hold,hold,True,target and post-trail stop decision
3760,position_evaluated,GMMPFAUDLR-EQ,hold,hold,True,target and post-trail stop decision
3761,position_evaluated,GMMPFAUDLR-EQ,hold,hold,True,target and post-trail stop decision
3762,position_evaluated,GMMPFAUDLR-EQ,hold,hold,True,target and post-trail stop decision
3763,position_evaluated,GMMPFAUDLR-EQ,hold,hold,True,target and post-trail stop decision
3764,position_evaluated,GMMPFAUDLR-EQ,hold,hold,True,target and post-trail stop decision
3765,position_evaluated,GMMPFAUDLR-EQ,hold,hold,True,target and post-trail stop decision
3766,position_evaluated,GMMPFAUDLR-EQ,hold,hold,True,target and post-trail stop decision
3767,position_evaluated,GMMPFAUDLR-EQ,hold,hold,True,target and post-trail stop decision
3768,position_evaluated,GMMPFAUDLR-EQ,hold,hold,True,target and post-trail stop decision
3769,position_evaluated,GMMPFAUDLR-EQ,hold,hold,True,target and post-trail stop decision
3770,position_evaluated,GMMPFAUDLR-EQ,hold,hold,True,target and post-trail stop decision
3771,position_evaluated,GMMPFAUDLR-EQ,hold,hold,True,target and post-trail stop decision
3772,position_evaluated,GMMPFAUDLR-EQ,hold,hold,True,target and post-trail stop decision
3773,position_evaluated,GMMPFAUDLR-EQ,hold,hold,True,target and post-trail stop decision
3774,position_evaluated,GMMPFAUDLR-EQ,hold,hold,True,target and post-trail stop decision
3775,position_evaluated,GMMPFAUDLR-EQ,hold,hold,True,target and post-trail stop decision
3776,position_evaluated,GMMPFAUDLR-EQ,hold,hold,True,target and post-trail stop decision
3777,position_evaluated,GMMPFAUDLR-EQ,hold,hold,True,target and post-trail stop decision
3778,position_evaluated,GMMPFAUDLR-EQ,hold,hold,True,target and post-trail stop decision
3779,position_evaluated,GMMPFAUDLR-EQ,hold,hold,True,target and post-trail stop decision
3780,position_evaluated,GMMPFAUDLR-EQ,hold,hold,True,target and post-trail stop decision
3781,position_evaluated,GMMPFAUDLR-EQ,hold,hold,True,target and post-trail stop decision
3782,position_evaluated,GMMPFAUDLR-EQ,hold,hold,True,target and post-trail stop decision
3783,position_evaluated,GMMPFAUDLR-EQ,hold,hold,True,target and post-trail stop decision
3784,position_evaluated,GMMPFAUDLR-EQ,hold,hold,True,target and post-trail stop decision
3785,position_evaluated,GMMPFAUDLR-EQ,hold,hold,True,target and post-trail stop decision
3786,position_evaluated,GMMPFAUDLR-EQ,hold,hold,True,target and post-trail stop decision
3787,position_evaluated,GMMPFAUDLR-EQ,hold,hold,True,target and post-trail stop decision
3788,position_evaluated,GMMPFAUDLR-EQ,hold,hold,True,target and post-trail stop decision
3789,position_evaluated,GMMPFAUDLR-EQ,hold,hold,True,target and post-trail stop decision
3790,position_evaluated,GMMPFAUDLR-EQ,hold,hold,True,target and post-trail stop decision
3791,position_evaluated,GMMPFAUDLR-EQ,hold,hold,True,target and post-trail stop decision
3792,position_evaluated,GMMPFAUDLR-EQ,hold,hold,True,target and post-trail stop decision
3793,position_evaluated,GMMPFAUDLR-EQ,hold,hold,True,target and post-trail stop decision
3794,position_evaluated,GMMPFAUDLR-EQ,hold,hold,True,target and post-trail stop decision
3795,position_evaluated,GMMPFAUDLR-EQ,hold,hold,True,target and post-trail stop decision
3796,position_evaluated,GMMPFAUDLR-EQ,hold,hold,True,target and post-trail stop decision
3797,position_evaluated,GMMPFAUDLR-EQ,hold,hold,True,target and post-trail stop decision
3798,position_evaluated,GMMPFAUDLR-EQ,hold,hold,True,target and post-trail stop decision
3799,position_evaluated,GMMPFAUDLR-EQ,hold,hold,True,target and post-trail stop decision
3800,position_evaluated,GMMPFAUDLR-EQ,hold,hold,True,target and post-trail stop decision
3801,position_evaluated,GMMPFAUDLR-EQ,hold,hold,True,target and post-trail stop decision
3802,position_evaluated,GMMPFAUDLR-EQ,hold,hold,True,target and post-trail stop decision
3803,position_evaluated,GMMPFAUDLR-EQ,hold,hold,True,target and post-trail stop decision
3804,position_evaluated,GMMPFAUDLR-EQ,hold,hold,True,target and post-trail stop decision
3805,position_evaluated,GMMPFAUDLR-EQ,hold,hold,True,target and post-trail stop decision
3806,position_evaluated,GMMPFAUDLR-EQ,hold,hold,True,target and post-trail stop decision
3807,position_evaluated,GMMPFAUDLR-EQ,hold,hold,True,target and post-trail stop decision
3808,position_evaluated,GMMPFAUDLR-EQ,hold,hold,True,target and post-trail stop decision
3809,position_evaluated,GMMPFAUDLR-EQ,hold,hold,True,target and post-trail stop decision
3810,position_evaluated,GMMPFAUDLR-EQ,hold,hold,True,target and post-trail stop decision
3811,position_evaluated,GMMPFAUDLR-EQ,hold,hold,True,target and post-trail stop decision
3812,position_evaluated,GMMPFAUDLR-EQ,hold,hold,True,target and post-trail stop decision
3813,position_evaluated,GMMPFAUDLR-EQ,hold,hold,True,target and post-trail stop decision
3814,position_evaluated,GMMPFAUDLR-EQ,hold,hold,True,target and post-trail stop decision
3815,position_evaluated,GMMPFAUDLR-EQ,hold,hold,True,target and post-trail stop decision
3816,position_evaluated,GMMPFAUDLR-EQ,hold,hold,True,target and post-trail stop decision
3817,position_evaluated,GMMPFAUDLR-EQ,hold,hold,True,target and post-trail stop decision
3818,position_evaluated,GMMPFAUDLR-EQ,hold,hold,True,target and post-trail stop decision
3819,position_evaluated,GMMPFAUDLR-EQ,hold,hold,True,target and post-trail stop decision
3820,position_evaluated,GMMPFAUDLR-EQ,hold,hold,True,target and post-trail stop decision
3821,position_evaluated,GMMPFAUDLR-EQ,hold,hold,True,target and post-trail stop decision
3822,position_evaluated,GMMPFAUDLR-EQ,hold,hold,True,target and post-trail stop decision
3823,position_evaluated,GMMPFAUDLR-EQ,hold,hold,True,target and post-trail stop decision
3824,position_evaluated,GMMPFAUDLR-EQ,hold,hold,True,target and post-trail stop decision
3825,position_evaluated,GMMPFAUDLR-EQ,hold,hold,True,target and post-trail stop decision
3826,position_evaluated,GMMPFAUDLR-EQ,hold,hold,True,target and post-trail stop decision
3827,position_evaluated,GMMPFAUDLR-EQ,hold,hold,True,target and post-trail stop decision
3828,position_evaluated,GMMPFAUDLR-EQ,hold,hold,True,target and post-trail stop decision
3829,position_evaluated,GMMPFAUDLR-EQ,hold,hold,True,target and post-trail stop decision
3830,position_evaluated,GMMPFAUDLR-EQ,hold,hold,True,target and post-trail stop decision
3831,position_evaluated,GMMPFAUDLR-EQ,hold,hold,True,target and post-trail stop decision
3832,position_evaluated,GMMPFAUDLR-EQ,hold,hold,True,target and post-trail stop decision
3833,position_evaluated,GMMPFAUDLR-EQ,hold,hold,True,target and post-trail stop decision
3834,position_evaluated,GMMPFAUDLR-EQ,hold,hold,True,target and post-trail stop decision
3835,position_evaluated,GMMPFAUDLR-EQ,hold,hold,True,target and post-trail stop decision
3836,position_evaluated,GMMPFAUDLR-EQ,hold,hold,True,target and post-trail stop decision
3837,position_evaluated,GMMPFAUDLR-EQ,hold,hold,True,target and post-trail stop decision
3838,position_evaluated,GMMPFAUDLR-EQ,hold,hold,True,target and post-trail stop decision
3839,position_evaluated,GMMPFAUDLR-EQ,hold,hold,True,target and post-trail stop decision
3840,position_evaluated,GMMPFAUDLR-EQ,hold,hold,True,target and post-trail stop decision
3841,position_evaluated,GMMPFAUDLR-EQ,hold,hold,True,target and post-trail stop decision
3842,position_evaluated,GMMPFAUDLR-EQ,hold,hold,True,target and post-trail stop decision
3843,position_evaluated,GMMPFAUDLR-EQ,hold,hold,True,target and post-trail stop decision
3844,position_evaluated,GMMPFAUDLR-EQ,hold,hold,True,target and post-trail stop decision
3845,position_evaluated,GMMPFAUDLR-EQ,hold,hold,True,target and post-trail stop decision
3846,position_evaluated,GMMPFAUDLR-EQ,hold,hold,True,target and post-trail stop decision
3847,position_evaluated,GMMPFAUDLR-EQ,hold,hold,True,target and post-trail stop decision
3848,position_evaluated,GMMPFAUDLR-EQ,hold,hold,True,target and post-trail stop decision
3849,position_evaluated,GMMPFAUDLR-EQ,hold,hold,True,target and post-trail stop decision
3850,position_evaluated,GMMPFAUDLR-EQ,hold,hold,True,target and post-trail stop decision
3851,position_evaluated,GMMPFAUDLR-EQ,hold,hold,True,target and post-trail stop decision
3852,position_evaluated,GMMPFAUDLR-EQ,hold,hold,True,target and post-trail stop decision
3853,position_evaluated,GMMPFAUDLR-EQ,hold,hold,True,target and post-trail stop decision
3854,position_evaluated,GMMPFAUDLR-EQ,hold,hold,True,target and post-trail stop decision
3855,position_evaluated,GMMPFAUDLR-EQ,hold,hold,True,target and post-trail stop decision
3856,position_evaluated,GMMPFAUDLR-EQ,hold,hold,True,target and post-trail stop decision
3857,position_evaluated,GMMPFAUDLR-EQ,hold,hold,True,target and post-trail stop decision
3858,position_evaluated,GMMPFAUDLR-EQ,hold,hold,True,target and post-trail stop decision
3859,position_evaluated,GMMPFAUDLR-EQ,hold,hold,True,target and post-trail stop decision
3860,position_evaluated,GMMPFAUDLR-EQ,hold,hold,True,target and post-trail stop decision
3861,position_evaluated,GMMPFAUDLR-EQ,hold,hold,True,target and post-trail stop decision
3862,position_evaluated,GMMPFAUDLR-EQ,hold,hold,True,target and post-trail stop decision
3863,position_evaluated,GMMPFAUDLR-EQ,hold,hold,True,target and post-trail stop decision
3864,position_evaluated,GMMPFAUDLR-EQ,hold,hold,True,target and post-trail stop decision
3865,position_evaluated,GMMPFAUDLR-EQ,hold,hold,True,target and post-trail stop decision
3866,position_evaluated,GMMPFAUDLR-EQ,hold,hold,True,target and post-trail stop decision
3867,position_evaluated,GMMPFAUDLR-EQ,hold,hold,True,target and post-trail stop decision
3868,position_evaluated,GMMPFAUDLR-EQ,hold,hold,True,target and post-trail stop decision
3869,position_evaluated,GMMPFAUDLR-EQ,hold,hold,True,target and post-trail stop decision
3870,position_evaluated,GMMPFAUDLR-EQ,hold,hold,True,target and post-trail stop decision
3871,position_evaluated,GMMPFAUDLR-EQ,hold,hold,True,target and post-trail stop decision
3872,position_evaluated,GMMPFAUDLR-EQ,hold,hold,True,target and post-trail stop decision
3873,position_evaluated,GMMPFAUDLR-EQ,hold,hold,True,target and post-trail stop decision
3874,position_evaluated,GMMPFAUDLR-EQ,hold,hold,True,target and post-trail stop decision
3875,position_evaluated,GMMPFAUDLR-EQ,hold,hold,True,target and post-trail stop decision
3876,position_evaluated,GMMPFAUDLR-EQ,hold,hold,True,target and post-trail stop decision
3877,position_evaluated,GMMPFAUDLR-EQ,hold,hold,True,target and post-trail stop decision
3878,position_evaluated,GMMPFAUDLR-EQ,hold,hold,True,target and post-trail stop decision
3879,position_evaluated,GMMPFAUDLR-EQ,hold,hold,True,target and post-trail stop decision
3880,position_evaluated,GMMPFAUDLR-EQ,hold,hold,True,target and post-trail stop decision
3881,position_evaluated,GMMPFAUDLR-EQ,hold,hold,True,target and post-trail stop decision
3882,position_evaluated,GMMPFAUDLR-EQ,hold,hold,True,target and post-trail stop decision
3883,position_evaluated,GMMPFAUDLR-EQ,hold,hold,True,target and post-trail stop decision
3884,position_evaluated,GMMPFAUDLR-EQ,hold,hold,True,target and post-trail stop decision
3885,position_evaluated,GMMPFAUDLR-EQ,hold,hold,True,target and post-trail stop decision
3886,position_evaluated,GMMPFAUDLR-EQ,hold,hold,True,target and post-trail stop decision
3887,position_evaluated,GMMPFAUDLR-EQ,hold,hold,True,target and post-trail stop decision
3888,position_evaluated,GMMPFAUDLR-EQ,hold,hold,True,target and post-trail stop decision
3889,position_evaluated,GMMPFAUDLR-EQ,hold,hold,True,target and post-trail stop decision
3890,position_evaluated,GMMPFAUDLR-EQ,hold,hold,True,target and post-trail stop decision
3891,position_evaluated,GMMPFAUDLR-EQ,hold,hold,True,target and post-trail stop decision
3892,position_evaluated,GMMPFAUDLR-EQ,hold,hold,True,target and post-trail stop decision
3893,position_evaluated,GMMPFAUDLR-EQ,hold,hold,True,target and post-trail stop decision
3894,position_evaluated,GMMPFAUDLR-EQ,hold,hold,True,target and post-trail stop decision
3895,position_evaluated,GMMPFAUDLR-EQ,hold,hold,True,target and post-trail stop decision
3896,position_evaluated,GMMPFAUDLR-EQ,hold,hold,True,target and post-trail stop decision
3897,position_evaluated,GMMPFAUDLR-EQ,hold,hold,True,target and post-trail stop decision
3898,position_evaluated,GMMPFAUDLR-EQ,hold,hold,True,target and post-trail stop decision
3899,position_evaluated,GMMPFAUDLR-EQ,hold,hold,True,target and post-trail stop decision
3900,position_evaluated,GMMPFAUDLR-EQ,hold,hold,True,target and post-trail stop decision
3901,position_evaluated,GMMPFAUDLR-EQ,hold,hold,True,target and post-trail stop decision
3902,position_evaluated,GMMPFAUDLR-EQ,hold,hold,True,target and post-trail stop decision
3903,position_evaluated,GMMPFAUDLR-EQ,hold,hold,True,target and post-trail stop decision
3904,position_evaluated,GMMPFAUDLR-EQ,hold,hold,True,target and post-trail stop decision
3905,position_evaluated,GMMPFAUDLR-EQ,hold,hold,True,target and post-trail stop decision
3906,position_evaluated,GMMPFAUDLR-EQ,hold,hold,True,target and post-trail stop decision
3907,position_evaluated,GMMPFAUDLR-EQ,hold,hold,True,target and post-trail stop decision
3908,position_evaluated,GMMPFAUDLR-EQ,hold,hold,True,target and post-trail stop decision
3909,position_evaluated,GMMPFAUDLR-EQ,hold,hold,True,target and post-trail stop decision
3910,position_evaluated,GMMPFAUDLR-EQ,hold,hold,True,target and post-trail stop decision
3911,position_evaluated,GMMPFAUDLR-EQ,hold,hold,True,target and post-trail stop decision
3912,position_evaluated,GMMPFAUDLR-EQ,hold,hold,True,target and post-trail stop decision
3913,position_evaluated,GMMPFAUDLR-EQ,hold,hold,True,target and post-trail stop decision
3914,position_evaluated,GMMPFAUDLR-EQ,hold,hold,True,target and post-trail stop decision
3915,position_evaluated,GMMPFAUDLR-EQ,hold,hold,True,target and post-trail stop decision
3916,position_evaluated,GMMPFAUDLR-EQ,hold,hold,True,target and post-trail stop decision
3917,position_evaluated,GMMPFAUDLR-EQ,hold,hold,True,target and post-trail stop decision
3918,position_evaluated,GMMPFAUDLR-EQ,hold,hold,True,target and post-trail stop decision
3919,position_evaluated,GMMPFAUDLR-EQ,hold,hold,True,target and post-trail stop decision
3920,position_evaluated,GMMPFAUDLR-EQ,hold,hold,True,target and post-trail stop decision
3921,position_evaluated,GMMPFAUDLR-EQ,hold,hold,True,target and post-trail stop decision
3922,position_evaluated,GMMPFAUDLR-EQ,hold,hold,True,target and post-trail stop decision
3923,position_evaluated,GMMPFAUDLR-EQ,hold,hold,True,target and post-trail stop decision
3924,position_evaluated,GMMPFAUDLR-EQ,hold,hold,True,target and post-trail stop decision
3925,position_evaluated,GMMPFAUDLR-EQ,hold,hold,True,target and post-trail stop decision
3926,position_evaluated,GMMPFAUDLR-EQ,hold,hold,True,target and post-trail stop decision
3927,position_evaluated,GMMPFAUDLR-EQ,hold,hold,True,target and post-trail stop decision
3928,position_evaluated,GMMPFAUDLR-EQ,hold,hold,True,target and post-trail stop decision
3929,position_evaluated,GMMPFAUDLR-EQ,hold,hold,True,target and post-trail stop decision
3930,position_evaluated,GMMPFAUDLR-EQ,hold,hold,True,target and post-trail stop decision
3931,position_evaluated,GMMPFAUDLR-EQ,hold,hold,True,target and post-trail stop decision
3932,position_evaluated,GMMPFAUDLR-EQ,hold,hold,True,target and post-trail stop decision
3933,position_evaluated,GMMPFAUDLR-EQ,hold,hold,True,target and post-trail stop decision
3934,position_evaluated,GMMPFAUDLR-EQ,hold,hold,True,target and post-trail stop decision
3935,position_evaluated,GMMPFAUDLR-EQ,hold,hold,True,target and post-trail stop decision
3936,position_evaluated,GMMPFAUDLR-EQ,hold,hold,True,target and post-trail stop decision
3937,position_evaluated,GMMPFAUDLR-EQ,hold,hold,True,target and post-trail stop decision
3938,position_evaluated,GMMPFAUDLR-EQ,hold,hold,True,target and post-trail stop decision
3939,position_evaluated,GMMPFAUDLR-EQ,hold,hold,True,target and post-trail stop decision
3940,position_evaluated,GMMPFAUDLR-EQ,hold,hold,True,target and post-trail stop decision
3941,position_evaluated,GMMPFAUDLR-EQ,hold,hold,True,target and post-trail stop decision
3942,position_evaluated,GMMPFAUDLR-EQ,hold,hold,True,target and post-trail stop decision
3943,position_evaluated,GMMPFAUDLR-EQ,hold,hold,True,target and post-trail stop decision
3944,position_evaluated,GMMPFAUDLR-EQ,hold,hold,True,target and post-trail stop decision
3945,position_evaluated,GMMPFAUDLR-EQ,hold,hold,True,target and post-trail stop decision
3946,position_evaluated,GMMPFAUDLR-EQ,hold,hold,True,target and post-trail stop decision
3947,position_evaluated,GMMPFAUDLR-EQ,hold,hold,True,target and post-trail stop decision
3948,position_evaluated,GMMPFAUDLR-EQ,hold,hold,True,target and post-trail stop decision
3949,position_evaluated,GMMPFAUDLR-EQ,hold,hold,True,target and post-trail stop decision
3950,position_evaluated,GMMPFAUDLR-EQ,hold,hold,True,target and post-trail stop decision
3951,position_evaluated,GMMPFAUDLR-EQ,hold,hold,True,target and post-trail stop decision
3952,position_evaluated,GMMPFAUDLR-EQ,hold,hold,True,target and post-trail stop decision
3953,position_evaluated,GMMPFAUDLR-EQ,hold,hold,True,target and post-trail stop decision
3954,position_evaluated,GMMPFAUDLR-EQ,hold,hold,True,target and post-trail stop decision
3955,position_evaluated,GMMPFAUDLR-EQ,hold,hold,True,target and post-trail stop decision
3956,position_evaluated,GMMPFAUDLR-EQ,hold,hold,True,target and post-trail stop decision
3957,position_evaluated,GMMPFAUDLR-EQ,hold,hold,True,target and post-trail stop decision
3958,position_evaluated,GMMPFAUDLR-EQ,hold,hold,True,target and post-trail stop decision
3959,position_evaluated,GMMPFAUDLR-EQ,hold,hold,True,target and post-trail stop decision
3960,position_evaluated,GMMPFAUDLR-EQ,hold,hold,True,target and post-trail stop decision
3961,position_evaluated,GMMPFAUDLR-EQ,hold,hold,True,target and post-trail stop decision
3962,position_evaluated,GMMPFAUDLR-EQ,hold,hold,True,target and post-trail stop decision
3963,position_evaluated,GMMPFAUDLR-EQ,hold,hold,True,target and post-trail stop decision
3964,position_evaluated,GMMPFAUDLR-EQ,hold,hold,True,target and post-trail stop decision
3965,position_evaluated,GMMPFAUDLR-EQ,hold,hold,True,target and post-trail stop decision
3966,position_evaluated,GMMPFAUDLR-EQ,hold,hold,True,target and post-trail stop decision
3967,position_evaluated,GMMPFAUDLR-EQ,hold,hold,True,target and post-trail stop decision
3968,position_evaluated,GMMPFAUDLR-EQ,hold,hold,True,target and post-trail stop decision
3969,position_evaluated,GMMPFAUDLR-EQ,hold,hold,True,target and post-trail stop decision
3970,position_evaluated,GMMPFAUDLR-EQ,hold,hold,True,target and post-trail stop decision
3971,position_evaluated,GMMPFAUDLR-EQ,hold,hold,True,target and post-trail stop decision
3972,position_evaluated,GMMPFAUDLR-EQ,hold,hold,True,target and post-trail stop decision
3973,position_evaluated,GMMPFAUDLR-EQ,hold,hold,True,target and post-trail stop decision
3974,position_evaluated,GMMPFAUDLR-EQ,hold,hold,True,target and post-trail stop decision
3975,position_evaluated,GMMPFAUDLR-EQ,hold,hold,True,target and post-trail stop decision
3976,position_evaluated,GMMPFAUDLR-EQ,hold,hold,True,target and post-trail stop decision
3977,position_evaluated,GMMPFAUDLR-EQ,hold,hold,True,target and post-trail stop decision
3978,position_evaluated,GMMPFAUDLR-EQ,hold,hold,True,target and post-trail stop decision
3979,position_evaluated,GMMPFAUDLR-EQ,hold,hold,True,target and post-trail stop decision
3980,position_evaluated,GMMPFAUDLR-EQ,hold,hold,True,target and post-trail stop decision
3981,position_evaluated,GMMPFAUDLR-EQ,hold,hold,True,target and post-trail stop decision
3982,position_evaluated,GMMPFAUDLR-EQ,hold,hold,True,target and post-trail stop decision
3983,position_evaluated,GMMPFAUDLR-EQ,hold,hold,True,target and post-trail stop decision
3984,position_evaluated,GMMPFAUDLR-EQ,hold,hold,True,target and post-trail stop decision
3985,position_evaluated,GMMPFAUDLR-EQ,hold,hold,True,target and post-trail stop decision
3986,position_evaluated,GMMPFAUDLR-EQ,hold,hold,True,target and post-trail stop decision
3987,position_evaluated,GMMPFAUDLR-EQ,hold,hold,True,target and post-trail stop decision
3988,position_evaluated,GMMPFAUDLR-EQ,hold,hold,True,target and post-trail stop decision
3989,position_evaluated,GMMPFAUDLR-EQ,hold,hold,True,target and post-trail stop decision
3990,position_evaluated,GMMPFAUDLR-EQ,hold,hold,True,target and post-trail stop decision
3991,position_evaluated,GMMPFAUDLR-EQ,hold,hold,True,target and post-trail stop decision
3992,position_evaluated,GMMPFAUDLR-EQ,hold,hold,True,target and post-trail stop decision
3993,position_evaluated,GMMPFAUDLR-EQ,hold,hold,True,target and post-trail stop decision
3994,position_evaluated,GMMPFAUDLR-EQ,hold,hold,True,target and post-trail stop decision
3995,position_evaluated,GMMPFAUDLR-EQ,hold,hold,True,target and post-trail stop decision
3996,position_evaluated,GMMPFAUDLR-EQ,hold,hold,True,target and post-trail stop decision
3997,position_evaluated,GMMPFAUDLR-EQ,hold,hold,True,target and post-trail stop decision
3998,position_evaluated,GMMPFAUDLR-EQ,hold,hold,True,target and post-trail stop decision
3999,position_evaluated,GMMPFAUDLR-EQ,hold,hold,True,target and post-trail stop decision
4000,position_evaluated,GMMPFAUDLR-EQ,hold,hold,True,target and post-trail stop decision
4001,position_evaluated,GMMPFAUDLR-EQ,hold,hold,True,target and post-trail stop decision
4002,position_evaluated,GMMPFAUDLR-EQ,hold,hold,True,target and post-trail stop decision
4003,position_evaluated,GMMPFAUDLR-EQ,hold,hold,True,target and post-trail stop decision
4004,position_evaluated,GMMPFAUDLR-EQ,hold,hold,True,target and post-trail stop decision
4005,position_evaluated,GMMPFAUDLR-EQ,hold,hold,True,target and post-trail stop decision
4006,position_evaluated,GMMPFAUDLR-EQ,hold,hold,True,target and post-trail stop decision
4007,position_evaluated,GMMPFAUDLR-EQ,hold,hold,True,target and post-trail stop decision
4008,position_evaluated,GMMPFAUDLR-EQ,hold,hold,True,target and post-trail stop decision
4009,position_evaluated,GMMPFAUDLR-EQ,hold,hold,True,target and post-trail stop decision
4010,position_evaluated,GMMPFAUDLR-EQ,hold,hold,True,target and post-trail stop decision
4011,position_evaluated,GMMPFAUDLR-EQ,hold,hold,True,target and post-trail stop decision
4012,position_evaluated,GMMPFAUDLR-EQ,hold,hold,True,target and post-trail stop decision
4013,position_evaluated,GMMPFAUDLR-EQ,hold,hold,True,target and post-trail stop decision
4014,position_evaluated,GMMPFAUDLR-EQ,hold,hold,True,target and post-trail stop decision
4015,position_evaluated,GMMPFAUDLR-EQ,hold,hold,True,target and post-trail stop decision
4016,position_evaluated,GMMPFAUDLR-EQ,hold,hold,True,target and post-trail stop decision
4017,position_evaluated,GMMPFAUDLR-EQ,hold,hold,True,target and post-trail stop decision
4018,position_evaluated,GMMPFAUDLR-EQ,hold,hold,True,target and post-trail stop decision
4019,position_evaluated,GMMPFAUDLR-EQ,hold,hold,True,target and post-trail stop decision
4020,position_evaluated,GMMPFAUDLR-EQ,hold,hold,True,target and post-trail stop decision
4021,position_evaluated,GMMPFAUDLR-EQ,hold,hold,True,target and post-trail stop decision
4022,position_evaluated,GMMPFAUDLR-EQ,hold,hold,True,target and post-trail stop decision
4023,position_evaluated,GMMPFAUDLR-EQ,hold,hold,True,target and post-trail stop decision
4024,position_evaluated,GMMPFAUDLR-EQ,hold,hold,True,target and post-trail stop decision
4025,position_evaluated,GMMPFAUDLR-EQ,hold,hold,True,target and post-trail stop decision
4026,position_evaluated,GMMPFAUDLR-EQ,hold,hold,True,target and post-trail stop decision
4027,position_evaluated,GMMPFAUDLR-EQ,hold,hold,True,target and post-trail stop decision
4028,position_evaluated,GMMPFAUDLR-EQ,hold,hold,True,target and post-trail stop decision
4029,position_evaluated,GMMPFAUDLR-EQ,hold,hold,True,target and post-trail stop decision
4030,position_evaluated,GMMPFAUDLR-EQ,hold,hold,True,target and post-trail stop decision
4031,position_evaluated,GMMPFAUDLR-EQ,hold,hold,True,target and post-trail stop decision
4032,position_evaluated,GMMPFAUDLR-EQ,hold,hold,True,target and post-trail stop decision
4033,position_evaluated,GMMPFAUDLR-EQ,hold,hold,True,target and post-trail stop decision
4034,position_evaluated,GMMPFAUDLR-EQ,hold,hold,True,target and post-trail stop decision
4035,position_evaluated,GMMPFAUDLR-EQ,hold,hold,True,target and post-trail stop decision
4036,position_evaluated,GMMPFAUDLR-EQ,hold,hold,True,target and post-trail stop decision
4037,position_evaluated,GMMPFAUDLR-EQ,hold,hold,True,target and post-trail stop decision
4038,position_evaluated,GMMPFAUDLR-EQ,hold,hold,True,target and post-trail stop decision
4039,position_evaluated,GMMPFAUDLR-EQ,hold,hold,True,target and post-trail stop decision
4040,position_evaluated,GMMPFAUDLR-EQ,hold,hold,True,target and post-trail stop decision
4041,position_evaluated,GMMPFAUDLR-EQ,hold,hold,True,target and post-trail stop decision
4042,position_evaluated,GMMPFAUDLR-EQ,hold,hold,True,target and post-trail stop decision
4043,position_evaluated,GMMPFAUDLR-EQ,hold,hold,True,target and post-trail stop decision
4044,position_evaluated,GMMPFAUDLR-EQ,hold,hold,True,target and post-trail stop decision
4045,position_evaluated,GMMPFAUDLR-EQ,hold,hold,True,target and post-trail stop decision
4046,position_evaluated,GMMPFAUDLR-EQ,hold,hold,True,target and post-trail stop decision
4047,position_evaluated,GMMPFAUDLR-EQ,hold,hold,True,target and post-trail stop decision
4048,position_evaluated,GMMPFAUDLR-EQ,hold,hold,True,target and post-trail stop decision
4049,position_evaluated,GMMPFAUDLR-EQ,hold,hold,True,target and post-trail stop decision
4050,position_evaluated,GMMPFAUDLR-EQ,hold,hold,True,target and post-trail stop decision
4051,position_evaluated,GMMPFAUDLR-EQ,hold,hold,True,target and post-trail stop decision
4052,position_evaluated,GMMPFAUDLR-EQ,hold,hold,True,target and post-trail stop decision
4053,position_evaluated,GMMPFAUDLR-EQ,hold,hold,True,target and post-trail stop decision
4054,position_evaluated,GMMPFAUDLR-EQ,hold,hold,True,target and post-trail stop decision
4055,position_evaluated,GMMPFAUDLR-EQ,hold,hold,True,target and post-trail stop decision
4056,position_evaluated,GMMPFAUDLR-EQ,hold,hold,True,target and post-trail stop decision
4057,position_evaluated,GMMPFAUDLR-EQ,hold,hold,True,target and post-trail stop decision
4058,position_evaluated,GMMPFAUDLR-EQ,hold,hold,True,target and post-trail stop decision
4059,position_evaluated,GMMPFAUDLR-EQ,hold,hold,True,target and post-trail stop decision
4060,position_evaluated,GMMPFAUDLR-EQ,hold,hold,True,target and post-trail stop decision
4061,position_evaluated,GMMPFAUDLR-EQ,hold,hold,True,target and post-trail stop decision
4062,position_evaluated,GMMPFAUDLR-EQ,hold,hold,True,target and post-trail stop decision
4063,position_evaluated,GMMPFAUDLR-EQ,hold,hold,True,target and post-trail stop decision
4064,position_evaluated,GMMPFAUDLR-EQ,hold,hold,True,target and post-trail stop decision
4065,position_evaluated,GMMPFAUDLR-EQ,hold,hold,True,target and post-trail stop decision
4066,position_evaluated,GMMPFAUDLR-EQ,hold,hold,True,target and post-trail stop decision
4067,position_evaluated,GMMPFAUDLR-EQ,hold,hold,True,target and post-trail stop decision
4068,position_evaluated,GMMPFAUDLR-EQ,hold,hold,True,target and post-trail stop decision
4069,position_evaluated,GMMPFAUDLR-EQ,hold,hold,True,target and post-trail stop decision
4070,position_evaluated,GMMPFAUDLR-EQ,hold,hold,True,target and post-trail stop decision
4071,position_evaluated,GMMPFAUDLR-EQ,hold,hold,True,target and post-trail stop decision
4072,position_evaluated,GMMPFAUDLR-EQ,hold,hold,True,target and post-trail stop decision
4073,position_evaluated,GMMPFAUDLR-EQ,hold,hold,True,target and post-trail stop decision
4074,position_evaluated,GMMPFAUDLR-EQ,hold,hold,True,target and post-trail stop decision
4075,position_evaluated,GMMPFAUDLR-EQ,hold,hold,True,target and post-trail stop decision
4076,position_evaluated,GMMPFAUDLR-EQ,hold,hold,True,target and post-trail stop decision
4077,position_evaluated,GMMPFAUDLR-EQ,hold,hold,True,target and post-trail stop decision
4078,position_evaluated,GMMPFAUDLR-EQ,hold,hold,True,target and post-trail stop decision
4079,position_evaluated,GMMPFAUDLR-EQ,hold,hold,True,target and post-trail stop decision
4080,position_evaluated,GMMPFAUDLR-EQ,hold,hold,True,target and post-trail stop decision
4081,position_evaluated,GMMPFAUDLR-EQ,hold,hold,True,target and post-trail stop decision
4082,position_evaluated,GMMPFAUDLR-EQ,hold,hold,True,target and post-trail stop decision
4083,position_evaluated,GMMPFAUDLR-EQ,hold,hold,True,target and post-trail stop decision
4084,position_evaluated,GMMPFAUDLR-EQ,hold,hold,True,target and post-trail stop decision
4085,position_evaluated,GMMPFAUDLR-EQ,hold,hold,True,target and post-trail stop decision
4086,position_evaluated,GMMPFAUDLR-EQ,hold,hold,True,target and post-trail stop decision
4087,position_evaluated,GMMPFAUDLR-EQ,hold,hold,True,target and post-trail stop decision
4088,position_evaluated,GMMPFAUDLR-EQ,hold,hold,True,target and post-trail stop decision
4089,position_evaluated,GMMPFAUDLR-EQ,hold,hold,True,target and post-trail stop decision
4090,position_evaluated,GMMPFAUDLR-EQ,hold,hold,True,target and post-trail stop decision
4091,position_evaluated,GMMPFAUDLR-EQ,hold,hold,True,target and post-trail stop decision
4092,position_evaluated,GMMPFAUDLR-EQ,hold,hold,True,target and post-trail stop decision
4093,position_evaluated,GMMPFAUDLR-EQ,hold,hold,True,target and post-trail stop decision
4094,position_evaluated,GMMPFAUDLR-EQ,hold,hold,True,target and post-trail stop decision
4095,position_evaluated,GMMPFAUDLR-EQ,hold,hold,True,target and post-trail stop decision
4096,position_evaluated,GMMPFAUDLR-EQ,hold,hold,True,target and post-trail stop decision
4097,position_evaluated,GMMPFAUDLR-EQ,hold,hold,True,target and post-trail stop decision
4098,position_evaluated,GMMPFAUDLR-EQ,hold,hold,True,target and post-trail stop decision
4099,position_evaluated,GMMPFAUDLR-EQ,hold,hold,True,target and post-trail stop decision
4100,position_evaluated,GMMPFAUDLR-EQ,hold,hold,True,target and post-trail stop decision
4101,position_evaluated,GMMPFAUDLR-EQ,hold,hold,True,target and post-trail stop decision
4102,position_evaluated,GMMPFAUDLR-EQ,hold,hold,True,target and post-trail stop decision
4103,position_evaluated,GMMPFAUDLR-EQ,hold,hold,True,target and post-trail stop decision
4104,position_evaluated,GMMPFAUDLR-EQ,hold,hold,True,target and post-trail stop decision
4105,position_evaluated,GMMPFAUDLR-EQ,hold,hold,True,target and post-trail stop decision
4106,position_evaluated,GMMPFAUDLR-EQ,hold,hold,True,target and post-trail stop decision
4107,position_evaluated,GMMPFAUDLR-EQ,hold,hold,True,target and post-trail stop decision
4108,position_evaluated,GMMPFAUDLR-EQ,hold,hold,True,target and post-trail stop decision
4109,position_evaluated,GMMPFAUDLR-EQ,hold,hold,True,target and post-trail stop decision
4110,position_evaluated,GMMPFAUDLR-EQ,hold,hold,True,target and post-trail stop decision
4111,position_evaluated,GMMPFAUDLR-EQ,hold,hold,True,target and post-trail stop decision
4112,position_evaluated,GMMPFAUDLR-EQ,hold,hold,True,target and post-trail stop decision
4113,position_evaluated,GMMPFAUDLR-EQ,hold,hold,True,target and post-trail stop decision
4114,position_evaluated,GMMPFAUDLR-EQ,hold,hold,True,target and post-trail stop decision
4115,position_evaluated,GMMPFAUDLR-EQ,hold,hold,True,target and post-trail stop decision
4116,position_evaluated,GMMPFAUDLR-EQ,hold,hold,True,target and post-trail stop decision
4117,position_evaluated,GMMPFAUDLR-EQ,hold,hold,True,target and post-trail stop decision
4118,position_evaluated,GMMPFAUDLR-EQ,hold,hold,True,target and post-trail stop decision
4119,position_evaluated,GMMPFAUDLR-EQ,hold,hold,True,target and post-trail stop decision
4120,position_evaluated,GMMPFAUDLR-EQ,hold,hold,True,target and post-trail stop decision
4121,position_evaluated,GMMPFAUDLR-EQ,hold,hold,True,target and post-trail stop decision
4122,position_evaluated,GMMPFAUDLR-EQ,hold,hold,True,target and post-trail stop decision
4123,position_evaluated,GMMPFAUDLR-EQ,hold,hold,True,target and post-trail stop decision
4124,position_evaluated,GMMPFAUDLR-EQ,hold,hold,True,target and post-trail stop decision
4125,position_evaluated,GMMPFAUDLR-EQ,hold,hold,True,target and post-trail stop decision
4126,position_evaluated,GMMPFAUDLR-EQ,hold,hold,True,target and post-trail stop decision
4127,position_evaluated,GMMPFAUDLR-EQ,hold,hold,True,target and post-trail stop decision
4128,position_evaluated,GMMPFAUDLR-EQ,hold,hold,True,target and post-trail stop decision
4129,position_evaluated,GMMPFAUDLR-EQ,hold,hold,True,target and post-trail stop decision
4130,position_evaluated,GMMPFAUDLR-EQ,hold,hold,True,target and post-trail stop decision
4131,position_evaluated,GMMPFAUDLR-EQ,hold,hold,True,target and post-trail stop decision
4132,position_evaluated,GMMPFAUDLR-EQ,hold,hold,True,target and post-trail stop decision
4133,position_evaluated,GMMPFAUDLR-EQ,hold,hold,True,target and post-trail stop decision
4134,position_evaluated,GMMPFAUDLR-EQ,hold,hold,True,target and post-trail stop decision
4135,position_evaluated,GMMPFAUDLR-EQ,hold,hold,True,target and post-trail stop decision
4136,position_evaluated,GMMPFAUDLR-EQ,hold,hold,True,target and post-trail stop decision
4137,position_evaluated,GMMPFAUDLR-EQ,hold,hold,True,target and post-trail stop decision
4138,position_evaluated,GMMPFAUDLR-EQ,hold,hold,True,target and post-trail stop decision
4139,position_evaluated,GMMPFAUDLR-EQ,hold,hold,True,target and post-trail stop decision
4140,position_evaluated,GMMPFAUDLR-EQ,hold,hold,True,target and post-trail stop decision
4141,position_evaluated,GMMPFAUDLR-EQ,hold,hold,True,target and post-trail stop decision
4142,position_evaluated,GMMPFAUDLR-EQ,hold,hold,True,target and post-trail stop decision
4143,position_evaluated,GMMPFAUDLR-EQ,hold,hold,True,target and post-trail stop decision
4144,position_evaluated,GMMPFAUDLR-EQ,hold,hold,True,target and post-trail stop decision
4145,position_evaluated,GMMPFAUDLR-EQ,hold,hold,True,target and post-trail stop decision
4146,position_evaluated,GMMPFAUDLR-EQ,hold,hold,True,target and post-trail stop decision
4147,position_evaluated,GMMPFAUDLR-EQ,hold,hold,True,target and post-trail stop decision
4148,position_evaluated,GMMPFAUDLR-EQ,hold,hold,True,target and post-trail stop decision
4149,position_evaluated,GMMPFAUDLR-EQ,hold,hold,True,target and post-trail stop decision
4150,position_evaluated,GMMPFAUDLR-EQ,hold,hold,True,target and post-trail stop decision
4151,position_evaluated,GMMPFAUDLR-EQ,hold,hold,True,target and post-trail stop decision
4152,position_evaluated,GMMPFAUDLR-EQ,hold,hold,True,target and post-trail stop decision
4153,position_evaluated,GMMPFAUDLR-EQ,hold,hold,True,target and post-trail stop decision
4154,position_evaluated,GMMPFAUDLR-EQ,hold,hold,True,target and post-trail stop decision
4155,position_evaluated,GMMPFAUDLR-EQ,hold,hold,True,target and post-trail stop decision
4156,position_evaluated,GMMPFAUDLR-EQ,hold,hold,True,target and post-trail stop decision
4157,position_evaluated,GMMPFAUDLR-EQ,hold,hold,True,target and post-trail stop decision
4158,position_evaluated,GMMPFAUDLR-EQ,hold,hold,True,target and post-trail stop decision
4159,position_evaluated,GMMPFAUDLR-EQ,hold,hold,True,target and post-trail stop decision
4160,position_evaluated,GMMPFAUDLR-EQ,hold,hold,True,target and post-trail stop decision
4161,position_evaluated,GMMPFAUDLR-EQ,hold,hold,True,target and post-trail stop decision
4162,position_evaluated,GMMPFAUDLR-EQ,hold,hold,True,target and post-trail stop decision
4163,position_evaluated,GMMPFAUDLR-EQ,hold,hold,True,target and post-trail stop decision
4164,position_evaluated,GMMPFAUDLR-EQ,hold,hold,True,target and post-trail stop decision
4165,position_evaluated,GMMPFAUDLR-EQ,hold,hold,True,target and post-trail stop decision
4166,position_evaluated,GMMPFAUDLR-EQ,hold,hold,True,target and post-trail stop decision
4167,position_evaluated,GMMPFAUDLR-EQ,hold,hold,True,target and post-trail stop decision
4168,position_evaluated,GMMPFAUDLR-EQ,hold,hold,True,target and post-trail stop decision
4169,position_evaluated,GMMPFAUDLR-EQ,hold,hold,True,target and post-trail stop decision
4170,position_evaluated,GMMPFAUDLR-EQ,hold,hold,True,target and post-trail stop decision
4171,position_evaluated,GMMPFAUDLR-EQ,hold,hold,True,target and post-trail stop decision
4172,position_evaluated,GMMPFAUDLR-EQ,hold,hold,True,target and post-trail stop decision
4173,position_evaluated,GMMPFAUDLR-EQ,hold,hold,True,target and post-trail stop decision
4174,position_evaluated,GMMPFAUDLR-EQ,hold,hold,True,target and post-trail stop decision
4175,position_evaluated,GMMPFAUDLR-EQ,hold,hold,True,target and post-trail stop decision
4176,position_evaluated,GMMPFAUDLR-EQ,hold,hold,True,target and post-trail stop decision
4177,position_evaluated,GMMPFAUDLR-EQ,hold,hold,True,target and post-trail stop decision
4178,position_evaluated,GMMPFAUDLR-EQ,hold,hold,True,target and post-trail stop decision
4179,position_evaluated,GMMPFAUDLR-EQ,hold,hold,True,target and post-trail stop decision
4180,position_evaluated,GMMPFAUDLR-EQ,hold,hold,True,target and post-trail stop decision
4181,position_evaluated,GMMPFAUDLR-EQ,hold,hold,True,target and post-trail stop decision
4182,position_evaluated,GMMPFAUDLR-EQ,hold,hold,True,target and post-trail stop decision
4183,position_evaluated,GMMPFAUDLR-EQ,hold,hold,True,target and post-trail stop decision
4184,position_evaluated,GMMPFAUDLR-EQ,hold,hold,True,target and post-trail stop decision
4185,position_evaluated,GMMPFAUDLR-EQ,hold,hold,True,target and post-trail stop decision
4186,position_evaluated,GMMPFAUDLR-EQ,hold,hold,True,target and post-trail stop decision
4187,position_evaluated,GMMPFAUDLR-EQ,hold,hold,True,target and post-trail stop decision
4188,position_evaluated,GMMPFAUDLR-EQ,hold,hold,True,target and post-trail stop decision
4189,position_evaluated,GMMPFAUDLR-EQ,hold,hold,True,target and post-trail stop decision
4190,position_evaluated,GMMPFAUDLR-EQ,hold,hold,True,target and post-trail stop decision
4191,position_evaluated,GMMPFAUDLR-EQ,hold,hold,True,target and post-trail stop decision
4192,position_evaluated,GMMPFAUDLR-EQ,hold,hold,True,target and post-trail stop decision
4193,position_evaluated,GMMPFAUDLR-EQ,hold,hold,True,target and post-trail stop decision
4194,position_evaluated,GMMPFAUDLR-EQ,hold,hold,True,target and post-trail stop decision
4195,position_evaluated,GMMPFAUDLR-EQ,hold,hold,True,target and post-trail stop decision
4196,position_evaluated,GMMPFAUDLR-EQ,hold,hold,True,target and post-trail stop decision
4197,position_evaluated,GMMPFAUDLR-EQ,hold,hold,True,target and post-trail stop decision
4198,position_evaluated,GMMPFAUDLR-EQ,hold,hold,True,target and post-trail stop decision
4199,position_evaluated,GMMPFAUDLR-EQ,hold,hold,True,target and post-trail stop decision
4200,position_evaluated,GMMPFAUDLR-EQ,hold,hold,True,target and post-trail stop decision
4201,position_evaluated,GMMPFAUDLR-EQ,hold,hold,True,target and post-trail stop decision
4202,position_evaluated,GMMPFAUDLR-EQ,hold,hold,True,target and post-trail stop decision
4203,position_evaluated,GMMPFAUDLR-EQ,hold,hold,True,target and post-trail stop decision
4204,position_evaluated,GMMPFAUDLR-EQ,hold,hold,True,target and post-trail stop decision
4205,position_evaluated,GMMPFAUDLR-EQ,hold,hold,True,target and post-trail stop decision
4206,position_evaluated,GMMPFAUDLR-EQ,hold,hold,True,target and post-trail stop decision
4207,position_evaluated,GMMPFAUDLR-EQ,hold,hold,True,target and post-trail stop decision
4208,position_evaluated,GMMPFAUDLR-EQ,hold,hold,True,target and post-trail stop decision
4209,position_evaluated,GMMPFAUDLR-EQ,hold,hold,True,target and post-trail stop decision
4210,position_evaluated,GMMPFAUDLR-EQ,hold,hold,True,target and post-trail stop decision
4211,position_evaluated,GMMPFAUDLR-EQ,hold,hold,True,target and post-trail stop decision
4212,position_evaluated,GMMPFAUDLR-EQ,hold,hold,True,target and post-trail stop decision
4213,position_evaluated,GMMPFAUDLR-EQ,hold,hold,True,target and post-trail stop decision
4214,position_evaluated,GMMPFAUDLR-EQ,hold,hold,True,target and post-trail stop decision
4215,position_evaluated,GMMPFAUDLR-EQ,hold,hold,True,target and post-trail stop decision
4216,position_evaluated,GMMPFAUDLR-EQ,hold,hold,True,target and post-trail stop decision
4217,position_evaluated,GMMPFAUDLR-EQ,hold,hold,True,target and post-trail stop decision
4218,position_evaluated,GMMPFAUDLR-EQ,hold,hold,True,target and post-trail stop decision
4219,position_evaluated,GMMPFAUDLR-EQ,hold,hold,True,target and post-trail stop decision
4220,position_evaluated,GMMPFAUDLR-EQ,hold,hold,True,target and post-trail stop decision
4221,position_evaluated,GMMPFAUDLR-EQ,hold,hold,True,target and post-trail stop decision
4222,position_evaluated,GMMPFAUDLR-EQ,hold,hold,True,target and post-trail stop decision
4223,position_evaluated,GMMPFAUDLR-EQ,hold,hold,True,target and post-trail stop decision
4224,position_evaluated,GMMPFAUDLR-EQ,hold,hold,True,target and post-trail stop decision
4225,position_evaluated,GMMPFAUDLR-EQ,hold,hold,True,target and post-trail stop decision
4226,position_evaluated,GMMPFAUDLR-EQ,hold,hold,True,target and post-trail stop decision
4227,position_evaluated,GMMPFAUDLR-EQ,hold,hold,True,target and post-trail stop decision
4228,position_evaluated,GMMPFAUDLR-EQ,hold,hold,True,target and post-trail stop decision
4229,position_evaluated,GMMPFAUDLR-EQ,hold,hold,True,target and post-trail stop decision
4230,position_evaluated,GMMPFAUDLR-EQ,hold,hold,True,target and post-trail stop decision
4231,position_evaluated,GMMPFAUDLR-EQ,hold,hold,True,target and post-trail stop decision
4232,position_evaluated,GMMPFAUDLR-EQ,hold,hold,True,target and post-trail stop decision
4233,position_evaluated,GMMPFAUDLR-EQ,hold,hold,True,target and post-trail stop decision
4234,position_evaluated,GMMPFAUDLR-EQ,hold,hold,True,target and post-trail stop decision
4235,position_evaluated,GMMPFAUDLR-EQ,hold,hold,True,target and post-trail stop decision
4236,position_evaluated,GMMPFAUDLR-EQ,hold,hold,True,target and post-trail stop decision
4237,position_evaluated,GMMPFAUDLR-EQ,hold,hold,True,target and post-trail stop decision
4238,position_evaluated,GMMPFAUDLR-EQ,hold,hold,True,target and post-trail stop decision
4239,position_evaluated,GMMPFAUDLR-EQ,hold,hold,True,target and post-trail stop decision
4240,position_evaluated,GMMPFAUDLR-EQ,hold,hold,True,target and post-trail stop decision
4241,position_evaluated,GMMPFAUDLR-EQ,hold,hold,True,target and post-trail stop decision
4242,position_evaluated,GMMPFAUDLR-EQ,hold,hold,True,target and post-trail stop decision
4243,position_evaluated,GMMPFAUDLR-EQ,hold,hold,True,target and post-trail stop decision
4244,position_evaluated,GMMPFAUDLR-EQ,hold,hold,True,target and post-trail stop decision
4245,position_evaluated,GMMPFAUDLR-EQ,hold,hold,True,target and post-trail stop decision
4246,position_evaluated,GMMPFAUDLR-EQ,hold,hold,True,target and post-trail stop decision
4247,position_evaluated,GMMPFAUDLR-EQ,hold,hold,True,target and post-trail stop decision
4248,position_evaluated,GMMPFAUDLR-EQ,hold,hold,True,target and post-trail stop decision
4249,position_evaluated,GMMPFAUDLR-EQ,hold,hold,True,target and post-trail stop decision
4250,position_evaluated,GMMPFAUDLR-EQ,hold,hold,True,target and post-trail stop decision
4251,position_evaluated,GMMPFAUDLR-EQ,hold,hold,True,target and post-trail stop decision
4252,position_evaluated,GMMPFAUDLR-EQ,hold,hold,True,target and post-trail stop decision
4253,position_evaluated,GMMPFAUDLR-EQ,hold,hold,True,target and post-trail stop decision
4254,position_evaluated,GMMPFAUDLR-EQ,hold,hold,True,target and post-trail stop decision
4255,position_evaluated,GMMPFAUDLR-EQ,hold,hold,True,target and post-trail stop decision
4256,position_evaluated,GMMPFAUDLR-EQ,hold,hold,True,target and post-trail stop decision
4257,position_evaluated,GMMPFAUDLR-EQ,hold,hold,True,target and post-trail stop decision
4258,position_evaluated,GMMPFAUDLR-EQ,hold,hold,True,target and post-trail stop decision
4259,position_evaluated,GMMPFAUDLR-EQ,hold,hold,True,target and post-trail stop decision
4260,position_evaluated,GMMPFAUDLR-EQ,hold,hold,True,target and post-trail stop decision
4261,position_evaluated,GMMPFAUDLR-EQ,hold,hold,True,target and post-trail stop decision
4262,position_evaluated,GMMPFAUDLR-EQ,hold,hold,True,target and post-trail stop decision
4263,position_evaluated,GMMPFAUDLR-EQ,hold,hold,True,target and post-trail stop decision
4264,position_evaluated,GMMPFAUDLR-EQ,hold,hold,True,target and post-trail stop decision
4265,position_evaluated,GMMPFAUDLR-EQ,hold,hold,True,target and post-trail stop decision
4266,position_evaluated,GMMPFAUDLR-EQ,hold,hold,True,target and post-trail stop decision
4267,position_evaluated,GMMPFAUDLR-EQ,hold,hold,True,target and post-trail stop decision
4268,position_evaluated,GMMPFAUDLR-EQ,hold,hold,True,target and post-trail stop decision
4269,position_evaluated,GMMPFAUDLR-EQ,hold,hold,True,target and post-trail stop decision
4270,position_evaluated,GMMPFAUDLR-EQ,hold,hold,True,target and post-trail stop decision
4271,position_evaluated,GMMPFAUDLR-EQ,hold,hold,True,target and post-trail stop decision
4272,position_evaluated,GMMPFAUDLR-EQ,hold,hold,True,target and post-trail stop decision
4273,position_evaluated,GMMPFAUDLR-EQ,hold,hold,True,target and post-trail stop decision
4274,position_evaluated,GMMPFAUDLR-EQ,hold,hold,True,target and post-trail stop decision
4275,position_evaluated,GMMPFAUDLR-EQ,hold,hold,True,target and post-trail stop decision
4276,position_evaluated,GMMPFAUDLR-EQ,hold,hold,True,target and post-trail stop decision
4277,position_evaluated,GMMPFAUDLR-EQ,hold,hold,True,target and post-trail stop decision
4278,position_evaluated,GMMPFAUDLR-EQ,hold,hold,True,target and post-trail stop decision
4279,position_evaluated,GMMPFAUDLR-EQ,hold,hold,True,target and post-trail stop decision
4280,position_evaluated,GMMPFAUDLR-EQ,hold,hold,True,target and post-trail stop decision
4281,position_evaluated,GMMPFAUDLR-EQ,hold,hold,True,target and post-trail stop decision
4282,position_evaluated,GMMPFAUDLR-EQ,hold,hold,True,target and post-trail stop decision
4283,position_evaluated,GMMPFAUDLR-EQ,hold,hold,True,target and post-trail stop decision
4284,position_evaluated,GMMPFAUDLR-EQ,hold,hold,True,target and post-trail stop decision
4285,position_evaluated,GMMPFAUDLR-EQ,hold,hold,True,target and post-trail stop decision
4286,position_evaluated,GMMPFAUDLR-EQ,hold,hold,True,target and post-trail stop decision
4287,position_evaluated,GMMPFAUDLR-EQ,hold,hold,True,target and post-trail stop decision
4288,position_evaluated,GMMPFAUDLR-EQ,hold,hold,True,target and post-trail stop decision
4289,position_evaluated,GMMPFAUDLR-EQ,hold,hold,True,target and post-trail stop decision
4290,position_evaluated,GMMPFAUDLR-EQ,hold,hold,True,target and post-trail stop decision
4291,position_evaluated,GMMPFAUDLR-EQ,hold,hold,True,target and post-trail stop decision
4292,position_evaluated,GMMPFAUDLR-EQ,hold,hold,True,target and post-trail stop decision
4293,position_evaluated,GMMPFAUDLR-EQ,hold,hold,True,target and post-trail stop decision
4294,position_evaluated,GMMPFAUDLR-EQ,hold,hold,True,target and post-trail stop decision
4295,position_evaluated,GMMPFAUDLR-EQ,hold,hold,True,target and post-trail stop decision
4296,position_evaluated,GMMPFAUDLR-EQ,hold,hold,True,target and post-trail stop decision
4297,position_evaluated,GMMPFAUDLR-EQ,hold,hold,True,target and post-trail stop decision
4298,position_evaluated,GMMPFAUDLR-EQ,hold,hold,True,target and post-trail stop decision
4299,position_evaluated,GMMPFAUDLR-EQ,hold,hold,True,target and post-trail stop decision
4300,position_evaluated,GMMPFAUDLR-EQ,hold,hold,True,target and post-trail stop decision
4301,position_evaluated,GMMPFAUDLR-EQ,hold,hold,True,target and post-trail stop decision
4302,position_evaluated,GMMPFAUDLR-EQ,hold,hold,True,target and post-trail stop decision
4303,position_evaluated,GMMPFAUDLR-EQ,hold,hold,True,target and post-trail stop decision
4304,position_evaluated,GMMPFAUDLR-EQ,hold,hold,True,target and post-trail stop decision
4305,position_evaluated,GMMPFAUDLR-EQ,hold,hold,True,target and post-trail stop decision
4306,position_evaluated,GMMPFAUDLR-EQ,hold,hold,True,target and post-trail stop decision
4307,position_evaluated,GMMPFAUDLR-EQ,hold,hold,True,target and post-trail stop decision
4308,position_evaluated,GMMPFAUDLR-EQ,hold,hold,True,target and post-trail stop decision
4309,position_evaluated,GMMPFAUDLR-EQ,hold,hold,True,target and post-trail stop decision
4310,position_evaluated,GMMPFAUDLR-EQ,hold,hold,True,target and post-trail stop decision
4311,position_evaluated,GMMPFAUDLR-EQ,hold,hold,True,target and post-trail stop decision
4312,position_evaluated,GMMPFAUDLR-EQ,hold,hold,True,target and post-trail stop decision
4313,position_evaluated,GMMPFAUDLR-EQ,hold,hold,True,target and post-trail stop decision
4314,position_evaluated,GMMPFAUDLR-EQ,hold,hold,True,target and post-trail stop decision
4315,position_evaluated,GMMPFAUDLR-EQ,hold,hold,True,target and post-trail stop decision
4316,position_evaluated,GMMPFAUDLR-EQ,hold,hold,True,target and post-trail stop decision
4317,position_evaluated,GMMPFAUDLR-EQ,hold,hold,True,target and post-trail stop decision
4318,position_evaluated,GMMPFAUDLR-EQ,hold,hold,True,target and post-trail stop decision
4319,position_evaluated,GMMPFAUDLR-EQ,hold,hold,True,target and post-trail stop decision
4320,position_evaluated,GMMPFAUDLR-EQ,hold,hold,True,target and post-trail stop decision
4321,position_evaluated,GMMPFAUDLR-EQ,hold,hold,True,target and post-trail stop decision
4322,position_evaluated,GMMPFAUDLR-EQ,hold,hold,True,target and post-trail stop decision
4323,position_evaluated,GMMPFAUDLR-EQ,hold,hold,True,target and post-trail stop decision
4324,position_evaluated,GMMPFAUDLR-EQ,hold,hold,True,target and post-trail stop decision
4325,position_evaluated,GMMPFAUDLR-EQ,hold,hold,True,target and post-trail stop decision
4326,position_evaluated,GMMPFAUDLR-EQ,hold,hold,True,target and post-trail stop decision
4327,position_evaluated,GMMPFAUDLR-EQ,hold,hold,True,target and post-trail stop decision
4328,position_evaluated,GMMPFAUDLR-EQ,hold,hold,True,target and post-trail stop decision
4329,position_evaluated,GMMPFAUDLR-EQ,hold,hold,True,target and post-trail stop decision
4330,position_evaluated,GMMPFAUDLR-EQ,hold,hold,True,target and post-trail stop decision
4331,position_evaluated,GMMPFAUDLR-EQ,hold,hold,True,target and post-trail stop decision
4332,position_evaluated,GMMPFAUDLR-EQ,hold,hold,True,target and post-trail stop decision
4333,position_evaluated,GMMPFAUDLR-EQ,hold,hold,True,target and post-trail stop decision
4334,position_evaluated,GMMPFAUDLR-EQ,hold,hold,True,target and post-trail stop decision
4335,position_evaluated,GMMPFAUDLR-EQ,hold,hold,True,target and post-trail stop decision
4336,position_evaluated,GMMPFAUDLR-EQ,hold,hold,True,target and post-trail stop decision
4337,position_evaluated,GMMPFAUDLR-EQ,hold,hold,True,target and post-trail stop decision
4338,position_evaluated,GMMPFAUDLR-EQ,hold,hold,True,target and post-trail stop decision
4339,position_evaluated,GMMPFAUDLR-EQ,hold,hold,True,target and post-trail stop decision
4340,position_evaluated,GMMPFAUDLR-EQ,hold,hold,True,target and post-trail stop decision
4341,position_evaluated,GMMPFAUDLR-EQ,hold,hold,True,target and post-trail stop decision
4342,position_evaluated,GMMPFAUDLR-EQ,hold,hold,True,target and post-trail stop decision
4343,position_evaluated,GMMPFAUDLR-EQ,hold,hold,True,target and post-trail stop decision
4344,position_evaluated,GMMPFAUDLR-EQ,hold,hold,True,target and post-trail stop decision
4345,position_evaluated,GMMPFAUDLR-EQ,hold,hold,True,target and post-trail stop decision
4346,position_evaluated,GMMPFAUDLR-EQ,hold,hold,True,target and post-trail stop decision
4347,position_evaluated,GMMPFAUDLR-EQ,hold,hold,True,target and post-trail stop decision
4348,position_evaluated,GMMPFAUDLR-EQ,hold,hold,True,target and post-trail stop decision
4349,position_evaluated,GMMPFAUDLR-EQ,hold,hold,True,target and post-trail stop decision
4350,position_evaluated,GMMPFAUDLR-EQ,hold,hold,True,target and post-trail stop decision
4351,position_evaluated,GMMPFAUDLR-EQ,hold,hold,True,target and post-trail stop decision
4352,position_evaluated,GMMPFAUDLR-EQ,hold,hold,True,target and post-trail stop decision
4353,position_evaluated,GMMPFAUDLR-EQ,hold,hold,True,target and post-trail stop decision
4354,position_evaluated,GMMPFAUDLR-EQ,hold,hold,True,target and post-trail stop decision
4355,position_evaluated,GMMPFAUDLR-EQ,hold,hold,True,target and post-trail stop decision
4356,position_evaluated,GMMPFAUDLR-EQ,hold,hold,True,target and post-trail stop decision
4357,position_evaluated,GMMPFAUDLR-EQ,hold,hold,True,target and post-trail stop decision
4358,position_evaluated,GMMPFAUDLR-EQ,hold,hold,True,target and post-trail stop decision
4359,position_evaluated,GMMPFAUDLR-EQ,hold,hold,True,target and post-trail stop decision
4360,position_evaluated,GMMPFAUDLR-EQ,hold,hold,True,target and post-trail stop decision
4361,position_evaluated,GMMPFAUDLR-EQ,hold,hold,True,target and post-trail stop decision
4362,position_evaluated,GMMPFAUDLR-EQ,hold,hold,True,target and post-trail stop decision
4363,position_evaluated,GMMPFAUDLR-EQ,hold,hold,True,target and post-trail stop decision
4364,position_evaluated,GMMPFAUDLR-EQ,hold,hold,True,target and post-trail stop decision
4365,position_evaluated,GMMPFAUDLR-EQ,hold,hold,True,target and post-trail stop decision
4366,position_evaluated,GMMPFAUDLR-EQ,hold,hold,True,target and post-trail stop decision
4367,position_evaluated,GMMPFAUDLR-EQ,hold,hold,True,target and post-trail stop decision
4368,position_evaluated,GMMPFAUDLR-EQ,hold,hold,True,target and post-trail stop decision
4369,position_evaluated,GMMPFAUDLR-EQ,hold,hold,True,target and post-trail stop decision
4370,position_evaluated,GMMPFAUDLR-EQ,hold,hold,True,target and post-trail stop decision
4371,position_evaluated,GMMPFAUDLR-EQ,hold,hold,True,target and post-trail stop decision
4372,position_evaluated,GMMPFAUDLR-EQ,hold,hold,True,target and post-trail stop decision
4373,position_evaluated,GMMPFAUDLR-EQ,hold,hold,True,target and post-trail stop decision
4374,position_evaluated,GMMPFAUDLR-EQ,hold,hold,True,target and post-trail stop decision
4375,position_evaluated,GMMPFAUDLR-EQ,hold,hold,True,target and post-trail stop decision
4376,position_evaluated,GMMPFAUDLR-EQ,hold,hold,True,target and post-trail stop decision
4377,position_evaluated,GMMPFAUDLR-EQ,hold,hold,True,target and post-trail stop decision
4378,position_evaluated,GMMPFAUDLR-EQ,hold,hold,True,target and post-trail stop decision
4379,position_evaluated,GMMPFAUDLR-EQ,hold,hold,True,target and post-trail stop decision
4380,position_evaluated,GMMPFAUDLR-EQ,hold,hold,True,target and post-trail stop decision
4381,position_evaluated,GMMPFAUDLR-EQ,hold,hold,True,target and post-trail stop decision
4382,position_evaluated,GMMPFAUDLR-EQ,hold,hold,True,target and post-trail stop decision
4383,position_evaluated,GMMPFAUDLR-EQ,hold,hold,True,target and post-trail stop decision
4384,position_evaluated,GMMPFAUDLR-EQ,hold,hold,True,target and post-trail stop decision
4385,position_evaluated,GMMPFAUDLR-EQ,hold,hold,True,target and post-trail stop decision
4386,position_evaluated,GMMPFAUDLR-EQ,hold,hold,True,target and post-trail stop decision
4387,position_evaluated,GMMPFAUDLR-EQ,hold,hold,True,target and post-trail stop decision
4388,position_evaluated,GMMPFAUDLR-EQ,hold,hold,True,target and post-trail stop decision
4389,position_evaluated,GMMPFAUDLR-EQ,hold,hold,True,target and post-trail stop decision
4390,position_evaluated,GMMPFAUDLR-EQ,hold,hold,True,target and post-trail stop decision
4391,position_evaluated,GMMPFAUDLR-EQ,hold,hold,True,target and post-trail stop decision
4392,position_evaluated,GMMPFAUDLR-EQ,hold,hold,True,target and post-trail stop decision
4393,position_evaluated,GMMPFAUDLR-EQ,hold,hold,True,target and post-trail stop decision
4394,position_evaluated,GMMPFAUDLR-EQ,hold,hold,True,target and post-trail stop decision
4395,position_evaluated,GMMPFAUDLR-EQ,hold,hold,True,target and post-trail stop decision
4396,position_evaluated,GMMPFAUDLR-EQ,hold,hold,True,target and post-trail stop decision
4397,position_evaluated,GMMPFAUDLR-EQ,hold,hold,True,target and post-trail stop decision
4398,position_evaluated,GMMPFAUDLR-EQ,hold,hold,True,target and post-trail stop decision
4399,position_evaluated,GMMPFAUDLR-EQ,hold,hold,True,target and post-trail stop decision
4400,position_evaluated,GMMPFAUDLR-EQ,hold,hold,True,target and post-trail stop decision
4401,position_evaluated,GMMPFAUDLR-EQ,hold,hold,True,target and post-trail stop decision
4402,position_evaluated,GMMPFAUDLR-EQ,hold,hold,True,target and post-trail stop decision
4403,position_evaluated,GMMPFAUDLR-EQ,hold,hold,True,target and post-trail stop decision
4404,position_evaluated,GMMPFAUDLR-EQ,hold,hold,True,target and post-trail stop decision
4405,position_evaluated,GMMPFAUDLR-EQ,hold,hold,True,target and post-trail stop decision
4406,position_evaluated,GMMPFAUDLR-EQ,hold,hold,True,target and post-trail stop decision
4407,position_evaluated,GMMPFAUDLR-EQ,hold,hold,True,target and post-trail stop decision
4408,position_evaluated,GMMPFAUDLR-EQ,hold,hold,True,target and post-trail stop decision
4409,position_evaluated,GMMPFAUDLR-EQ,hold,hold,True,target and post-trail stop decision
4410,position_evaluated,GMMPFAUDLR-EQ,hold,hold,True,target and post-trail stop decision
4411,position_evaluated,GMMPFAUDLR-EQ,hold,hold,True,target and post-trail stop decision
4412,position_evaluated,GMMPFAUDLR-EQ,hold,hold,True,target and post-trail stop decision
4413,position_evaluated,GMMPFAUDLR-EQ,hold,hold,True,target and post-trail stop decision
4414,position_evaluated,GMMPFAUDLR-EQ,hold,hold,True,target and post-trail stop decision
4415,position_evaluated,GMMPFAUDLR-EQ,hold,hold,True,target and post-trail stop decision
4416,position_evaluated,GMMPFAUDLR-EQ,hold,hold,True,target and post-trail stop decision
4417,position_evaluated,GMMPFAUDLR-EQ,hold,hold,True,target and post-trail stop decision
4418,position_evaluated,GMMPFAUDLR-EQ,hold,hold,True,target and post-trail stop decision
4419,position_evaluated,GMMPFAUDLR-EQ,hold,hold,True,target and post-trail stop decision
4420,position_evaluated,GMMPFAUDLR-EQ,hold,hold,True,target and post-trail stop decision
4421,position_evaluated,GMMPFAUDLR-EQ,hold,hold,True,target and post-trail stop decision
4422,position_evaluated,GMMPFAUDLR-EQ,hold,hold,True,target and post-trail stop decision
4423,position_evaluated,GMMPFAUDLR-EQ,hold,hold,True,target and post-trail stop decision
4424,position_evaluated,GMMPFAUDLR-EQ,hold,hold,True,target and post-trail stop decision
4425,position_evaluated,GMMPFAUDLR-EQ,hold,hold,True,target and post-trail stop decision
4426,position_evaluated,GMMPFAUDLR-EQ,hold,hold,True,target and post-trail stop decision
4427,position_evaluated,GMMPFAUDLR-EQ,hold,hold,True,target and post-trail stop decision
4428,position_evaluated,GMMPFAUDLR-EQ,hold,hold,True,target and post-trail stop decision
4429,position_evaluated,GMMPFAUDLR-EQ,hold,hold,True,target and post-trail stop decision
4430,position_evaluated,GMMPFAUDLR-EQ,hold,hold,True,target and post-trail stop decision
4431,position_evaluated,GMMPFAUDLR-EQ,hold,hold,True,target and post-trail stop decision
4432,position_evaluated,GMMPFAUDLR-EQ,hold,hold,True,target and post-trail stop decision
4433,position_evaluated,GMMPFAUDLR-EQ,hold,hold,True,target and post-trail stop decision
4434,position_evaluated,GMMPFAUDLR-EQ,hold,hold,True,target and post-trail stop decision
4435,position_evaluated,GMMPFAUDLR-EQ,hold,hold,True,target and post-trail stop decision
4436,position_evaluated,GMMPFAUDLR-EQ,hold,hold,True,target and post-trail stop decision
4437,position_evaluated,GMMPFAUDLR-EQ,hold,hold,True,target and post-trail stop decision
4438,position_evaluated,GMMPFAUDLR-EQ,hold,hold,True,target and post-trail stop decision
4439,position_evaluated,GMMPFAUDLR-EQ,hold,hold,True,target and post-trail stop decision
4440,position_evaluated,GMMPFAUDLR-EQ,hold,hold,True,target and post-trail stop decision
4441,position_evaluated,GMMPFAUDLR-EQ,hold,hold,True,target and post-trail stop decision
4442,position_evaluated,GMMPFAUDLR-EQ,hold,hold,True,target and post-trail stop decision
4443,position_evaluated,GMMPFAUDLR-EQ,hold,hold,True,target and post-trail stop decision
4444,position_evaluated,GMMPFAUDLR-EQ,hold,hold,True,target and post-trail stop decision
4445,position_evaluated,GMMPFAUDLR-EQ,hold,hold,True,target and post-trail stop decision
4446,position_evaluated,GMMPFAUDLR-EQ,hold,hold,True,target and post-trail stop decision
4447,position_evaluated,GMMPFAUDLR-EQ,hold,hold,True,target and post-trail stop decision
4448,position_evaluated,GMMPFAUDLR-EQ,hold,hold,True,target and post-trail stop decision
4449,position_evaluated,GMMPFAUDLR-EQ,hold,hold,True,target and post-trail stop decision
4450,position_evaluated,GMMPFAUDLR-EQ,hold,hold,True,target and post-trail stop decision
4451,position_evaluated,GMMPFAUDLR-EQ,hold,hold,True,target and post-trail stop decision
4452,position_evaluated,GMMPFAUDLR-EQ,hold,hold,True,target and post-trail stop decision
4453,position_evaluated,GMMPFAUDLR-EQ,hold,hold,True,target and post-trail stop decision
4454,position_evaluated,GMMPFAUDLR-EQ,hold,hold,True,target and post-trail stop decision
4455,position_evaluated,GMMPFAUDLR-EQ,hold,hold,True,target and post-trail stop decision
4456,position_evaluated,GMMPFAUDLR-EQ,hold,hold,True,target and post-trail stop decision
4457,position_evaluated,GMMPFAUDLR-EQ,hold,hold,True,target and post-trail stop decision
4458,position_evaluated,GMMPFAUDLR-EQ,hold,hold,True,target and post-trail stop decision
4459,position_evaluated,GMMPFAUDLR-EQ,hold,hold,True,target and post-trail stop decision
4460,position_evaluated,GMMPFAUDLR-EQ,hold,hold,True,target and post-trail stop decision
4461,position_evaluated,GMMPFAUDLR-EQ,hold,hold,True,target and post-trail stop decision
4462,position_evaluated,GMMPFAUDLR-EQ,hold,hold,True,target and post-trail stop decision
4463,position_evaluated,GMMPFAUDLR-EQ,hold,hold,True,target and post-trail stop decision
4464,position_evaluated,GMMPFAUDLR-EQ,hold,hold,True,target and post-trail stop decision
4465,position_evaluated,GMMPFAUDLR-EQ,hold,hold,True,target and post-trail stop decision
4466,position_evaluated,GMMPFAUDLR-EQ,hold,hold,True,target and post-trail stop decision
4467,position_evaluated,GMMPFAUDLR-EQ,hold,hold,True,target and post-trail stop decision
4468,position_evaluated,GMMPFAUDLR-EQ,hold,hold,True,target and post-trail stop decision
4469,position_evaluated,GMMPFAUDLR-EQ,hold,hold,True,target and post-trail stop decision
4470,position_evaluated,GMMPFAUDLR-EQ,hold,hold,True,target and post-trail stop decision
4471,position_evaluated,GMMPFAUDLR-EQ,hold,hold,True,target and post-trail stop decision
4472,position_evaluated,GMMPFAUDLR-EQ,hold,hold,True,target and post-trail stop decision
4473,position_evaluated,GMMPFAUDLR-EQ,hold,hold,True,target and post-trail stop decision
4474,position_evaluated,GMMPFAUDLR-EQ,hold,hold,True,target and post-trail stop decision
4475,position_evaluated,GMMPFAUDLR-EQ,hold,hold,True,target and post-trail stop decision
4476,position_evaluated,GMMPFAUDLR-EQ,hold,hold,True,target and post-trail stop decision
4477,position_evaluated,GMMPFAUDLR-EQ,hold,hold,True,target and post-trail stop decision
4478,position_evaluated,GMMPFAUDLR-EQ,hold,hold,True,target and post-trail stop decision
4479,position_evaluated,GMMPFAUDLR-EQ,hold,hold,True,target and post-trail stop decision
4480,position_evaluated,GMMPFAUDLR-EQ,hold,hold,True,target and post-trail stop decision
4481,position_evaluated,GMMPFAUDLR-EQ,hold,hold,True,target and post-trail stop decision
4482,position_evaluated,GMMPFAUDLR-EQ,hold,hold,True,target and post-trail stop decision
4483,position_evaluated,GMMPFAUDLR-EQ,hold,hold,True,target and post-trail stop decision
4484,position_evaluated,GMMPFAUDLR-EQ,hold,hold,True,target and post-trail stop decision
4485,position_evaluated,GMMPFAUDLR-EQ,hold,hold,True,target and post-trail stop decision
4486,position_evaluated,GMMPFAUDLR-EQ,hold,hold,True,target and post-trail stop decision
4487,position_evaluated,GMMPFAUDLR-EQ,hold,hold,True,target and post-trail stop decision
4488,position_evaluated,GMMPFAUDLR-EQ,hold,hold,True,target and post-trail stop decision
4489,position_evaluated,GMMPFAUDLR-EQ,hold,hold,True,target and post-trail stop decision
4490,position_evaluated,GMMPFAUDLR-EQ,hold,hold,True,target and post-trail stop decision
4491,position_evaluated,GMMPFAUDLR-EQ,hold,hold,True,target and post-trail stop decision
4492,position_evaluated,GMMPFAUDLR-EQ,hold,hold,True,target and post-trail stop decision
4493,position_evaluated,GMMPFAUDLR-EQ,hold,hold,True,target and post-trail stop decision
4494,position_evaluated,GMMPFAUDLR-EQ,hold,hold,True,target and post-trail stop decision
4495,position_evaluated,GMMPFAUDLR-EQ,hold,hold,True,target and post-trail stop decision
4496,position_evaluated,GMMPFAUDLR-EQ,hold,hold,True,target and post-trail stop decision
4497,position_evaluated,GMMPFAUDLR-EQ,hold,hold,True,target and post-trail stop decision
4498,position_evaluated,GMMPFAUDLR-EQ,hold,hold,True,target and post-trail stop decision
4499,position_evaluated,GMMPFAUDLR-EQ,hold,hold,True,target and post-trail stop decision
4500,position_evaluated,GMMPFAUDLR-EQ,hold,hold,True,target and post-trail stop decision
4501,position_evaluated,GMMPFAUDLR-EQ,hold,hold,True,target and post-trail stop decision
4502,position_evaluated,GMMPFAUDLR-EQ,hold,hold,True,target and post-trail stop decision
4503,position_evaluated,GMMPFAUDLR-EQ,hold,hold,True,target and post-trail stop decision
4504,position_evaluated,GMMPFAUDLR-EQ,hold,hold,True,target and post-trail stop decision
4505,position_evaluated,GMMPFAUDLR-EQ,hold,hold,True,target and post-trail stop decision
4506,position_evaluated,GMMPFAUDLR-EQ,hold,hold,True,target and post-trail stop decision
4507,position_evaluated,GMMPFAUDLR-EQ,hold,hold,True,target and post-trail stop decision
4508,position_evaluated,GMMPFAUDLR-EQ,hold,hold,True,target and post-trail stop decision
4509,position_evaluated,GMMPFAUDLR-EQ,hold,hold,True,target and post-trail stop decision
4510,position_evaluated,GMMPFAUDLR-EQ,hold,hold,True,target and post-trail stop decision
4511,position_evaluated,GMMPFAUDLR-EQ,hold,hold,True,target and post-trail stop decision
4512,position_evaluated,GMMPFAUDLR-EQ,hold,hold,True,target and post-trail stop decision
4513,position_evaluated,GMMPFAUDLR-EQ,hold,hold,True,target and post-trail stop decision
4514,position_evaluated,GMMPFAUDLR-EQ,hold,hold,True,target and post-trail stop decision
4515,position_evaluated,GMMPFAUDLR-EQ,hold,hold,True,target and post-trail stop decision
4516,position_evaluated,GMMPFAUDLR-EQ,hold,hold,True,target and post-trail stop decision
4517,position_evaluated,GMMPFAUDLR-EQ,hold,hold,True,target and post-trail stop decision
4518,position_evaluated,GMMPFAUDLR-EQ,hold,hold,True,target and post-trail stop decision
4519,position_evaluated,GMMPFAUDLR-EQ,hold,hold,True,target and post-trail stop decision
4520,position_evaluated,GMMPFAUDLR-EQ,hold,hold,True,target and post-trail stop decision
4521,position_evaluated,GMMPFAUDLR-EQ,hold,hold,True,target and post-trail stop decision
4522,position_evaluated,GMMPFAUDLR-EQ,hold,hold,True,target and post-trail stop decision
4523,position_evaluated,GMMPFAUDLR-EQ,hold,hold,True,target and post-trail stop decision
4524,position_evaluated,GMMPFAUDLR-EQ,hold,hold,True,target and post-trail stop decision
4525,position_evaluated,GMMPFAUDLR-EQ,hold,hold,True,target and post-trail stop decision
4526,position_evaluated,GMMPFAUDLR-EQ,hold,hold,True,target and post-trail stop decision
4527,position_evaluated,GMMPFAUDLR-EQ,hold,hold,True,target and post-trail stop decision
4528,position_evaluated,GMMPFAUDLR-EQ,hold,hold,True,target and post-trail stop decision
4529,position_evaluated,GMMPFAUDLR-EQ,hold,hold,True,target and post-trail stop decision
4530,position_evaluated,GMMPFAUDLR-EQ,hold,hold,True,target and post-trail stop decision
4531,position_evaluated,GMMPFAUDLR-EQ,hold,hold,True,target and post-trail stop decision
4532,position_evaluated,GMMPFAUDLR-EQ,hold,hold,True,target and post-trail stop decision
4533,position_evaluated,GMMPFAUDLR-EQ,hold,hold,True,target and post-trail stop decision
4534,position_evaluated,GMMPFAUDLR-EQ,hold,hold,True,target and post-trail stop decision
4535,position_evaluated,GMMPFAUDLR-EQ,hold,hold,True,target and post-trail stop decision
4536,position_evaluated,GMMPFAUDLR-EQ,hold,hold,True,target and post-trail stop decision
4537,position_evaluated,GMMPFAUDLR-EQ,hold,hold,True,target and post-trail stop decision
4538,position_evaluated,GMMPFAUDLR-EQ,hold,hold,True,target and post-trail stop decision
4539,position_evaluated,GMMPFAUDLR-EQ,hold,hold,True,target and post-trail stop decision
4540,position_evaluated,GMMPFAUDLR-EQ,hold,hold,True,target and post-trail stop decision
4541,position_evaluated,GMMPFAUDLR-EQ,hold,hold,True,target and post-trail stop decision
4542,position_evaluated,GMMPFAUDLR-EQ,hold,hold,True,target and post-trail stop decision
4543,position_evaluated,GMMPFAUDLR-EQ,hold,hold,True,target and post-trail stop decision
4544,position_evaluated,GMMPFAUDLR-EQ,hold,hold,True,target and post-trail stop decision
4545,position_evaluated,GMMPFAUDLR-EQ,hold,hold,True,target and post-trail stop decision
4546,position_evaluated,GMMPFAUDLR-EQ,hold,hold,True,target and post-trail stop decision
4547,position_evaluated,GMMPFAUDLR-EQ,hold,hold,True,target and post-trail stop decision
4548,position_evaluated,GMMPFAUDLR-EQ,hold,hold,True,target and post-trail stop decision
4549,position_evaluated,GMMPFAUDLR-EQ,hold,hold,True,target and post-trail stop decision
4550,position_evaluated,GMMPFAUDLR-EQ,hold,hold,True,target and post-trail stop decision
4551,position_evaluated,GMMPFAUDLR-EQ,hold,hold,True,target and post-trail stop decision
4552,position_evaluated,GMMPFAUDLR-EQ,hold,hold,True,target and post-trail stop decision
4553,position_evaluated,GMMPFAUDLR-EQ,hold,hold,True,target and post-trail stop decision
4554,position_evaluated,GMMPFAUDLR-EQ,hold,hold,True,target and post-trail stop decision
4555,position_evaluated,GMMPFAUDLR-EQ,hold,hold,True,target and post-trail stop decision
4556,position_evaluated,GMMPFAUDLR-EQ,hold,hold,True,target and post-trail stop decision
4557,position_evaluated,GMMPFAUDLR-EQ,hold,hold,True,target and post-trail stop decision
4558,position_evaluated,GMMPFAUDLR-EQ,hold,hold,True,target and post-trail stop decision
4559,position_evaluated,GMMPFAUDLR-EQ,hold,hold,True,target and post-trail stop decision
4560,position_evaluated,GMMPFAUDLR-EQ,hold,hold,True,target and post-trail stop decision
4561,position_evaluated,GMMPFAUDLR-EQ,hold,hold,True,target and post-trail stop decision
4562,position_evaluated,GMMPFAUDLR-EQ,hold,hold,True,target and post-trail stop decision
4563,position_evaluated,GMMPFAUDLR-EQ,hold,hold,True,target and post-trail stop decision
4564,position_evaluated,GMMPFAUDLR-EQ,hold,hold,True,target and post-trail stop decision
4565,position_evaluated,GMMPFAUDLR-EQ,hold,hold,True,target and post-trail stop decision
4566,position_evaluated,GMMPFAUDLR-EQ,hold,hold,True,target and post-trail stop decision
4567,position_evaluated,GMMPFAUDLR-EQ,hold,hold,True,target and post-trail stop decision
4568,position_evaluated,GMMPFAUDLR-EQ,hold,hold,True,target and post-trail stop decision
4569,position_evaluated,GMMPFAUDLR-EQ,hold,hold,True,target and post-trail stop decision
4570,position_evaluated,GMMPFAUDLR-EQ,hold,hold,True,target and post-trail stop decision
4571,position_evaluated,GMMPFAUDLR-EQ,hold,hold,True,target and post-trail stop decision
4572,position_evaluated,GMMPFAUDLR-EQ,hold,hold,True,target and post-trail stop decision
4573,position_evaluated,GMMPFAUDLR-EQ,hold,hold,True,target and post-trail stop decision
4574,position_evaluated,GMMPFAUDLR-EQ,hold,hold,True,target and post-trail stop decision
4575,position_evaluated,GMMPFAUDLR-EQ,hold,hold,True,target and post-trail stop decision
4576,position_evaluated,GMMPFAUDLR-EQ,hold,hold,True,target and post-trail stop decision
4577,position_evaluated,GMMPFAUDLR-EQ,hold,hold,True,target and post-trail stop decision
4578,position_evaluated,GMMPFAUDLR-EQ,hold,hold,True,target and post-trail stop decision
4579,position_evaluated,GMMPFAUDLR-EQ,hold,hold,True,target and post-trail stop decision
4580,position_evaluated,GMMPFAUDLR-EQ,hold,hold,True,target and post-trail stop decision
4581,position_evaluated,GMMPFAUDLR-EQ,hold,hold,True,target and post-trail stop decision
4582,position_evaluated,GMMPFAUDLR-EQ,hold,hold,True,target and post-trail stop decision
4583,position_evaluated,GMMPFAUDLR-EQ,hold,hold,True,target and post-trail stop decision
4584,position_evaluated,GMMPFAUDLR-EQ,hold,hold,True,target and post-trail stop decision
4585,position_evaluated,GMMPFAUDLR-EQ,hold,hold,True,target and post-trail stop decision
4586,position_evaluated,GMMPFAUDLR-EQ,hold,hold,True,target and post-trail stop decision
4587,position_evaluated,GMMPFAUDLR-EQ,hold,hold,True,target and post-trail stop decision
4588,position_evaluated,GMMPFAUDLR-EQ,hold,hold,True,target and post-trail stop decision
4589,position_evaluated,GMMPFAUDLR-EQ,hold,hold,True,target and post-trail stop decision
4590,position_evaluated,GMMPFAUDLR-EQ,hold,hold,True,target and post-trail stop decision
4591,position_evaluated,GMMPFAUDLR-EQ,hold,hold,True,target and post-trail stop decision
4592,position_evaluated,GMMPFAUDLR-EQ,hold,hold,True,target and post-trail stop decision
4593,position_evaluated,GMMPFAUDLR-EQ,hold,hold,True,target and post-trail stop decision
4594,position_evaluated,GMMPFAUDLR-EQ,hold,hold,True,target and post-trail stop decision
4595,position_evaluated,GMMPFAUDLR-EQ,hold,hold,True,target and post-trail stop decision
4596,position_evaluated,GMMPFAUDLR-EQ,hold,hold,True,target and post-trail stop decision
4597,position_evaluated,GMMPFAUDLR-EQ,hold,hold,True,target and post-trail stop decision
4598,position_evaluated,GMMPFAUDLR-EQ,hold,hold,True,target and post-trail stop decision
4599,position_evaluated,GMMPFAUDLR-EQ,hold,hold,True,target and post-trail stop decision
4600,position_evaluated,GMMPFAUDLR-EQ,hold,hold,True,target and post-trail stop decision
4601,position_evaluated,GMMPFAUDLR-EQ,hold,hold,True,target and post-trail stop decision
4602,position_evaluated,GMMPFAUDLR-EQ,hold,hold,True,target and post-trail stop decision
4603,position_evaluated,GMMPFAUDLR-EQ,hold,hold,True,target and post-trail stop decision
4604,position_evaluated,GMMPFAUDLR-EQ,hold,hold,True,target and post-trail stop decision
4605,position_evaluated,GMMPFAUDLR-EQ,hold,hold,True,target and post-trail stop decision
4606,position_evaluated,GMMPFAUDLR-EQ,hold,hold,True,target and post-trail stop decision
4607,position_evaluated,GMMPFAUDLR-EQ,hold,hold,True,target and post-trail stop decision
4608,position_evaluated,GMMPFAUDLR-EQ,hold,hold,True,target and post-trail stop decision
4609,position_evaluated,GMMPFAUDLR-EQ,hold,hold,True,target and post-trail stop decision
4610,position_evaluated,GMMPFAUDLR-EQ,hold,hold,True,target and post-trail stop decision
4611,position_evaluated,GMMPFAUDLR-EQ,hold,hold,True,target and post-trail stop decision
4612,position_evaluated,GMMPFAUDLR-EQ,hold,hold,True,target and post-trail stop decision
4613,position_evaluated,GMMPFAUDLR-EQ,hold,hold,True,target and post-trail stop decision
4614,position_evaluated,GMMPFAUDLR-EQ,hold,hold,True,target and post-trail stop decision
4615,position_evaluated,GMMPFAUDLR-EQ,hold,hold,True,target and post-trail stop decision
4616,position_evaluated,GMMPFAUDLR-EQ,hold,hold,True,target and post-trail stop decision
4617,position_evaluated,GMMPFAUDLR-EQ,hold,hold,True,target and post-trail stop decision
4618,position_evaluated,GMMPFAUDLR-EQ,hold,hold,True,target and post-trail stop decision
4619,position_evaluated,GMMPFAUDLR-EQ,hold,hold,True,target and post-trail stop decision
4620,position_evaluated,GMMPFAUDLR-EQ,hold,hold,True,target and post-trail stop decision
4621,position_evaluated,GMMPFAUDLR-EQ,hold,hold,True,target and post-trail stop decision
4622,position_evaluated,GMMPFAUDLR-EQ,hold,hold,True,target and post-trail stop decision
4623,position_evaluated,GMMPFAUDLR-EQ,hold,hold,True,target and post-trail stop decision
4624,position_evaluated,GMMPFAUDLR-EQ,hold,hold,True,target and post-trail stop decision
4625,position_evaluated,GMMPFAUDLR-EQ,hold,hold,True,target and post-trail stop decision
4626,position_evaluated,GMMPFAUDLR-EQ,hold,hold,True,target and post-trail stop decision
4627,position_evaluated,GMMPFAUDLR-EQ,hold,hold,True,target and post-trail stop decision
4628,position_evaluated,GMMPFAUDLR-EQ,hold,hold,True,target and post-trail stop decision
4629,position_evaluated,GMMPFAUDLR-EQ,hold,hold,True,target and post-trail stop decision
4630,position_evaluated,GMMPFAUDLR-EQ,hold,hold,True,target and post-trail stop decision
4631,position_evaluated,GMMPFAUDLR-EQ,hold,hold,True,target and post-trail stop decision
4632,position_evaluated,GMMPFAUDLR-EQ,hold,hold,True,target and post-trail stop decision
4633,position_evaluated,GMMPFAUDLR-EQ,hold,hold,True,target and post-trail stop decision
4634,position_evaluated,GMMPFAUDLR-EQ,hold,hold,True,target and post-trail stop decision
4635,position_evaluated,GMMPFAUDLR-EQ,hold,hold,True,target and post-trail stop decision
4636,position_evaluated,GMMPFAUDLR-EQ,hold,hold,True,target and post-trail stop decision
4637,position_evaluated,GMMPFAUDLR-EQ,hold,hold,True,target and post-trail stop decision
4638,position_evaluated,GMMPFAUDLR-EQ,hold,hold,True,target and post-trail stop decision
4639,position_evaluated,GMMPFAUDLR-EQ,hold,hold,True,target and post-trail stop decision
4640,position_evaluated,GMMPFAUDLR-EQ,hold,hold,True,target and post-trail stop decision
4641,position_evaluated,GMMPFAUDLR-EQ,hold,hold,True,target and post-trail stop decision
4642,position_evaluated,GMMPFAUDLR-EQ,hold,hold,True,target and post-trail stop decision
4643,position_evaluated,GMMPFAUDLR-EQ,hold,hold,True,target and post-trail stop decision
4644,position_evaluated,GMMPFAUDLR-EQ,hold,hold,True,target and post-trail stop decision
4645,position_evaluated,GMMPFAUDLR-EQ,hold,hold,True,target and post-trail stop decision
4646,position_evaluated,GMMPFAUDLR-EQ,hold,hold,True,target and post-trail stop decision
4647,position_evaluated,GMMPFAUDLR-EQ,hold,hold,True,target and post-trail stop decision
4648,position_evaluated,GMMPFAUDLR-EQ,hold,hold,True,target and post-trail stop decision
4649,position_evaluated,GMMPFAUDLR-EQ,hold,hold,True,target and post-trail stop decision
4650,position_evaluated,GMMPFAUDLR-EQ,hold,hold,True,target and post-trail stop decision
4651,position_evaluated,GMMPFAUDLR-EQ,hold,hold,True,target and post-trail stop decision
4652,position_evaluated,GMMPFAUDLR-EQ,hold,hold,True,target and post-trail stop decision
4653,position_evaluated,GMMPFAUDLR-EQ,hold,hold,True,target and post-trail stop decision
4654,position_evaluated,GMMPFAUDLR-EQ,hold,hold,True,target and post-trail stop decision
4655,position_evaluated,GMMPFAUDLR-EQ,hold,hold,True,target and post-trail stop decision
4656,position_evaluated,GMMPFAUDLR-EQ,hold,hold,True,target and post-trail stop decision
4657,position_evaluated,GMMPFAUDLR-EQ,hold,hold,True,target and post-trail stop decision
4658,position_evaluated,GMMPFAUDLR-EQ,hold,hold,True,target and post-trail stop decision
4659,position_evaluated,GMMPFAUDLR-EQ,hold,hold,True,target and post-trail stop decision
4660,position_evaluated,GMMPFAUDLR-EQ,hold,hold,True,target and post-trail stop decision
4661,position_evaluated,GMMPFAUDLR-EQ,hold,hold,True,target and post-trail stop decision
4662,position_evaluated,GMMPFAUDLR-EQ,hold,hold,True,target and post-trail stop decision
4663,position_evaluated,GMMPFAUDLR-EQ,hold,hold,True,target and post-trail stop decision
4664,position_evaluated,GMMPFAUDLR-EQ,hold,hold,True,target and post-trail stop decision
4665,position_evaluated,GMMPFAUDLR-EQ,hold,hold,True,target and post-trail stop decision
4666,position_evaluated,GMMPFAUDLR-EQ,hold,hold,True,target and post-trail stop decision
4667,position_evaluated,GMMPFAUDLR-EQ,hold,hold,True,target and post-trail stop decision
4668,position_evaluated,GMMPFAUDLR-EQ,hold,hold,True,target and post-trail stop decision
4669,position_evaluated,GMMPFAUDLR-EQ,hold,hold,True,target and post-trail stop decision
4670,position_evaluated,GMMPFAUDLR-EQ,hold,hold,True,target and post-trail stop decision
4671,position_evaluated,GMMPFAUDLR-EQ,hold,hold,True,target and post-trail stop decision
4672,position_evaluated,GMMPFAUDLR-EQ,hold,hold,True,target and post-trail stop decision
4673,position_evaluated,GMMPFAUDLR-EQ,hold,hold,True,target and post-trail stop decision
4674,position_evaluated,GMMPFAUDLR-EQ,hold,hold,True,target and post-trail stop decision
4675,position_evaluated,GMMPFAUDLR-EQ,hold,hold,True,target and post-trail stop decision
4676,position_evaluated,GMMPFAUDLR-EQ,hold,hold,True,target and post-trail stop decision
4677,position_evaluated,GMMPFAUDLR-EQ,hold,hold,True,target and post-trail stop decision
4678,position_evaluated,GMMPFAUDLR-EQ,hold,hold,True,target and post-trail stop decision
4679,position_evaluated,GMMPFAUDLR-EQ,hold,hold,True,target and post-trail stop decision
4680,position_evaluated,GMMPFAUDLR-EQ,hold,hold,True,target and post-trail stop decision
4681,position_evaluated,GMMPFAUDLR-EQ,hold,hold,True,target and post-trail stop decision
4682,position_evaluated,GMMPFAUDLR-EQ,hold,hold,True,target and post-trail stop decision
4683,position_evaluated,GMMPFAUDLR-EQ,hold,hold,True,target and post-trail stop decision
4684,position_evaluated,GMMPFAUDLR-EQ,hold,hold,True,target and post-trail stop decision
4685,position_evaluated,GMMPFAUDLR-EQ,hold,hold,True,target and post-trail stop decision
4686,position_evaluated,GMMPFAUDLR-EQ,hold,hold,True,target and post-trail stop decision
4687,position_evaluated,GMMPFAUDLR-EQ,hold,hold,True,target and post-trail stop decision
4688,position_evaluated,GMMPFAUDLR-EQ,hold,hold,True,target and post-trail stop decision
4689,position_evaluated,GMMPFAUDLR-EQ,hold,hold,True,target and post-trail stop decision
4690,position_evaluated,GMMPFAUDLR-EQ,hold,hold,True,target and post-trail stop decision
4691,position_evaluated,GMMPFAUDLR-EQ,hold,hold,True,target and post-trail stop decision
4692,position_evaluated,GMMPFAUDLR-EQ,hold,hold,True,target and post-trail stop decision
4693,position_evaluated,GMMPFAUDLR-EQ,hold,hold,True,target and post-trail stop decision
4694,position_evaluated,GMMPFAUDLR-EQ,hold,hold,True,target and post-trail stop decision
4695,position_evaluated,GMMPFAUDLR-EQ,hold,hold,True,target and post-trail stop decision
4696,position_evaluated,GMMPFAUDLR-EQ,hold,hold,True,target and post-trail stop decision
4697,position_evaluated,GMMPFAUDLR-EQ,hold,hold,True,target and post-trail stop decision
4698,position_evaluated,GMMPFAUDLR-EQ,hold,hold,True,target and post-trail stop decision
4699,position_evaluated,GMMPFAUDLR-EQ,hold,hold,True,target and post-trail stop decision
4700,position_evaluated,GMMPFAUDLR-EQ,hold,hold,True,target and post-trail stop decision
4701,position_evaluated,GMMPFAUDLR-EQ,hold,hold,True,target and post-trail stop decision
4702,position_evaluated,GMMPFAUDLR-EQ,hold,hold,True,target and post-trail stop decision
4703,position_evaluated,GMMPFAUDLR-EQ,hold,hold,True,target and post-trail stop decision
4704,position_evaluated,GMMPFAUDLR-EQ,hold,hold,True,target and post-trail stop decision
4705,position_evaluated,GMMPFAUDLR-EQ,hold,hold,True,target and post-trail stop decision
4706,position_evaluated,GMMPFAUDLR-EQ,hold,hold,True,target and post-trail stop decision
4707,position_evaluated,GMMPFAUDLR-EQ,hold,hold,True,target and post-trail stop decision
4708,position_evaluated,GMMPFAUDLR-EQ,hold,hold,True,target and post-trail stop decision
4709,position_evaluated,GMMPFAUDLR-EQ,hold,hold,True,target and post-trail stop decision
4710,position_evaluated,GMMPFAUDLR-EQ,hold,hold,True,target and post-trail stop decision
4711,position_evaluated,GMMPFAUDLR-EQ,hold,hold,True,target and post-trail stop decision
4712,position_evaluated,GMMPFAUDLR-EQ,hold,hold,True,target and post-trail stop decision
4713,position_evaluated,GMMPFAUDLR-EQ,hold,hold,True,target and post-trail stop decision
4714,position_evaluated,GMMPFAUDLR-EQ,hold,hold,True,target and post-trail stop decision
4715,position_evaluated,GMMPFAUDLR-EQ,hold,hold,True,target and post-trail stop decision
4716,position_evaluated,GMMPFAUDLR-EQ,hold,hold,True,target and post-trail stop decision
4717,position_evaluated,GMMPFAUDLR-EQ,hold,hold,True,target and post-trail stop decision
4718,position_evaluated,GMMPFAUDLR-EQ,hold,hold,True,target and post-trail stop decision
4719,position_evaluated,GMMPFAUDLR-EQ,hold,hold,True,target and post-trail stop decision
4720,position_evaluated,GMMPFAUDLR-EQ,hold,hold,True,target and post-trail stop decision
4721,position_evaluated,GMMPFAUDLR-EQ,hold,hold,True,target and post-trail stop decision
4722,position_evaluated,GMMPFAUDLR-EQ,hold,hold,True,target and post-trail stop decision
4723,position_evaluated,GMMPFAUDLR-EQ,hold,hold,True,target and post-trail stop decision
4724,position_evaluated,GMMPFAUDLR-EQ,hold,hold,True,target and post-trail stop decision
4725,position_evaluated,GMMPFAUDLR-EQ,hold,hold,True,target and post-trail stop decision
4726,position_evaluated,GMMPFAUDLR-EQ,hold,hold,True,target and post-trail stop decision
4727,position_evaluated,GMMPFAUDLR-EQ,hold,hold,True,target and post-trail stop decision
4728,position_evaluated,GMMPFAUDLR-EQ,hold,hold,True,target and post-trail stop decision
4729,position_evaluated,GMMPFAUDLR-EQ,hold,hold,True,target and post-trail stop decision
4730,position_evaluated,GMMPFAUDLR-EQ,hold,hold,True,target and post-trail stop decision
4731,position_evaluated,GMMPFAUDLR-EQ,hold,hold,True,target and post-trail stop decision
4732,position_evaluated,GMMPFAUDLR-EQ,hold,hold,True,target and post-trail stop decision
4733,position_evaluated,GMMPFAUDLR-EQ,hold,hold,True,target and post-trail stop decision
4734,position_evaluated,GMMPFAUDLR-EQ,hold,hold,True,target and post-trail stop decision
4735,position_evaluated,GMMPFAUDLR-EQ,hold,hold,True,target and post-trail stop decision
4736,position_evaluated,GMMPFAUDLR-EQ,hold,hold,True,target and post-trail stop decision
4737,position_evaluated,GMMPFAUDLR-EQ,hold,hold,True,target and post-trail stop decision
4738,position_evaluated,GMMPFAUDLR-EQ,hold,hold,True,target and post-trail stop decision
4739,position_evaluated,GMMPFAUDLR-EQ,hold,hold,True,target and post-trail stop decision
4740,position_evaluated,GMMPFAUDLR-EQ,hold,hold,True,target and post-trail stop decision
4741,position_evaluated,GMMPFAUDLR-EQ,hold,hold,True,target and post-trail stop decision
4742,position_evaluated,GMMPFAUDLR-EQ,hold,hold,True,target and post-trail stop decision
4743,position_evaluated,GMMPFAUDLR-EQ,hold,hold,True,target and post-trail stop decision
4744,position_evaluated,GMMPFAUDLR-EQ,hold,hold,True,target and post-trail stop decision
4745,position_evaluated,GMMPFAUDLR-EQ,hold,hold,True,target and post-trail stop decision
4746,position_evaluated,GMMPFAUDLR-EQ,hold,hold,True,target and post-trail stop decision
4747,position_evaluated,GMMPFAUDLR-EQ,hold,hold,True,target and post-trail stop decision
4748,position_evaluated,GMMPFAUDLR-EQ,hold,hold,True,target and post-trail stop decision
4749,position_evaluated,GMMPFAUDLR-EQ,hold,hold,True,target and post-trail stop decision
4750,position_evaluated,GMMPFAUDLR-EQ,hold,hold,True,target and post-trail stop decision
4751,position_evaluated,GMMPFAUDLR-EQ,hold,hold,True,target and post-trail stop decision
4752,position_evaluated,GMMPFAUDLR-EQ,hold,hold,True,target and post-trail stop decision
4753,position_evaluated,GMMPFAUDLR-EQ,hold,hold,True,target and post-trail stop decision
4754,position_evaluated,GMMPFAUDLR-EQ,hold,hold,True,target and post-trail stop decision
4755,position_evaluated,GMMPFAUDLR-EQ,hold,hold,True,target and post-trail stop decision
4756,position_evaluated,GMMPFAUDLR-EQ,hold,hold,True,target and post-trail stop decision
4757,position_evaluated,GMMPFAUDLR-EQ,hold,hold,True,target and post-trail stop decision
4758,position_evaluated,GMMPFAUDLR-EQ,hold,hold,True,target and post-trail stop decision
4759,position_evaluated,GMMPFAUDLR-EQ,hold,hold,True,target and post-trail stop decision
4760,position_evaluated,GMMPFAUDLR-EQ,hold,hold,True,target and post-trail stop decision
4761,position_evaluated,GMMPFAUDLR-EQ,hold,hold,True,target and post-trail stop decision
4762,position_evaluated,GMMPFAUDLR-EQ,hold,hold,True,target and post-trail stop decision
4763,position_evaluated,GMMPFAUDLR-EQ,hold,hold,True,target and post-trail stop decision
4764,position_evaluated,GMMPFAUDLR-EQ,hold,hold,True,target and post-trail stop decision
4765,position_evaluated,GMMPFAUDLR-EQ,hold,hold,True,target and post-trail stop decision
4766,position_evaluated,GMMPFAUDLR-EQ,hold,hold,True,target and post-trail stop decision
4767,position_evaluated,GMMPFAUDLR-EQ,hold,hold,True,target and post-trail stop decision
4768,position_evaluated,GMMPFAUDLR-EQ,hold,hold,True,target and post-trail stop decision
4769,position_evaluated,GMMPFAUDLR-EQ,hold,hold,True,target and post-trail stop decision
4770,position_evaluated,GMMPFAUDLR-EQ,hold,hold,True,target and post-trail stop decision
4771,position_evaluated,GMMPFAUDLR-EQ,hold,hold,True,target and post-trail stop decision
4772,position_evaluated,GMMPFAUDLR-EQ,hold,hold,True,target and post-trail stop decision
4773,position_evaluated,GMMPFAUDLR-EQ,hold,hold,True,target and post-trail stop decision
4774,position_evaluated,GMMPFAUDLR-EQ,hold,hold,True,target and post-trail stop decision
4775,position_evaluated,GMMPFAUDLR-EQ,hold,hold,True,target and post-trail stop decision
4776,position_evaluated,GMMPFAUDLR-EQ,hold,hold,True,target and post-trail stop decision
4777,position_evaluated,GMMPFAUDLR-EQ,hold,hold,True,target and post-trail stop decision
4778,position_evaluated,GMMPFAUDLR-EQ,hold,hold,True,target and post-trail stop decision
4779,position_evaluated,GMMPFAUDLR-EQ,hold,hold,True,target and post-trail stop decision
4780,position_evaluated,GMMPFAUDLR-EQ,hold,hold,True,target and post-trail stop decision
4781,position_evaluated,GMMPFAUDLR-EQ,hold,hold,True,target and post-trail stop decision
4782,position_evaluated,GMMPFAUDLR-EQ,hold,hold,True,target and post-trail stop decision
4783,position_evaluated,GMMPFAUDLR-EQ,hold,hold,True,target and post-trail stop decision
4784,position_evaluated,GMMPFAUDLR-EQ,hold,hold,True,target and post-trail stop decision
4785,position_evaluated,GMMPFAUDLR-EQ,hold,hold,True,target and post-trail stop decision
4786,position_evaluated,GMMPFAUDLR-EQ,hold,hold,True,target and post-trail stop decision
4787,position_evaluated,GMMPFAUDLR-EQ,hold,hold,True,target and post-trail stop decision
4788,position_evaluated,GMMPFAUDLR-EQ,hold,hold,True,target and post-trail stop decision
4789,position_evaluated,GMMPFAUDLR-EQ,hold,hold,True,target and post-trail stop decision
4790,position_evaluated,GMMPFAUDLR-EQ,hold,hold,True,target and post-trail stop decision
4791,position_evaluated,GMMPFAUDLR-EQ,hold,hold,True,target and post-trail stop decision
4792,position_evaluated,GMMPFAUDLR-EQ,hold,hold,True,target and post-trail stop decision
4793,position_evaluated,GMMPFAUDLR-EQ,hold,hold,True,target and post-trail stop decision
4794,position_evaluated,GMMPFAUDLR-EQ,hold,hold,True,target and post-trail stop decision
4795,position_evaluated,GMMPFAUDLR-EQ,hold,hold,True,target and post-trail stop decision
4796,position_evaluated,GMMPFAUDLR-EQ,hold,hold,True,target and post-trail stop decision
4797,position_evaluated,GMMPFAUDLR-EQ,hold,hold,True,target and post-trail stop decision
4798,position_evaluated,GMMPFAUDLR-EQ,hold,hold,True,target and post-trail stop decision
4799,position_evaluated,GMMPFAUDLR-EQ,hold,hold,True,target and post-trail stop decision
4800,position_evaluated,GMMPFAUDLR-EQ,hold,hold,True,target and post-trail stop decision
4801,position_evaluated,GMMPFAUDLR-EQ,hold,hold,True,target and post-trail stop decision
4802,position_evaluated,GMMPFAUDLR-EQ,hold,hold,True,target and post-trail stop decision
4803,position_evaluated,GMMPFAUDLR-EQ,hold,hold,True,target and post-trail stop decision
4804,position_evaluated,GMMPFAUDLR-EQ,hold,hold,True,target and post-trail stop decision
4805,position_evaluated,GMMPFAUDLR-EQ,hold,hold,True,target and post-trail stop decision
4806,position_evaluated,GMMPFAUDLR-EQ,hold,hold,True,target and post-trail stop decision
4807,position_evaluated,GMMPFAUDLR-EQ,hold,hold,True,target and post-trail stop decision
4808,position_evaluated,GMMPFAUDLR-EQ,hold,hold,True,target and post-trail stop decision
4809,position_evaluated,GMMPFAUDLR-EQ,hold,hold,True,target and post-trail stop decision
4810,position_evaluated,GMMPFAUDLR-EQ,hold,hold,True,target and post-trail stop decision
4811,position_evaluated,GMMPFAUDLR-EQ,hold,hold,True,target and post-trail stop decision
4812,position_evaluated,GMMPFAUDLR-EQ,hold,hold,True,target and post-trail stop decision
4813,position_evaluated,GMMPFAUDLR-EQ,hold,hold,True,target and post-trail stop decision
4814,position_evaluated,GMMPFAUDLR-EQ,hold,hold,True,target and post-trail stop decision
4815,position_evaluated,GMMPFAUDLR-EQ,hold,hold,True,target and post-trail stop decision
4816,position_evaluated,GMMPFAUDLR-EQ,hold,hold,True,target and post-trail stop decision
4817,position_evaluated,GMMPFAUDLR-EQ,hold,hold,True,target and post-trail stop decision
4818,position_evaluated,GMMPFAUDLR-EQ,hold,hold,True,target and post-trail stop decision
4819,position_evaluated,GMMPFAUDLR-EQ,hold,hold,True,target and post-trail stop decision
4820,position_evaluated,GMMPFAUDLR-EQ,hold,hold,True,target and post-trail stop decision
4821,position_evaluated,GMMPFAUDLR-EQ,hold,hold,True,target and post-trail stop decision
4822,position_evaluated,GMMPFAUDLR-EQ,hold,hold,True,target and post-trail stop decision
4823,position_evaluated,GMMPFAUDLR-EQ,hold,hold,True,target and post-trail stop decision
4824,position_evaluated,GMMPFAUDLR-EQ,hold,hold,True,target and post-trail stop decision
4825,position_evaluated,GMMPFAUDLR-EQ,hold,hold,True,target and post-trail stop decision
4826,position_evaluated,GMMPFAUDLR-EQ,hold,hold,True,target and post-trail stop decision
4827,position_evaluated,GMMPFAUDLR-EQ,hold,hold,True,target and post-trail stop decision
4828,position_evaluated,GMMPFAUDLR-EQ,hold,hold,True,target and post-trail stop decision
4829,position_evaluated,GMMPFAUDLR-EQ,hold,hold,True,target and post-trail stop decision
4830,position_evaluated,GMMPFAUDLR-EQ,hold,hold,True,target and post-trail stop decision
4831,position_evaluated,GMMPFAUDLR-EQ,hold,hold,True,target and post-trail stop decision
4832,position_evaluated,GMMPFAUDLR-EQ,hold,hold,True,target and post-trail stop decision
4833,position_evaluated,GMMPFAUDLR-EQ,hold,hold,True,target and post-trail stop decision
4834,position_evaluated,GMMPFAUDLR-EQ,hold,hold,True,target and post-trail stop decision
4835,position_evaluated,GMMPFAUDLR-EQ,hold,hold,True,target and post-trail stop decision
4836,position_evaluated,GMMPFAUDLR-EQ,hold,hold,True,target and post-trail stop decision
4837,position_evaluated,GMMPFAUDLR-EQ,hold,hold,True,target and post-trail stop decision
4838,position_evaluated,GMMPFAUDLR-EQ,hold,hold,True,target and post-trail stop decision
4839,position_evaluated,GMMPFAUDLR-EQ,hold,hold,True,target and post-trail stop decision
4840,position_evaluated,GMMPFAUDLR-EQ,hold,hold,True,target and post-trail stop decision
4841,position_evaluated,GMMPFAUDLR-EQ,hold,hold,True,target and post-trail stop decision
4842,position_evaluated,GMMPFAUDLR-EQ,hold,hold,True,target and post-trail stop decision
4843,position_evaluated,GMMPFAUDLR-EQ,hold,hold,True,target and post-trail stop decision
4844,position_evaluated,GMMPFAUDLR-EQ,hold,hold,True,target and post-trail stop decision
4845,position_evaluated,GMMPFAUDLR-EQ,hold,hold,True,target and post-trail stop decision
4846,position_evaluated,GMMPFAUDLR-EQ,hold,hold,True,target and post-trail stop decision
4847,position_evaluated,GMMPFAUDLR-EQ,hold,hold,True,target and post-trail stop decision
4848,position_evaluated,GMMPFAUDLR-EQ,hold,hold,True,target and post-trail stop decision
4849,position_evaluated,GMMPFAUDLR-EQ,hold,hold,True,target and post-trail stop decision
4850,position_evaluated,GMMPFAUDLR-EQ,hold,hold,True,target and post-trail stop decision
4851,position_evaluated,GMMPFAUDLR-EQ,hold,hold,True,target and post-trail stop decision
4852,position_evaluated,GMMPFAUDLR-EQ,hold,hold,True,target and post-trail stop decision
4853,position_evaluated,GMMPFAUDLR-EQ,hold,hold,True,target and post-trail stop decision
4854,position_evaluated,GMMPFAUDLR-EQ,hold,hold,True,target and post-trail stop decision
4855,position_evaluated,GMMPFAUDLR-EQ,hold,hold,True,target and post-trail stop decision
4856,position_evaluated,GMMPFAUDLR-EQ,hold,hold,True,target and post-trail stop decision
4857,position_evaluated,GMMPFAUDLR-EQ,hold,hold,True,target and post-trail stop decision
4858,position_evaluated,GMMPFAUDLR-EQ,hold,hold,True,target and post-trail stop decision
4859,position_evaluated,GMMPFAUDLR-EQ,hold,hold,True,target and post-trail stop decision
4860,position_evaluated,GMMPFAUDLR-EQ,hold,hold,True,target and post-trail stop decision
4861,position_evaluated,GMMPFAUDLR-EQ,hold,hold,True,target and post-trail stop decision
4862,position_evaluated,GMMPFAUDLR-EQ,hold,hold,True,target and post-trail stop decision
4863,position_evaluated,GMMPFAUDLR-EQ,hold,hold,True,target and post-trail stop decision
4864,position_evaluated,GMMPFAUDLR-EQ,hold,hold,True,target and post-trail stop decision
4865,position_evaluated,GMMPFAUDLR-EQ,hold,hold,True,target and post-trail stop decision
4866,position_evaluated,GMMPFAUDLR-EQ,hold,hold,True,target and post-trail stop decision
4867,position_evaluated,GMMPFAUDLR-EQ,hold,hold,True,target and post-trail stop decision
4868,position_evaluated,GMMPFAUDLR-EQ,hold,hold,True,target and post-trail stop decision
4869,position_evaluated,GMMPFAUDLR-EQ,hold,hold,True,target and post-trail stop decision
4870,position_evaluated,GMMPFAUDLR-EQ,hold,hold,True,target and post-trail stop decision
4871,position_evaluated,GMMPFAUDLR-EQ,hold,hold,True,target and post-trail stop decision
4872,position_evaluated,GMMPFAUDLR-EQ,hold,hold,True,target and post-trail stop decision
4873,position_evaluated,GMMPFAUDLR-EQ,hold,hold,True,target and post-trail stop decision
4874,position_evaluated,GMMPFAUDLR-EQ,hold,hold,True,target and post-trail stop decision
4875,position_evaluated,GMMPFAUDLR-EQ,hold,hold,True,target and post-trail stop decision
4876,position_evaluated,GMMPFAUDLR-EQ,hold,hold,True,target and post-trail stop decision
4877,position_evaluated,GMMPFAUDLR-EQ,hold,hold,True,target and post-trail stop decision
4878,position_evaluated,GMMPFAUDLR-EQ,hold,hold,True,target and post-trail stop decision
4879,position_evaluated,GMMPFAUDLR-EQ,hold,hold,True,target and post-trail stop decision
4880,position_evaluated,GMMPFAUDLR-EQ,hold,hold,True,target and post-trail stop decision
4881,position_evaluated,GMMPFAUDLR-EQ,hold,hold,True,target and post-trail stop decision
4882,position_evaluated,GMMPFAUDLR-EQ,hold,hold,True,target and post-trail stop decision
4883,position_evaluated,GMMPFAUDLR-EQ,hold,hold,True,target and post-trail stop decision
4884,position_evaluated,GMMPFAUDLR-EQ,hold,hold,True,target and post-trail stop decision
4885,position_evaluated,GMMPFAUDLR-EQ,hold,hold,True,target and post-trail stop decision
4886,position_evaluated,GMMPFAUDLR-EQ,hold,hold,True,target and post-trail stop decision
4887,position_evaluated,GMMPFAUDLR-EQ,hold,hold,True,target and post-trail stop decision
4888,position_evaluated,GMMPFAUDLR-EQ,hold,hold,True,target and post-trail stop decision
4889,position_evaluated,GMMPFAUDLR-EQ,hold,hold,True,target and post-trail stop decision
4890,position_evaluated,GMMPFAUDLR-EQ,hold,hold,True,target and post-trail stop decision
4891,position_evaluated,GMMPFAUDLR-EQ,hold,hold,True,target and post-trail stop decision
4892,position_evaluated,GMMPFAUDLR-EQ,hold,hold,True,target and post-trail stop decision
4893,position_evaluated,GMMPFAUDLR-EQ,hold,hold,True,target and post-trail stop decision
4894,position_evaluated,GMMPFAUDLR-EQ,hold,hold,True,target and post-trail stop decision
4895,position_evaluated,GMMPFAUDLR-EQ,hold,hold,True,target and post-trail stop decision
4896,position_evaluated,GMMPFAUDLR-EQ,hold,hold,True,target and post-trail stop decision
4897,position_evaluated,GMMPFAUDLR-EQ,hold,hold,True,target and post-trail stop decision
4898,position_evaluated,GMMPFAUDLR-EQ,hold,hold,True,target and post-trail stop decision
4899,position_evaluated,GMMPFAUDLR-EQ,hold,hold,True,target and post-trail stop decision
4900,position_evaluated,GMMPFAUDLR-EQ,hold,hold,True,target and post-trail stop decision
4901,position_evaluated,GMMPFAUDLR-EQ,hold,hold,True,target and post-trail stop decision
4902,position_evaluated,GMMPFAUDLR-EQ,hold,hold,True,target and post-trail stop decision
4903,position_evaluated,GMMPFAUDLR-EQ,hold,hold,True,target and post-trail stop decision
4904,position_evaluated,GMMPFAUDLR-EQ,hold,hold,True,target and post-trail stop decision
4905,position_evaluated,GMMPFAUDLR-EQ,hold,hold,True,target and post-trail stop decision
4906,position_evaluated,GMMPFAUDLR-EQ,hold,hold,True,target and post-trail stop decision
4907,position_evaluated,GMMPFAUDLR-EQ,hold,hold,True,target and post-trail stop decision
4908,position_evaluated,GMMPFAUDLR-EQ,hold,hold,True,target and post-trail stop decision
4909,position_evaluated,GMMPFAUDLR-EQ,hold,hold,True,target and post-trail stop decision
4910,position_evaluated,GMMPFAUDLR-EQ,hold,hold,True,target and post-trail stop decision
4911,position_evaluated,GMMPFAUDLR-EQ,hold,hold,True,target and post-trail stop decision
4912,position_evaluated,GMMPFAUDLR-EQ,hold,hold,True,target and post-trail stop decision
4913,position_evaluated,GMMPFAUDLR-EQ,hold,hold,True,target and post-trail stop decision
4914,position_evaluated,GMMPFAUDLR-EQ,hold,hold,True,target and post-trail stop decision
4915,position_evaluated,GMMPFAUDLR-EQ,hold,hold,True,target and post-trail stop decision
4916,position_evaluated,GMMPFAUDLR-EQ,hold,hold,True,target and post-trail stop decision
4917,position_evaluated,GMMPFAUDLR-EQ,hold,hold,True,target and post-trail stop decision
4918,position_evaluated,GMMPFAUDLR-EQ,hold,hold,True,target and post-trail stop decision
4919,position_evaluated,GMMPFAUDLR-EQ,hold,hold,True,target and post-trail stop decision
4920,position_evaluated,GMMPFAUDLR-EQ,hold,hold,True,target and post-trail stop decision
4921,position_evaluated,GMMPFAUDLR-EQ,hold,hold,True,target and post-trail stop decision
4922,position_evaluated,GMMPFAUDLR-EQ,hold,hold,True,target and post-trail stop decision
4923,position_evaluated,GMMPFAUDLR-EQ,hold,hold,True,target and post-trail stop decision
4924,position_evaluated,GMMPFAUDLR-EQ,hold,hold,True,target and post-trail stop decision
4925,position_evaluated,GMMPFAUDLR-EQ,hold,hold,True,target and post-trail stop decision
4926,position_evaluated,GMMPFAUDLR-EQ,hold,hold,True,target and post-trail stop decision
4927,position_evaluated,GMMPFAUDLR-EQ,hold,hold,True,target and post-trail stop decision
4928,position_evaluated,GMMPFAUDLR-EQ,hold,hold,True,target and post-trail stop decision
4929,position_evaluated,GMMPFAUDLR-EQ,hold,hold,True,target and post-trail stop decision
4930,position_evaluated,GMMPFAUDLR-EQ,hold,hold,True,target and post-trail stop decision
4931,position_evaluated,GMMPFAUDLR-EQ,hold,hold,True,target and post-trail stop decision
4932,position_evaluated,GMMPFAUDLR-EQ,hold,hold,True,target and post-trail stop decision
4933,position_evaluated,GMMPFAUDLR-EQ,hold,hold,True,target and post-trail stop decision
4934,position_evaluated,GMMPFAUDLR-EQ,hold,hold,True,target and post-trail stop decision
4935,position_evaluated,GMMPFAUDLR-EQ,hold,hold,True,target and post-trail stop decision
4936,position_evaluated,GMMPFAUDLR-EQ,hold,hold,True,target and post-trail stop decision
4937,position_evaluated,GMMPFAUDLR-EQ,hold,hold,True,target and post-trail stop decision
4938,position_evaluated,GMMPFAUDLR-EQ,hold,hold,True,target and post-trail stop decision
4939,position_evaluated,GMMPFAUDLR-EQ,hold,hold,True,target and post-trail stop decision
4940,position_evaluated,GMMPFAUDLR-EQ,hold,hold,True,target and post-trail stop decision
4941,position_evaluated,GMMPFAUDLR-EQ,hold,hold,True,target and post-trail stop decision
4942,position_evaluated,GMMPFAUDLR-EQ,hold,hold,True,target and post-trail stop decision
4943,position_evaluated,GMMPFAUDLR-EQ,hold,hold,True,target and post-trail stop decision
4944,position_evaluated,GMMPFAUDLR-EQ,hold,hold,True,target and post-trail stop decision
4945,position_evaluated,GMMPFAUDLR-EQ,hold,hold,True,target and post-trail stop decision
4946,position_evaluated,GMMPFAUDLR-EQ,hold,hold,True,target and post-trail stop decision
4947,position_evaluated,GMMPFAUDLR-EQ,hold,hold,True,target and post-trail stop decision
4948,position_evaluated,GMMPFAUDLR-EQ,hold,hold,True,target and post-trail stop decision
4949,position_evaluated,GMMPFAUDLR-EQ,hold,hold,True,target and post-trail stop decision
4950,position_evaluated,GMMPFAUDLR-EQ,hold,hold,True,target and post-trail stop decision
4951,position_evaluated,GMMPFAUDLR-EQ,hold,hold,True,target and post-trail stop decision
4952,position_evaluated,GMMPFAUDLR-EQ,hold,hold,True,target and post-trail stop decision
4953,position_evaluated,GMMPFAUDLR-EQ,hold,hold,True,target and post-trail stop decision
4954,position_evaluated,GMMPFAUDLR-EQ,hold,hold,True,target and post-trail stop decision
4955,position_evaluated,GMMPFAUDLR-EQ,hold,hold,True,target and post-trail stop decision
4956,position_evaluated,GMMPFAUDLR-EQ,hold,hold,True,target and post-trail stop decision
4957,position_evaluated,GMMPFAUDLR-EQ,hold,hold,True,target and post-trail stop decision
4958,position_evaluated,GMMPFAUDLR-EQ,hold,hold,True,target and post-trail stop decision
4959,position_evaluated,GMMPFAUDLR-EQ,hold,hold,True,target and post-trail stop decision
4960,position_evaluated,GMMPFAUDLR-EQ,hold,hold,True,target and post-trail stop decision
4961,position_evaluated,GMMPFAUDLR-EQ,hold,hold,True,target and post-trail stop decision
4962,position_evaluated,GMMPFAUDLR-EQ,hold,hold,True,target and post-trail stop decision
4963,position_evaluated,GMMPFAUDLR-EQ,hold,hold,True,target and post-trail stop decision
4964,position_evaluated,GMMPFAUDLR-EQ,hold,hold,True,target and post-trail stop decision
4965,position_evaluated,GMMPFAUDLR-EQ,hold,hold,True,target and post-trail stop decision
4966,position_evaluated,GMMPFAUDLR-EQ,hold,hold,True,target and post-trail stop decision
4967,position_evaluated,GMMPFAUDLR-EQ,hold,hold,True,target and post-trail stop decision
4968,position_evaluated,GMMPFAUDLR-EQ,hold,hold,True,target and post-trail stop decision
4969,position_evaluated,GMMPFAUDLR-EQ,hold,hold,True,target and post-trail stop decision
4970,position_evaluated,GMMPFAUDLR-EQ,hold,hold,True,target and post-trail stop decision
4971,position_evaluated,GMMPFAUDLR-EQ,hold,hold,True,target and post-trail stop decision
4972,position_evaluated,GMMPFAUDLR-EQ,hold,hold,True,target and post-trail stop decision
4973,position_evaluated,GMMPFAUDLR-EQ,hold,hold,True,target and post-trail stop decision
4974,position_evaluated,GMMPFAUDLR-EQ,hold,hold,True,target and post-trail stop decision
4975,position_evaluated,GMMPFAUDLR-EQ,hold,hold,True,target and post-trail stop decision
4976,position_evaluated,GMMPFAUDLR-EQ,hold,hold,True,target and post-trail stop decision
4977,position_evaluated,GMMPFAUDLR-EQ,hold,hold,True,target and post-trail stop decision
4978,position_evaluated,GMMPFAUDLR-EQ,hold,hold,True,target and post-trail stop decision
4979,position_evaluated,GMMPFAUDLR-EQ,hold,hold,True,target and post-trail stop decision
4980,position_evaluated,GMMPFAUDLR-EQ,hold,hold,True,target and post-trail stop decision
4981,position_evaluated,GMMPFAUDLR-EQ,hold,hold,True,target and post-trail stop decision
4982,position_evaluated,GMMPFAUDLR-EQ,hold,hold,True,target and post-trail stop decision
4983,position_evaluated,GMMPFAUDLR-EQ,hold,hold,True,target and post-trail stop decision
4984,position_evaluated,GMMPFAUDLR-EQ,hold,hold,True,target and post-trail stop decision
4985,position_evaluated,GMMPFAUDLR-EQ,hold,hold,True,target and post-trail stop decision
4986,position_evaluated,GMMPFAUDLR-EQ,hold,hold,True,target and post-trail stop decision
4987,position_evaluated,GMMPFAUDLR-EQ,hold,hold,True,target and post-trail stop decision
4988,position_evaluated,GMMPFAUDLR-EQ,hold,hold,True,target and post-trail stop decision
4989,position_evaluated,GMMPFAUDLR-EQ,hold,hold,True,target and post-trail stop decision
4990,position_evaluated,GMMPFAUDLR-EQ,hold,hold,True,target and post-trail stop decision
4991,position_evaluated,GMMPFAUDLR-EQ,hold,hold,True,target and post-trail stop decision
4992,position_evaluated,GMMPFAUDLR-EQ,hold,hold,True,target and post-trail stop decision
4993,position_evaluated,GMMPFAUDLR-EQ,hold,hold,True,target and post-trail stop decision
4994,position_evaluated,GMMPFAUDLR-EQ,hold,hold,True,target and post-trail stop decision
4995,position_evaluated,GMMPFAUDLR-EQ,hold,hold,True,target and post-trail stop decision
4996,position_evaluated,GMMPFAUDLR-EQ,hold,hold,True,target and post-trail stop decision
4997,position_evaluated,GMMPFAUDLR-EQ,hold,hold,True,target and post-trail stop decision
4998,position_evaluated,GMMPFAUDLR-EQ,hold,hold,True,target and post-trail stop decision
4999,position_evaluated,GMMPFAUDLR-EQ,hold,hold,True,target and post-trail stop decision
5000,position_evaluated,GMMPFAUDLR-EQ,hold,hold,True,target and post-trail stop decision
5001,position_evaluated,GMMPFAUDLR-EQ,hold,hold,True,target and post-trail stop decision
5002,position_evaluated,GMMPFAUDLR-EQ,hold,hold,True,target and post-trail stop decision
5003,position_evaluated,GMMPFAUDLR-EQ,hold,hold,True,target and post-trail stop decision
5004,position_evaluated,GMMPFAUDLR-EQ,hold,hold,True,target and post-trail stop decision
5005,position_evaluated,GMMPFAUDLR-EQ,hold,hold,True,target and post-trail stop decision
5006,position_evaluated,GMMPFAUDLR-EQ,hold,hold,True,target and post-trail stop decision
5007,position_evaluated,GMMPFAUDLR-EQ,hold,hold,True,target and post-trail stop decision
5008,position_evaluated,GMMPFAUDLR-EQ,hold,hold,True,target and post-trail stop decision
5009,position_evaluated,GMMPFAUDLR-EQ,hold,hold,True,target and post-trail stop decision
5010,position_evaluated,GMMPFAUDLR-EQ,hold,hold,True,target and post-trail stop decision
5011,position_evaluated,GMMPFAUDLR-EQ,hold,hold,True,target and post-trail stop decision
5012,position_evaluated,GMMPFAUDLR-EQ,hold,hold,True,target and post-trail stop decision
5013,position_evaluated,GMMPFAUDLR-EQ,hold,hold,True,target and post-trail stop decision
5014,position_evaluated,GMMPFAUDLR-EQ,hold,hold,True,target and post-trail stop decision
5015,position_evaluated,GMMPFAUDLR-EQ,hold,hold,True,target and post-trail stop decision
5016,position_evaluated,GMMPFAUDLR-EQ,hold,hold,True,target and post-trail stop decision
5017,position_evaluated,GMMPFAUDLR-EQ,hold,hold,True,target and post-trail stop decision
5018,position_evaluated,GMMPFAUDLR-EQ,hold,hold,True,target and post-trail stop decision
5019,position_evaluated,GMMPFAUDLR-EQ,hold,hold,True,target and post-trail stop decision
5020,position_evaluated,GMMPFAUDLR-EQ,hold,hold,True,target and post-trail stop decision
5021,position_evaluated,GMMPFAUDLR-EQ,hold,hold,True,target and post-trail stop decision
5022,position_evaluated,GMMPFAUDLR-EQ,hold,hold,True,target and post-trail stop decision
5023,position_evaluated,GMMPFAUDLR-EQ,hold,hold,True,target and post-trail stop decision
5024,position_evaluated,GMMPFAUDLR-EQ,hold,hold,True,target and post-trail stop decision
5025,position_evaluated,GMMPFAUDLR-EQ,hold,hold,True,target and post-trail stop decision
5026,position_evaluated,GMMPFAUDLR-EQ,hold,hold,True,target and post-trail stop decision
5027,position_evaluated,GMMPFAUDLR-EQ,hold,hold,True,target and post-trail stop decision
5028,position_evaluated,GMMPFAUDLR-EQ,hold,hold,True,target and post-trail stop decision
5029,position_evaluated,GMMPFAUDLR-EQ,hold,hold,True,target and post-trail stop decision
5030,position_evaluated,GMMPFAUDLR-EQ,hold,hold,True,target and post-trail stop decision
5032,position_evaluated,GMMPFAUDLR-EQ,hold,hold,True,target and post-trail stop decision
5034,position_evaluated,GMMPFAUDLR-EQ,hold,hold,True,target and post-trail stop decision
5035,position_evaluated,GMMPFAUDLR-EQ,hold,hold,True,target and post-trail stop decision
5037,position_evaluated,GMMPFAUDLR-EQ,hold,hold,True,target and post-trail stop decision
5038,position_evaluated,GMMPFAUDLR-EQ,hold,hold,True,target and post-trail stop decision
5039,position_evaluated,GMMPFAUDLR-EQ,hold,hold,True,target and post-trail stop decision
5040,position_evaluated,GMMPFAUDLR-EQ,hold,hold,True,target and post-trail stop decision
5041,position_evaluated,GMMPFAUDLR-EQ,hold,hold,True,target and post-trail stop decision
5043,position_evaluated,GMMPFAUDLR-EQ,hold,hold,True,target and post-trail stop decision
5045,position_evaluated,GMMPFAUDLR-EQ,hold,hold,True,target and post-trail stop decision
5046,position_evaluated,GMMPFAUDLR-EQ,hold,hold,True,target and post-trail stop decision
5047,position_evaluated,GMMPFAUDLR-EQ,hold,hold,True,target and post-trail stop decision
5048,position_evaluated,GMMPFAUDLR-EQ,hold,hold,True,target and post-trail stop decision
5049,position_evaluated,GMMPFAUDLR-EQ,hold,hold,True,target and post-trail stop decision
5050,position_evaluated,GMMPFAUDLR-EQ,hold,hold,True,target and post-trail stop decision
5051,position_evaluated,GMMPFAUDLR-EQ,hold,hold,True,target and post-trail stop decision
5052,position_evaluated,GMMPFAUDLR-EQ,hold,hold,True,target and post-trail stop decision
5053,position_evaluated,GMMPFAUDLR-EQ,hold,hold,True,target and post-trail stop decision
5054,position_evaluated,GMMPFAUDLR-EQ,hold,hold,True,target and post-trail stop decision
5055,position_evaluated,GMMPFAUDLR-EQ,hold,hold,True,target and post-trail stop decision
5056,position_evaluated,GMMPFAUDLR-EQ,hold,hold,True,target and post-trail stop decision
5057,position_evaluated,GMMPFAUDLR-EQ,hold,hold,True,target and post-trail stop decision
5058,position_evaluated,GMMPFAUDLR-EQ,hold,hold,True,target and post-trail stop decision
5059,position_evaluated,GMMPFAUDLR-EQ,hold,hold,True,target and post-trail stop decision
5060,position_evaluated,GMMPFAUDLR-EQ,hold,hold,True,target and post-trail stop decision
5061,position_evaluated,GMMPFAUDLR-EQ,hold,hold,True,target and post-trail stop decision
5062,position_evaluated,GMMPFAUDLR-EQ,hold,hold,True,target and post-trail stop decision
5063,position_evaluated,GMMPFAUDLR-EQ,hold,hold,True,target and post-trail stop decision
5064,position_evaluated,GMMPFAUDLR-EQ,hold,hold,True,target and post-trail stop decision
5065,position_evaluated,GMMPFAUDLR-EQ,hold,hold,True,target and post-trail stop decision
5066,position_evaluated,GMMPFAUDLR-EQ,hold,hold,True,target and post-trail stop decision
5067,position_evaluated,GMMPFAUDLR-EQ,hold,hold,True,target and post-trail stop decision
5068,position_evaluated,GMMPFAUDLR-EQ,hold,hold,True,target and post-trail stop decision
5069,position_evaluated,GMMPFAUDLR-EQ,hold,hold,True,target and post-trail stop decision
5070,position_evaluated,GMMPFAUDLR-EQ,hold,hold,True,target and post-trail stop decision
5071,position_evaluated,GMMPFAUDLR-EQ,hold,hold,True,target and post-trail stop decision
5072,position_evaluated,GMMPFAUDLR-EQ,hold,hold,True,target and post-trail stop decision
5073,position_evaluated,GMMPFAUDLR-EQ,hold,hold,True,target and post-trail stop decision
5074,position_evaluated,GMMPFAUDLR-EQ,hold,hold,True,target and post-trail stop decision
5075,position_evaluated,GMMPFAUDLR-EQ,hold,hold,True,target and post-trail stop decision
5076,position_evaluated,GMMPFAUDLR-EQ,hold,hold,True,target and post-trail stop decision
5077,position_evaluated,GMMPFAUDLR-EQ,hold,hold,True,target and post-trail stop decision
5078,position_evaluated,GMMPFAUDLR-EQ,hold,hold,True,target and post-trail stop decision
5079,position_evaluated,GMMPFAUDLR-EQ,hold,hold,True,target and post-trail stop decision
5080,position_evaluated,GMMPFAUDLR-EQ,hold,hold,True,target and post-trail stop decision
5081,position_evaluated,GMMPFAUDLR-EQ,hold,hold,True,target and post-trail stop decision
5082,position_evaluated,GMMPFAUDLR-EQ,hold,hold,True,target and post-trail stop decision
5083,position_evaluated,GMMPFAUDLR-EQ,hold,hold,True,target and post-trail stop decision
5084,position_evaluated,GMMPFAUDLR-EQ,hold,hold,True,target and post-trail stop decision
5085,position_evaluated,GMMPFAUDLR-EQ,hold,hold,True,target and post-trail stop decision
5086,position_evaluated,GMMPFAUDLR-EQ,hold,hold,True,target and post-trail stop decision
5087,position_evaluated,GMMPFAUDLR-EQ,hold,hold,True,target and post-trail stop decision
5088,position_evaluated,GMMPFAUDLR-EQ,hold,hold,True,target and post-trail stop decision
5089,position_evaluated,GMMPFAUDLR-EQ,hold,hold,True,target and post-trail stop decision
5090,position_evaluated,GMMPFAUDLR-EQ,hold,hold,True,target and post-trail stop decision
5091,position_evaluated,GMMPFAUDLR-EQ,hold,hold,True,target and post-trail stop decision
5092,position_evaluated,GMMPFAUDLR-EQ,hold,hold,True,target and post-trail stop decision
5093,position_evaluated,GMMPFAUDLR-EQ,hold,hold,True,target and post-trail stop decision
5094,position_evaluated,GMMPFAUDLR-EQ,hold,hold,True,target and post-trail stop decision
5095,position_evaluated,GMMPFAUDLR-EQ,hold,hold,True,target and post-trail stop decision
5096,position_evaluated,GMMPFAUDLR-EQ,hold,hold,True,target and post-trail stop decision
5097,position_evaluated,GMMPFAUDLR-EQ,hold,hold,True,target and post-trail stop decision
5098,position_evaluated,GMMPFAUDLR-EQ,hold,hold,True,target and post-trail stop decision
5099,position_evaluated,GMMPFAUDLR-EQ,hold,hold,True,target and post-trail stop decision
5100,position_evaluated,GMMPFAUDLR-EQ,hold,hold,True,target and post-trail stop decision
5101,position_evaluated,GMMPFAUDLR-EQ,hold,hold,True,target and post-trail stop decision
5102,position_evaluated,GMMPFAUDLR-EQ,hold,hold,True,target and post-trail stop decision
5103,position_evaluated,GMMPFAUDLR-EQ,hold,hold,True,target and post-trail stop decision
5104,position_evaluated,GMMPFAUDLR-EQ,hold,hold,True,target and post-trail stop decision
5105,position_evaluated,GMMPFAUDLR-EQ,hold,hold,True,target and post-trail stop decision
5106,position_evaluated,GMMPFAUDLR-EQ,hold,hold,True,target and post-trail stop decision
5107,position_evaluated,GMMPFAUDLR-EQ,hold,hold,True,target and post-trail stop decision
5108,position_evaluated,GMMPFAUDLR-EQ,hold,hold,True,target and post-trail stop decision
5109,position_evaluated,GMMPFAUDLR-EQ,hold,hold,True,target and post-trail stop decision
5110,position_evaluated,GMMPFAUDLR-EQ,hold,hold,True,target and post-trail stop decision
5111,position_evaluated,GMMPFAUDLR-EQ,hold,hold,True,target and post-trail stop decision
5112,position_evaluated,GMMPFAUDLR-EQ,hold,hold,True,target and post-trail stop decision
5113,position_evaluated,GMMPFAUDLR-EQ,hold,hold,True,target and post-trail stop decision
5114,position_evaluated,GMMPFAUDLR-EQ,hold,hold,True,target and post-trail stop decision
5115,position_evaluated,GMMPFAUDLR-EQ,hold,hold,True,target and post-trail stop decision
5116,position_evaluated,GMMPFAUDLR-EQ,hold,hold,True,target and post-trail stop decision
5117,position_evaluated,GMMPFAUDLR-EQ,hold,hold,True,target and post-trail stop decision
5118,position_evaluated,GMMPFAUDLR-EQ,hold,hold,True,target and post-trail stop decision
5119,position_evaluated,GMMPFAUDLR-EQ,hold,hold,True,target and post-trail stop decision
5120,position_evaluated,GMMPFAUDLR-EQ,hold,hold,True,target and post-trail stop decision
5121,position_evaluated,GMMPFAUDLR-EQ,hold,hold,True,target and post-trail stop decision
5122,position_evaluated,GMMPFAUDLR-EQ,hold,hold,True,target and post-trail stop decision
5123,position_evaluated,GMMPFAUDLR-EQ,hold,hold,True,target and post-trail stop decision
5124,position_evaluated,GMMPFAUDLR-EQ,hold,hold,True,target and post-trail stop decision
5125,position_evaluated,GMMPFAUDLR-EQ,hold,hold,True,target and post-trail stop decision
5126,position_evaluated,GMMPFAUDLR-EQ,hold,hold,True,target and post-trail stop decision
5127,position_evaluated,GMMPFAUDLR-EQ,hold,hold,True,target and post-trail stop decision
5128,position_evaluated,GMMPFAUDLR-EQ,hold,hold,True,target and post-trail stop decision
5129,position_evaluated,GMMPFAUDLR-EQ,hold,hold,True,target and post-trail stop decision
5130,position_evaluated,GMMPFAUDLR-EQ,hold,hold,True,target and post-trail stop decision
5131,position_evaluated,GMMPFAUDLR-EQ,hold,hold,True,target and post-trail stop decision
5132,position_evaluated,GMMPFAUDLR-EQ,hold,hold,True,target and post-trail stop decision
5133,position_evaluated,GMMPFAUDLR-EQ,hold,hold,True,target and post-trail stop decision
5134,position_evaluated,GMMPFAUDLR-EQ,hold,hold,True,target and post-trail stop decision
5135,position_evaluated,GMMPFAUDLR-EQ,hold,hold,True,target and post-trail stop decision
5136,position_evaluated,GMMPFAUDLR-EQ,hold,hold,True,target and post-trail stop decision
5137,position_evaluated,GMMPFAUDLR-EQ,hold,hold,True,target and post-trail stop decision
5138,position_evaluated,GMMPFAUDLR-EQ,hold,hold,True,target and post-trail stop decision
5139,position_evaluated,GMMPFAUDLR-EQ,hold,hold,True,target and post-trail stop decision
5140,position_evaluated,GMMPFAUDLR-EQ,hold,hold,True,target and post-trail stop decision
5141,position_evaluated,GMMPFAUDLR-EQ,hold,hold,True,target and post-trail stop decision
5142,position_evaluated,GMMPFAUDLR-EQ,hold,hold,True,target and post-trail stop decision
5143,position_evaluated,GMMPFAUDLR-EQ,hold,hold,True,target and post-trail stop decision
5144,position_evaluated,GMMPFAUDLR-EQ,hold,hold,True,target and post-trail stop decision
5145,position_evaluated,GMMPFAUDLR-EQ,hold,hold,True,target and post-trail stop decision
5146,position_evaluated,GMMPFAUDLR-EQ,hold,hold,True,target and post-trail stop decision
5147,position_evaluated,GMMPFAUDLR-EQ,hold,hold,True,target and post-trail stop decision
5148,position_evaluated,GMMPFAUDLR-EQ,hold,hold,True,target and post-trail stop decision
5149,position_evaluated,GMMPFAUDLR-EQ,hold,hold,True,target and post-trail stop decision
5150,position_evaluated,GMMPFAUDLR-EQ,hold,hold,True,target and post-trail stop decision
5151,position_evaluated,GMMPFAUDLR-EQ,hold,hold,True,target and post-trail stop decision
5152,position_evaluated,GMMPFAUDLR-EQ,hold,hold,True,target and post-trail stop decision
5153,position_evaluated,GMMPFAUDLR-EQ,hold,hold,True,target and post-trail stop decision
5154,position_evaluated,GMMPFAUDLR-EQ,hold,hold,True,target and post-trail stop decision
5155,position_evaluated,GMMPFAUDLR-EQ,hold,hold,True,target and post-trail stop decision
5156,position_evaluated,GMMPFAUDLR-EQ,hold,hold,True,target and post-trail stop decision
5157,position_evaluated,GMMPFAUDLR-EQ,hold,hold,True,target and post-trail stop decision
5158,position_evaluated,GMMPFAUDLR-EQ,hold,hold,True,target and post-trail stop decision
5159,position_evaluated,GMMPFAUDLR-EQ,hold,hold,True,target and post-trail stop decision
5160,position_evaluated,GMMPFAUDLR-EQ,hold,hold,True,target and post-trail stop decision
5161,position_evaluated,GMMPFAUDLR-EQ,hold,hold,True,target and post-trail stop decision
5162,position_evaluated,GMMPFAUDLR-EQ,hold,hold,True,target and post-trail stop decision
5163,position_evaluated,GMMPFAUDLR-EQ,hold,hold,True,target and post-trail stop decision
5164,position_evaluated,GMMPFAUDLR-EQ,hold,hold,True,target and post-trail stop decision
5165,position_evaluated,GMMPFAUDLR-EQ,hold,hold,True,target and post-trail stop decision
5166,position_evaluated,GMMPFAUDLR-EQ,hold,hold,True,target and post-trail stop decision
5167,position_evaluated,GMMPFAUDLR-EQ,hold,hold,True,target and post-trail stop decision
5168,position_evaluated,GMMPFAUDLR-EQ,hold,hold,True,target and post-trail stop decision
5169,position_evaluated,GMMPFAUDLR-EQ,hold,hold,True,target and post-trail stop decision
5170,position_evaluated,GMMPFAUDLR-EQ,hold,hold,True,target and post-trail stop decision
5171,position_evaluated,GMMPFAUDLR-EQ,hold,hold,True,target and post-trail stop decision
5172,position_evaluated,GMMPFAUDLR-EQ,hold,hold,True,target and post-trail stop decision
5173,position_evaluated,GMMPFAUDLR-EQ,hold,hold,True,target and post-trail stop decision
5174,position_evaluated,GMMPFAUDLR-EQ,hold,hold,True,target and post-trail stop decision
5175,position_evaluated,GMMPFAUDLR-EQ,hold,hold,True,target and post-trail stop decision
5176,position_evaluated,GMMPFAUDLR-EQ,hold,hold,True,target and post-trail stop decision
5177,position_evaluated,GMMPFAUDLR-EQ,hold,hold,True,target and post-trail stop decision
5178,position_evaluated,GMMPFAUDLR-EQ,hold,hold,True,target and post-trail stop decision
5179,position_evaluated,GMMPFAUDLR-EQ,hold,hold,True,target and post-trail stop decision
5180,position_evaluated,GMMPFAUDLR-EQ,hold,hold,True,target and post-trail stop decision
5181,position_evaluated,GMMPFAUDLR-EQ,hold,hold,True,target and post-trail stop decision
5182,position_evaluated,GMMPFAUDLR-EQ,hold,hold,True,target and post-trail stop decision
5183,position_evaluated,GMMPFAUDLR-EQ,hold,hold,True,target and post-trail stop decision
5184,position_evaluated,GMMPFAUDLR-EQ,hold,hold,True,target and post-trail stop decision
5185,position_evaluated,GMMPFAUDLR-EQ,hold,hold,True,target and post-trail stop decision
5186,position_evaluated,GMMPFAUDLR-EQ,hold,hold,True,target and post-trail stop decision
5187,position_evaluated,GMMPFAUDLR-EQ,hold,hold,True,target and post-trail stop decision
5188,position_evaluated,GMMPFAUDLR-EQ,hold,hold,True,target and post-trail stop decision
5189,position_evaluated,GMMPFAUDLR-EQ,hold,hold,True,target and post-trail stop decision
5190,position_evaluated,GMMPFAUDLR-EQ,hold,hold,True,target and post-trail stop decision
5191,position_evaluated,GMMPFAUDLR-EQ,hold,hold,True,target and post-trail stop decision
5192,position_evaluated,GMMPFAUDLR-EQ,hold,hold,True,target and post-trail stop decision
5193,position_evaluated,GMMPFAUDLR-EQ,hold,hold,True,target and post-trail stop decision
5194,position_evaluated,GMMPFAUDLR-EQ,hold,hold,True,target and post-trail stop decision
5195,position_evaluated,GMMPFAUDLR-EQ,hold,hold,True,target and post-trail stop decision
5196,position_evaluated,GMMPFAUDLR-EQ,hold,hold,True,target and post-trail stop decision
5197,position_evaluated,GMMPFAUDLR-EQ,hold,hold,True,target and post-trail stop decision
5198,position_evaluated,GMMPFAUDLR-EQ,hold,hold,True,target and post-trail stop decision
5199,position_evaluated,GMMPFAUDLR-EQ,hold,hold,True,target and post-trail stop decision
5200,position_evaluated,GMMPFAUDLR-EQ,hold,hold,True,target and post-trail stop decision
5201,position_evaluated,GMMPFAUDLR-EQ,hold,hold,True,target and post-trail stop decision
5202,position_evaluated,GMMPFAUDLR-EQ,hold,hold,True,target and post-trail stop decision
5203,position_evaluated,GMMPFAUDLR-EQ,hold,hold,True,target and post-trail stop decision
5204,position_evaluated,GMMPFAUDLR-EQ,hold,hold,True,target and post-trail stop decision
5205,position_evaluated,GMMPFAUDLR-EQ,hold,hold,True,target and post-trail stop decision
5206,position_evaluated,GMMPFAUDLR-EQ,hold,hold,True,target and post-trail stop decision
5207,position_evaluated,GMMPFAUDLR-EQ,hold,hold,True,target and post-trail stop decision
5208,position_evaluated,GMMPFAUDLR-EQ,hold,hold,True,target and post-trail stop decision
5209,position_evaluated,GMMPFAUDLR-EQ,hold,hold,True,target and post-trail stop decision
5210,position_evaluated,GMMPFAUDLR-EQ,hold,hold,True,target and post-trail stop decision
5211,position_evaluated,GMMPFAUDLR-EQ,hold,hold,True,target and post-trail stop decision
5212,position_evaluated,GMMPFAUDLR-EQ,hold,hold,True,target and post-trail stop decision
5213,position_evaluated,GMMPFAUDLR-EQ,hold,hold,True,target and post-trail stop decision
5214,position_evaluated,GMMPFAUDLR-EQ,hold,hold,True,target and post-trail stop decision
5215,position_evaluated,GMMPFAUDLR-EQ,hold,hold,True,target and post-trail stop decision
5217,position_evaluated,GMMPFAUDLR-EQ,hold,hold,True,target and post-trail stop decision
5218,position_evaluated,GMMPFAUDLR-EQ,hold,hold,True,target and post-trail stop decision
5219,position_evaluated,GMMPFAUDLR-EQ,hold,hold,True,target and post-trail stop decision
5220,position_evaluated,GMMPFAUDLR-EQ,hold,hold,True,target and post-trail stop decision
5221,position_evaluated,GMMPFAUDLR-EQ,hold,hold,True,target and post-trail stop decision
5222,position_evaluated,GMMPFAUDLR-EQ,hold,hold,True,target and post-trail stop decision
5223,position_evaluated,GMMPFAUDLR-EQ,hold,hold,True,target and post-trail stop decision
5224,position_evaluated,GMMPFAUDLR-EQ,hold,hold,True,target and post-trail stop decision
5225,position_evaluated,GMMPFAUDLR-EQ,hold,hold,True,target and post-trail stop decision
5226,position_evaluated,GMMPFAUDLR-EQ,hold,hold,True,target and post-trail stop decision
5227,position_evaluated,GMMPFAUDLR-EQ,hold,hold,True,target and post-trail stop decision
5228,position_evaluated,GMMPFAUDLR-EQ,hold,hold,True,target and post-trail stop decision
5229,position_evaluated,GMMPFAUDLR-EQ,hold,hold,True,target and post-trail stop decision
5230,position_evaluated,GMMPFAUDLR-EQ,hold,hold,True,target and post-trail stop decision
5231,position_evaluated,GMMPFAUDLR-EQ,hold,hold,True,target and post-trail stop decision
5232,position_evaluated,GMMPFAUDLR-EQ,hold,hold,True,target and post-trail stop decision
5233,position_evaluated,GMMPFAUDLR-EQ,hold,hold,True,target and post-trail stop decision
5234,position_evaluated,GMMPFAUDLR-EQ,hold,hold,True,target and post-trail stop decision
5235,position_evaluated,GMMPFAUDLR-EQ,hold,hold,True,target and post-trail stop decision
5236,position_evaluated,GMMPFAUDLR-EQ,hold,hold,True,target and post-trail stop decision
5237,position_evaluated,GMMPFAUDLR-EQ,hold,hold,True,target and post-trail stop decision
5238,position_evaluated,GMMPFAUDLR-EQ,hold,hold,True,target and post-trail stop decision
5239,position_evaluated,GMMPFAUDLR-EQ,hold,hold,True,target and post-trail stop decision
5240,position_evaluated,GMMPFAUDLR-EQ,hold,hold,True,target and post-trail stop decision
5241,position_evaluated,GMMPFAUDLR-EQ,hold,hold,True,target and post-trail stop decision
5242,position_evaluated,GMMPFAUDLR-EQ,hold,hold,True,target and post-trail stop decision
5243,position_evaluated,GMMPFAUDLR-EQ,hold,hold,True,target and post-trail stop decision
5244,position_evaluated,GMMPFAUDLR-EQ,hold,hold,True,target and post-trail stop decision
5245,position_evaluated,GMMPFAUDLR-EQ,hold,hold,True,target and post-trail stop decision
5246,position_evaluated,GMMPFAUDLR-EQ,hold,hold,True,target and post-trail stop decision
5247,position_evaluated,GMMPFAUDLR-EQ,hold,hold,True,target and post-trail stop decision
5248,position_evaluated,GMMPFAUDLR-EQ,hold,hold,True,target and post-trail stop decision
5249,position_evaluated,GMMPFAUDLR-EQ,hold,hold,True,target and post-trail stop decision
5250,position_evaluated,GMMPFAUDLR-EQ,hold,hold,True,target and post-trail stop decision
5251,position_evaluated,GMMPFAUDLR-EQ,hold,hold,True,target and post-trail stop decision
5252,position_evaluated,GMMPFAUDLR-EQ,hold,hold,True,target and post-trail stop decision
5253,position_evaluated,GMMPFAUDLR-EQ,hold,hold,True,target and post-trail stop decision
5254,position_evaluated,GMMPFAUDLR-EQ,hold,hold,True,target and post-trail stop decision
5255,position_evaluated,GMMPFAUDLR-EQ,hold,hold,True,target and post-trail stop decision
5256,position_evaluated,GMMPFAUDLR-EQ,hold,hold,True,target and post-trail stop decision
5257,position_evaluated,GMMPFAUDLR-EQ,hold,hold,True,target and post-trail stop decision
5258,position_evaluated,GMMPFAUDLR-EQ,hold,hold,True,target and post-trail stop decision
5259,position_evaluated,GMMPFAUDLR-EQ,hold,hold,True,target and post-trail stop decision
5260,position_evaluated,GMMPFAUDLR-EQ,hold,hold,True,target and post-trail stop decision
5261,position_evaluated,GMMPFAUDLR-EQ,hold,hold,True,target and post-trail stop decision
5262,position_evaluated,GMMPFAUDLR-EQ,hold,hold,True,target and post-trail stop decision
5263,position_evaluated,GMMPFAUDLR-EQ,hold,hold,True,target and post-trail stop decision
5264,position_evaluated,GMMPFAUDLR-EQ,hold,hold,True,target and post-trail stop decision
5265,position_evaluated,GMMPFAUDLR-EQ,hold,hold,True,target and post-trail stop decision
5266,position_evaluated,GMMPFAUDLR-EQ,hold,hold,True,target and post-trail stop decision
5267,position_evaluated,GMMPFAUDLR-EQ,hold,hold,True,target and post-trail stop decision
5268,position_evaluated,GMMPFAUDLR-EQ,hold,hold,True,target and post-trail stop decision
5269,position_evaluated,GMMPFAUDLR-EQ,hold,hold,True,target and post-trail stop decision
5270,position_evaluated,GMMPFAUDLR-EQ,hold,hold,True,target and post-trail stop decision
5271,position_evaluated,GMMPFAUDLR-EQ,hold,hold,True,target and post-trail stop decision
5272,position_evaluated,GMMPFAUDLR-EQ,hold,hold,True,target and post-trail stop decision
5273,position_evaluated,GMMPFAUDLR-EQ,hold,hold,True,target and post-trail stop decision
5274,position_evaluated,GMMPFAUDLR-EQ,hold,hold,True,target and post-trail stop decision
5275,position_evaluated,GMMPFAUDLR-EQ,hold,hold,True,target and post-trail stop decision
5276,position_evaluated,GMMPFAUDLR-EQ,hold,hold,True,target and post-trail stop decision
5277,position_evaluated,GMMPFAUDLR-EQ,hold,hold,True,target and post-trail stop decision
5278,position_evaluated,GMMPFAUDLR-EQ,hold,hold,True,target and post-trail stop decision
5279,position_evaluated,GMMPFAUDLR-EQ,hold,hold,True,target and post-trail stop decision
5280,position_evaluated,GMMPFAUDLR-EQ,hold,hold,True,target and post-trail stop decision
5281,position_evaluated,GMMPFAUDLR-EQ,hold,hold,True,target and post-trail stop decision
5282,position_evaluated,GMMPFAUDLR-EQ,hold,hold,True,target and post-trail stop decision
5283,position_evaluated,GMMPFAUDLR-EQ,hold,hold,True,target and post-trail stop decision
5284,position_evaluated,GMMPFAUDLR-EQ,hold,hold,True,target and post-trail stop decision
5285,position_evaluated,GMMPFAUDLR-EQ,hold,hold,True,target and post-trail stop decision
5286,position_evaluated,GMMPFAUDLR-EQ,hold,hold,True,target and post-trail stop decision
5287,position_evaluated,GMMPFAUDLR-EQ,hold,hold,True,target and post-trail stop decision
5288,position_evaluated,GMMPFAUDLR-EQ,hold,hold,True,target and post-trail stop decision
5289,position_evaluated,GMMPFAUDLR-EQ,hold,hold,True,target and post-trail stop decision
5290,position_evaluated,GMMPFAUDLR-EQ,hold,hold,True,target and post-trail stop decision
5291,position_evaluated,GMMPFAUDLR-EQ,hold,hold,True,target and post-trail stop decision
5292,position_evaluated,GMMPFAUDLR-EQ,hold,hold,True,target and post-trail stop decision
5293,position_evaluated,GMMPFAUDLR-EQ,hold,hold,True,target and post-trail stop decision
5294,position_evaluated,GMMPFAUDLR-EQ,hold,hold,True,target and post-trail stop decision
5295,position_evaluated,GMMPFAUDLR-EQ,hold,hold,True,target and post-trail stop decision
5296,position_evaluated,GMMPFAUDLR-EQ,hold,hold,True,target and post-trail stop decision
5297,position_evaluated,GMMPFAUDLR-EQ,hold,hold,True,target and post-trail stop decision
5298,position_evaluated,GMMPFAUDLR-EQ,hold,hold,True,target and post-trail stop decision
5299,position_evaluated,GMMPFAUDLR-EQ,hold,hold,True,target and post-trail stop decision
5300,position_evaluated,GMMPFAUDLR-EQ,hold,hold,True,target and post-trail stop decision
5301,position_evaluated,GMMPFAUDLR-EQ,hold,hold,True,target and post-trail stop decision
5302,position_evaluated,GMMPFAUDLR-EQ,hold,hold,True,target and post-trail stop decision
5303,position_evaluated,GMMPFAUDLR-EQ,hold,hold,True,target and post-trail stop decision
5304,position_evaluated,GMMPFAUDLR-EQ,hold,hold,True,target and post-trail stop decision
5305,position_evaluated,GMMPFAUDLR-EQ,hold,hold,True,target and post-trail stop decision
5306,position_evaluated,GMMPFAUDLR-EQ,hold,hold,True,target and post-trail stop decision
5307,position_evaluated,GMMPFAUDLR-EQ,hold,hold,True,target and post-trail stop decision
5308,position_evaluated,GMMPFAUDLR-EQ,hold,hold,True,target and post-trail stop decision
5309,position_evaluated,GMMPFAUDLR-EQ,hold,hold,True,target and post-trail stop decision
5310,position_evaluated,GMMPFAUDLR-EQ,hold,hold,True,target and post-trail stop decision
5311,position_evaluated,GMMPFAUDLR-EQ,hold,hold,True,target and post-trail stop decision
5312,position_evaluated,GMMPFAUDLR-EQ,hold,hold,True,target and post-trail stop decision
5313,position_evaluated,GMMPFAUDLR-EQ,hold,hold,True,target and post-trail stop decision
5314,position_evaluated,GMMPFAUDLR-EQ,hold,hold,True,target and post-trail stop decision
5315,position_evaluated,GMMPFAUDLR-EQ,hold,hold,True,target and post-trail stop decision
5316,position_evaluated,GMMPFAUDLR-EQ,hold,hold,True,target and post-trail stop decision
5317,position_evaluated,GMMPFAUDLR-EQ,hold,hold,True,target and post-trail stop decision
5318,position_evaluated,GMMPFAUDLR-EQ,hold,hold,True,target and post-trail stop decision
5319,position_evaluated,GMMPFAUDLR-EQ,hold,hold,True,target and post-trail stop decision
5320,position_evaluated,GMMPFAUDLR-EQ,hold,hold,True,target and post-trail stop decision
5321,position_evaluated,GMMPFAUDLR-EQ,hold,hold,True,target and post-trail stop decision
5322,position_evaluated,GMMPFAUDLR-EQ,hold,hold,True,target and post-trail stop decision
5323,position_evaluated,GMMPFAUDLR-EQ,hold,hold,True,target and post-trail stop decision
5324,position_evaluated,GMMPFAUDLR-EQ,hold,hold,True,target and post-trail stop decision
5325,position_evaluated,GMMPFAUDLR-EQ,hold,hold,True,target and post-trail stop decision
5326,position_evaluated,GMMPFAUDLR-EQ,hold,hold,True,target and post-trail stop decision
5327,position_evaluated,GMMPFAUDLR-EQ,hold,hold,True,target and post-trail stop decision
5328,position_evaluated,GMMPFAUDLR-EQ,hold,hold,True,target and post-trail stop decision
5329,position_evaluated,GMMPFAUDLR-EQ,hold,hold,True,target and post-trail stop decision
5330,position_evaluated,GMMPFAUDLR-EQ,hold,hold,True,target and post-trail stop decision
5331,position_evaluated,GMMPFAUDLR-EQ,hold,hold,True,target and post-trail stop decision
5332,position_evaluated,GMMPFAUDLR-EQ,hold,hold,True,target and post-trail stop decision
5333,position_evaluated,GMMPFAUDLR-EQ,hold,hold,True,target and post-trail stop decision
5334,position_evaluated,GMMPFAUDLR-EQ,hold,hold,True,target and post-trail stop decision
5335,position_evaluated,GMMPFAUDLR-EQ,hold,hold,True,target and post-trail stop decision
5336,position_evaluated,GMMPFAUDLR-EQ,hold,hold,True,target and post-trail stop decision
5337,position_evaluated,GMMPFAUDLR-EQ,hold,hold,True,target and post-trail stop decision
5338,position_evaluated,GMMPFAUDLR-EQ,hold,hold,True,target and post-trail stop decision
5339,position_evaluated,GMMPFAUDLR-EQ,hold,hold,True,target and post-trail stop decision
5340,position_evaluated,GMMPFAUDLR-EQ,hold,hold,True,target and post-trail stop decision
5341,position_evaluated,GMMPFAUDLR-EQ,hold,hold,True,target and post-trail stop decision
5342,position_evaluated,GMMPFAUDLR-EQ,hold,hold,True,target and post-trail stop decision
5343,position_evaluated,GMMPFAUDLR-EQ,hold,hold,True,target and post-trail stop decision
5344,position_evaluated,GMMPFAUDLR-EQ,hold,hold,True,target and post-trail stop decision
5345,position_evaluated,GMMPFAUDLR-EQ,hold,hold,True,target and post-trail stop decision
5346,position_evaluated,GMMPFAUDLR-EQ,hold,hold,True,target and post-trail stop decision
5347,position_evaluated,GMMPFAUDLR-EQ,hold,hold,True,target and post-trail stop decision
5348,position_evaluated,GMMPFAUDLR-EQ,hold,hold,True,target and post-trail stop decision
5349,position_evaluated,GMMPFAUDLR-EQ,hold,hold,True,target and post-trail stop decision
5350,position_evaluated,GMMPFAUDLR-EQ,hold,hold,True,target and post-trail stop decision
5351,position_evaluated,GMMPFAUDLR-EQ,hold,hold,True,target and post-trail stop decision
5352,position_evaluated,GMMPFAUDLR-EQ,hold,hold,True,target and post-trail stop decision
5353,position_evaluated,GMMPFAUDLR-EQ,hold,hold,True,target and post-trail stop decision
5354,position_evaluated,GMMPFAUDLR-EQ,hold,hold,True,target and post-trail stop decision
5355,position_evaluated,GMMPFAUDLR-EQ,hold,hold,True,target and post-trail stop decision
5356,position_evaluated,GMMPFAUDLR-EQ,hold,hold,True,target and post-trail stop decision
5357,position_evaluated,GMMPFAUDLR-EQ,hold,hold,True,target and post-trail stop decision
5358,position_evaluated,GMMPFAUDLR-EQ,hold,hold,True,target and post-trail stop decision
5359,position_evaluated,GMMPFAUDLR-EQ,hold,hold,True,target and post-trail stop decision
5360,position_evaluated,GMMPFAUDLR-EQ,hold,hold,True,target and post-trail stop decision
5361,position_evaluated,GMMPFAUDLR-EQ,hold,hold,True,target and post-trail stop decision
5362,position_evaluated,GMMPFAUDLR-EQ,hold,hold,True,target and post-trail stop decision
5363,position_evaluated,GMMPFAUDLR-EQ,hold,hold,True,target and post-trail stop decision
5364,position_evaluated,GMMPFAUDLR-EQ,hold,hold,True,target and post-trail stop decision
5365,position_evaluated,GMMPFAUDLR-EQ,hold,hold,True,target and post-trail stop decision
5366,position_evaluated,GMMPFAUDLR-EQ,hold,hold,True,target and post-trail stop decision
5367,position_evaluated,GMMPFAUDLR-EQ,hold,hold,True,target and post-trail stop decision
5368,position_evaluated,GMMPFAUDLR-EQ,hold,hold,True,target and post-trail stop decision
5369,position_evaluated,GMMPFAUDLR-EQ,hold,hold,True,target and post-trail stop decision
5370,position_evaluated,GMMPFAUDLR-EQ,hold,hold,True,target and post-trail stop decision
5371,position_evaluated,GMMPFAUDLR-EQ,hold,hold,True,target and post-trail stop decision
5372,position_evaluated,GMMPFAUDLR-EQ,hold,hold,True,target and post-trail stop decision
5373,position_evaluated,GMMPFAUDLR-EQ,hold,hold,True,target and post-trail stop decision
5374,position_evaluated,GMMPFAUDLR-EQ,hold,hold,True,target and post-trail stop decision
5375,position_evaluated,GMMPFAUDLR-EQ,hold,hold,True,target and post-trail stop decision
5376,position_evaluated,GMMPFAUDLR-EQ,hold,hold,True,target and post-trail stop decision
5377,position_evaluated,GMMPFAUDLR-EQ,hold,hold,True,target and post-trail stop decision
5378,position_evaluated,GMMPFAUDLR-EQ,hold,hold,True,target and post-trail stop decision
5379,position_evaluated,GMMPFAUDLR-EQ,hold,hold,True,target and post-trail stop decision
5380,position_evaluated,GMMPFAUDLR-EQ,hold,hold,True,target and post-trail stop decision
5381,position_evaluated,GMMPFAUDLR-EQ,hold,hold,True,target and post-trail stop decision
5382,position_evaluated,GMMPFAUDLR-EQ,hold,hold,True,target and post-trail stop decision
5383,position_evaluated,GMMPFAUDLR-EQ,hold,hold,True,target and post-trail stop decision
5384,position_evaluated,GMMPFAUDLR-EQ,hold,hold,True,target and post-trail stop decision
5385,position_evaluated,GMMPFAUDLR-EQ,hold,hold,True,target and post-trail stop decision
5386,position_evaluated,GMMPFAUDLR-EQ,hold,hold,True,target and post-trail stop decision
5387,position_evaluated,GMMPFAUDLR-EQ,hold,hold,True,target and post-trail stop decision
5388,position_evaluated,GMMPFAUDLR-EQ,hold,hold,True,target and post-trail stop decision
5389,position_evaluated,GMMPFAUDLR-EQ,hold,hold,True,target and post-trail stop decision
5390,position_evaluated,GMMPFAUDLR-EQ,hold,hold,True,target and post-trail stop decision
5391,position_evaluated,GMMPFAUDLR-EQ,hold,hold,True,target and post-trail stop decision
5392,position_evaluated,GMMPFAUDLR-EQ,hold,hold,True,target and post-trail stop decision
5393,position_evaluated,GMMPFAUDLR-EQ,hold,hold,True,target and post-trail stop decision
5394,position_evaluated,GMMPFAUDLR-EQ,hold,hold,True,target and post-trail stop decision
5395,position_evaluated,GMMPFAUDLR-EQ,hold,hold,True,target and post-trail stop decision
5396,position_evaluated,GMMPFAUDLR-EQ,hold,hold,True,target and post-trail stop decision
5397,position_evaluated,GMMPFAUDLR-EQ,hold,hold,True,target and post-trail stop decision
5398,position_evaluated,GMMPFAUDLR-EQ,hold,hold,True,target and post-trail stop decision
5399,position_evaluated,GMMPFAUDLR-EQ,hold,hold,True,target and post-trail stop decision
5400,position_evaluated,GMMPFAUDLR-EQ,hold,hold,True,target and post-trail stop decision
5401,position_evaluated,GMMPFAUDLR-EQ,hold,hold,True,target and post-trail stop decision
5402,position_evaluated,GMMPFAUDLR-EQ,hold,hold,True,target and post-trail stop decision
5403,position_evaluated,GMMPFAUDLR-EQ,hold,hold,True,target and post-trail stop decision
5404,position_evaluated,GMMPFAUDLR-EQ,hold,hold,True,target and post-trail stop decision
5405,position_evaluated,GMMPFAUDLR-EQ,hold,hold,True,target and post-trail stop decision
5406,position_evaluated,GMMPFAUDLR-EQ,hold,hold,True,target and post-trail stop decision
5407,position_evaluated,GMMPFAUDLR-EQ,hold,hold,True,target and post-trail stop decision
5408,position_evaluated,GMMPFAUDLR-EQ,hold,hold,True,target and post-trail stop decision
5409,position_evaluated,GMMPFAUDLR-EQ,hold,hold,True,target and post-trail stop decision
5410,position_evaluated,GMMPFAUDLR-EQ,hold,hold,True,target and post-trail stop decision
5411,position_evaluated,GMMPFAUDLR-EQ,hold,hold,True,target and post-trail stop decision
5412,position_evaluated,GMMPFAUDLR-EQ,hold,hold,True,target and post-trail stop decision
5413,position_evaluated,GMMPFAUDLR-EQ,hold,hold,True,target and post-trail stop decision
5414,position_evaluated,GMMPFAUDLR-EQ,hold,hold,True,target and post-trail stop decision
5415,position_evaluated,GMMPFAUDLR-EQ,hold,hold,True,target and post-trail stop decision
5416,position_evaluated,GMMPFAUDLR-EQ,hold,hold,True,target and post-trail stop decision
5417,position_evaluated,GMMPFAUDLR-EQ,hold,hold,True,target and post-trail stop decision
5418,position_evaluated,GMMPFAUDLR-EQ,hold,hold,True,target and post-trail stop decision
5419,position_evaluated,GMMPFAUDLR-EQ,hold,hold,True,target and post-trail stop decision
5420,position_evaluated,GMMPFAUDLR-EQ,hold,hold,True,target and post-trail stop decision
5421,position_evaluated,GMMPFAUDLR-EQ,hold,hold,True,target and post-trail stop decision
5422,position_evaluated,GMMPFAUDLR-EQ,hold,hold,True,target and post-trail stop decision
5423,position_evaluated,GMMPFAUDLR-EQ,hold,hold,True,target and post-trail stop decision
5424,position_evaluated,GMMPFAUDLR-EQ,hold,hold,True,target and post-trail stop decision
5425,position_evaluated,GMMPFAUDLR-EQ,hold,hold,True,target and post-trail stop decision
5426,position_evaluated,GMMPFAUDLR-EQ,hold,hold,True,target and post-trail stop decision
