sequence,event_type,symbol,recorded_decision,replayed_decision,matched,detail
9795,market_gate,,skip,skip,True,four-factor market gate
9796,market_gate,,trade,trade,True,four-factor market gate
9797,scan_completed,,candidates_ranked,candidates_ranked,True,"recorded=['AVADHSUGAR-EQ', 'RESPONIND-EQ', 'STEELCAS-EQ', 'SBC-EQ', 'UTTAMSUGAR-EQ']; replayed=['AVADHSUGAR-EQ', 'RESPONIND-EQ', 'STEELCAS-EQ', 'SBC-EQ', 'UTTAMSUGAR-EQ']"
9798,tradability_filter,,candidates_available,candidates_available,True,captured filter outcome
9799,broker_tradability_result,,candidates_available,candidates_available,True,captured filter outcome
9800,candidate_validation,RESPONIND-EQ,rejected,rejected,True,Range position 0.662 < 0.85 (price retreating from high)
9801,candidate_validation,STEELCAS-EQ,rejected,rejected,True,Range position 0.636 < 0.85 (price retreating from high)
9802,candidate_validation,UTTAMSUGAR-EQ,rejected,rejected,True,Range position 0.541 < 0.85 (price retreating from high)
9803,candidate_validation,AVADHSUGAR-EQ,rejected,rejected,True,No micro breakout: LTP 779.00 < last 5min high 781.95
9804,scan_completed,,candidates_ranked,candidates_ranked,True,"recorded=['AVADHSUGAR-EQ', 'RESPONIND-EQ', 'STEELCAS-EQ', 'PROZONER-EQ', 'UTTAMSUGAR-EQ']; replayed=['AVADHSUGAR-EQ', 'RESPONIND-EQ', 'STEELCAS-EQ', 'PROZONER-EQ', 'UTTAMSUGAR-EQ']"
9805,tradability_filter,,candidates_available,candidates_available,True,captured filter outcome
9806,broker_tradability_result,,candidates_available,candidates_available,True,captured filter outcome
9807,candidate_validation,RESPONIND-EQ,rejected,rejected,True,Range position 0.664 < 0.85 (price retreating from high)
9808,candidate_validation,STEELCAS-EQ,rejected,rejected,True,Range position 0.643 < 0.85 (price retreating from high)
9809,candidate_validation,PROZONER-EQ,rejected,rejected,True,Range position 0.823 < 0.85 (price retreating from high)
9810,candidate_validation,UTTAMSUGAR-EQ,rejected,rejected,True,Range position 0.596 < 0.85 (price retreating from high)
9811,candidate_validation,AVADHSUGAR-EQ,rejected,rejected,True,No micro breakout: LTP 780.35 < last 5min high 781.95
9812,scan_completed,,candidates_ranked,candidates_ranked,True,"recorded=['PROZONER-EQ', 'RESPONIND-EQ', 'UTTAMSUGAR-EQ', 'STEELCAS-EQ', 'AJAXENGG-EQ']; replayed=['PROZONER-EQ', 'RESPONIND-EQ', 'UTTAMSUGAR-EQ', 'STEELCAS-EQ', 'AJAXENGG-EQ']"
9813,tradability_filter,,candidates_available,candidates_available,True,captured filter outcome
9814,broker_tradability_result,,candidates_available,candidates_available,True,captured filter outcome
9815,candidate_validation,PROZONER-EQ,rejected,rejected,True,Wide spread: 0.17 (0.296% > 0.2%)
9816,candidate_validation,RESPONIND-EQ,rejected,rejected,True,Range position 0.666 < 0.85 (price retreating from high)
9817,candidate_validation,UTTAMSUGAR-EQ,rejected,rejected,True,Range position 0.607 < 0.85 (price retreating from high)
9818,candidate_validation,STEELCAS-EQ,rejected,rejected,True,Range position 0.617 < 0.85 (price retreating from high)
9819,candidate_validation,AJAXENGG-EQ,rejected,rejected,True,Range position 0.815 < 0.85 (price retreating from high)
9820,scan_completed,,candidates_ranked,candidates_ranked,True,"recorded=['PROZONER-EQ', 'RESPONIND-EQ', 'UTTAMSUGAR-EQ', 'SBC-EQ', 'AJAXENGG-EQ']; replayed=['PROZONER-EQ', 'RESPONIND-EQ', 'UTTAMSUGAR-EQ', 'SBC-EQ', 'AJAXENGG-EQ']"
9821,tradability_filter,,candidates_available,candidates_available,True,captured filter outcome
9822,broker_tradability_result,,candidates_available,candidates_available,True,captured filter outcome
9823,candidate_validation,PROZONER-EQ,rejected,rejected,True,Wide spread: 0.18 (0.313% > 0.2%)
9824,candidate_validation,RESPONIND-EQ,rejected,rejected,True,Range position 0.672 < 0.85 (price retreating from high)
9825,candidate_validation,UTTAMSUGAR-EQ,rejected,rejected,True,Range position 0.615 < 0.85 (price retreating from high)
9826,candidate_validation,AJAXENGG-EQ,rejected,rejected,True,Range position 0.819 < 0.85 (price retreating from high)
9827,scan_completed,,candidates_ranked,candidates_ranked,True,"recorded=['RESPONIND-EQ', 'UTTAMSUGAR-EQ', 'SBC-EQ', 'PROZONER-EQ', 'AJAXENGG-EQ']; replayed=['RESPONIND-EQ', 'UTTAMSUGAR-EQ', 'SBC-EQ', 'PROZONER-EQ', 'AJAXENGG-EQ']"
9828,tradability_filter,,candidates_available,candidates_available,True,captured filter outcome
9829,broker_tradability_result,,candidates_available,candidates_available,True,captured filter outcome
9830,candidate_validation,RESPONIND-EQ,rejected,rejected,True,Range position 0.665 < 0.85 (price retreating from high)
9831,candidate_validation,UTTAMSUGAR-EQ,rejected,rejected,True,Range position 0.621 < 0.85 (price retreating from high)
9832,candidate_validation,PROZONER-EQ,rejected,rejected,True,Wide spread: 0.14 (0.245% > 0.2%)
9833,candidate_validation,AJAXENGG-EQ,rejected,rejected,True,Range position 0.807 < 0.85 (price retreating from high)
9834,scan_completed,,candidates_ranked,candidates_ranked,True,"recorded=['MAWANASUG-EQ', 'RESPONIND-EQ', 'PROZONER-EQ', 'SBC-EQ', 'UTTAMSUGAR-EQ']; replayed=['MAWANASUG-EQ', 'RESPONIND-EQ', 'PROZONER-EQ', 'SBC-EQ', 'UTTAMSUGAR-EQ']"
9835,tradability_filter,,candidates_available,candidates_available,True,captured filter outcome
9836,broker_tradability_result,,candidates_available,candidates_available,True,captured filter outcome
9837,candidate_validation,MAWANASUG-EQ,rejected,rejected,True,Range position 0.721 < 0.85 (price retreating from high)
9838,candidate_validation,RESPONIND-EQ,rejected,rejected,True,Range position 0.672 < 0.85 (price retreating from high)
9839,candidate_validation,PROZONER-EQ,rejected,rejected,True,Range position 0.806 < 0.85 (price retreating from high)
9840,candidate_validation,UTTAMSUGAR-EQ,rejected,rejected,True,Range position 0.645 < 0.85 (price retreating from high)
9841,scan_completed,,candidates_ranked,candidates_ranked,True,"recorded=['AVADHSUGAR-EQ', 'LLOYDSENGG-EQ', 'MAWANASUG-EQ', 'RESPONIND-EQ', 'UTTAMSUGAR-EQ']; replayed=['AVADHSUGAR-EQ', 'LLOYDSENGG-EQ', 'MAWANASUG-EQ', 'RESPONIND-EQ', 'UTTAMSUGAR-EQ']"
9842,tradability_filter,,candidates_available,candidates_available,True,captured filter outcome
9843,broker_tradability_result,,candidates_available,candidates_available,True,captured filter outcome
9844,candidate_validation,MAWANASUG-EQ,rejected,rejected,True,Range position 0.733 < 0.85 (price retreating from high)
9845,candidate_validation,RESPONIND-EQ,rejected,rejected,True,Range position 0.664 < 0.85 (price retreating from high)
9846,candidate_validation,UTTAMSUGAR-EQ,rejected,rejected,True,Range position 0.635 < 0.85 (price retreating from high)
9847,candidate_validation,AVADHSUGAR-EQ,rejected,rejected,True,No micro breakout: LTP 781.20 < last 5min high 783.75
9848,candidate_validation,LLOYDSENGG-EQ,rejected,rejected,True,Volume fading: current 63861 vs avg 253919 (ratio 0.25 < 1.2)
9849,scan_completed,,candidates_ranked,candidates_ranked,True,"recorded=['AVADHSUGAR-EQ', 'LLOYDSENGG-EQ', 'MAWANASUG-EQ', 'UTTAMSUGAR-EQ', 'SBC-EQ']; replayed=['AVADHSUGAR-EQ', 'LLOYDSENGG-EQ', 'MAWANASUG-EQ', 'UTTAMSUGAR-EQ', 'SBC-EQ']"
9850,tradability_filter,,candidates_available,candidates_available,True,captured filter outcome
9851,broker_tradability_result,,candidates_available,candidates_available,True,captured filter outcome
9852,candidate_validation,MAWANASUG-EQ,rejected,rejected,True,Range position 0.717 < 0.85 (price retreating from high)
9853,candidate_validation,UTTAMSUGAR-EQ,rejected,rejected,True,Range position 0.641 < 0.85 (price retreating from high)
9854,candidate_validation,AVADHSUGAR-EQ,rejected,rejected,True,"Breakout check failed: candle fetch error (POST https://apiconnect.angelone.in/rest/secure/angelbroking/historical/v1/getCandleData failed with status=403, content_type=unknown, client_public_ip=13.126.199.100, client_local_ip=172.31.33.249: Access denied because of exceeding access rate)"
9855,candidate_validation,LLOYDSENGG-EQ,rejected,rejected,True,Volume fading: current 213922 vs avg 259850 (ratio 0.82 < 1.2)
9856,scan_completed,,candidates_ranked,candidates_ranked,True,"recorded=['BHAGERIA-EQ', 'AVADHSUGAR-EQ', 'LLOYDSENGG-EQ', 'MAWANASUG-EQ', 'SBC-EQ']; replayed=['BHAGERIA-EQ', 'AVADHSUGAR-EQ', 'LLOYDSENGG-EQ', 'MAWANASUG-EQ', 'SBC-EQ']"
9857,tradability_filter,,candidates_available,candidates_available,True,captured filter outcome
9858,broker_tradability_result,,candidates_available,candidates_available,True,captured filter outcome
9859,candidate_validation,AVADHSUGAR-EQ,rejected,rejected,True,Range position 0.841 < 0.85 (price retreating from high)
9860,candidate_validation,MAWANASUG-EQ,rejected,rejected,True,Range position 0.719 < 0.85 (price retreating from high)
9861,candidate_validation,LLOYDSENGG-EQ,rejected,rejected,True,Volume fading: current 16174 vs avg 161358 (ratio 0.10 < 1.2)
9862,scan_completed,,candidates_ranked,candidates_ranked,True,"recorded=['BHAGERIA-EQ', 'LLOYDSENGG-EQ', 'AVADHSUGAR-EQ', 'MAWANASUG-EQ', 'SBC-EQ']; replayed=['BHAGERIA-EQ', 'LLOYDSENGG-EQ', 'AVADHSUGAR-EQ', 'MAWANASUG-EQ', 'SBC-EQ']"
9863,tradability_filter,,candidates_available,candidates_available,True,captured filter outcome
9864,broker_tradability_result,,candidates_available,candidates_available,True,captured filter outcome
9865,candidate_validation,AVADHSUGAR-EQ,rejected,rejected,True,Range position 0.818 < 0.85 (price retreating from high)
9866,candidate_validation,MAWANASUG-EQ,rejected,rejected,True,Range position 0.732 < 0.85 (price retreating from high)
9867,candidate_validation,LLOYDSENGG-EQ,rejected,rejected,True,Volume fading: current 49349 vs avg 158327 (ratio 0.31 < 1.2)
9868,scan_completed,,candidates_ranked,candidates_ranked,True,"recorded=['LLOYDSENGG-EQ', 'AVADHSUGAR-EQ', 'MAWANASUG-EQ', 'SBC-EQ', 'PROZONER-EQ']; replayed=['LLOYDSENGG-EQ', 'AVADHSUGAR-EQ', 'MAWANASUG-EQ', 'SBC-EQ', 'PROZONER-EQ']"
9869,tradability_filter,,candidates_available,candidates_available,True,captured filter outcome
9870,broker_tradability_result,,candidates_available,candidates_available,True,captured filter outcome
9871,candidate_validation,AVADHSUGAR-EQ,rejected,rejected,True,Range position 0.807 < 0.85 (price retreating from high)
9872,candidate_validation,MAWANASUG-EQ,rejected,rejected,True,Range position 0.733 < 0.85 (price retreating from high)
9873,candidate_validation,PROZONER-EQ,rejected,rejected,True,Wide spread: 0.14 (0.244% > 0.2%)
9874,candidate_validation,LLOYDSENGG-EQ,rejected,rejected,True,Volume fading: current 81563 vs avg 166573 (ratio 0.49 < 1.2)
9875,scan_completed,,candidates_ranked,candidates_ranked,True,"recorded=['AVADHSUGAR-EQ', 'MAWANASUG-EQ', 'SBC-EQ', 'SANGAMIND-EQ', 'UTTAMSUGAR-EQ']; replayed=['AVADHSUGAR-EQ', 'MAWANASUG-EQ', 'SBC-EQ', 'SANGAMIND-EQ', 'UTTAMSUGAR-EQ']"
9876,tradability_filter,,candidates_available,candidates_available,True,captured filter outcome
9877,broker_tradability_result,,candidates_available,candidates_available,True,captured filter outcome
9878,candidate_validation,AVADHSUGAR-EQ,rejected,rejected,True,Range position 0.821 < 0.85 (price retreating from high)
9879,candidate_validation,MAWANASUG-EQ,rejected,rejected,True,Range position 0.735 < 0.85 (price retreating from high)
9880,candidate_validation,SANGAMIND-EQ,rejected,rejected,True,Range position 0.770 < 0.85 (price retreating from high)
9881,candidate_validation,UTTAMSUGAR-EQ,rejected,rejected,True,Range position 0.631 < 0.85 (price retreating from high)
9882,scan_completed,,candidates_ranked,candidates_ranked,True,"recorded=['AVADHSUGAR-EQ', 'SBC-EQ', 'UTTAMSUGAR-EQ', 'SANGAMIND-EQ', 'CUBEXTUB-EQ']; replayed=['AVADHSUGAR-EQ', 'SBC-EQ', 'UTTAMSUGAR-EQ', 'SANGAMIND-EQ', 'CUBEXTUB-EQ']"
9883,tradability_filter,,candidates_available,candidates_available,True,captured filter outcome
9884,broker_tradability_result,,candidates_available,candidates_available,True,captured filter outcome
9885,candidate_validation,AVADHSUGAR-EQ,rejected,rejected,True,Range position 0.807 < 0.85 (price retreating from high)
9886,candidate_validation,UTTAMSUGAR-EQ,rejected,rejected,True,Range position 0.682 < 0.85 (price retreating from high)
9887,candidate_validation,SANGAMIND-EQ,rejected,rejected,True,Range position 0.772 < 0.85 (price retreating from high)
9888,candidate_validation,CUBEXTUB-EQ,rejected,rejected,True,Wide spread: 0.30 (0.203% > 0.2%)
9889,scan_completed,,candidates_ranked,candidates_ranked,True,"recorded=['LLOYDSENGG-EQ', 'AVADHSUGAR-EQ', 'UTTAMSUGAR-EQ', 'SBC-EQ', 'CUBEXTUB-EQ']; replayed=['LLOYDSENGG-EQ', 'AVADHSUGAR-EQ', 'UTTAMSUGAR-EQ', 'SBC-EQ', 'CUBEXTUB-EQ']"
9890,tradability_filter,,candidates_available,candidates_available,True,captured filter outcome
9891,broker_tradability_result,,candidates_available,candidates_available,True,captured filter outcome
9892,candidate_validation,UTTAMSUGAR-EQ,rejected,rejected,True,Range position 0.719 < 0.85 (price retreating from high)
9893,candidate_validation,CUBEXTUB-EQ,rejected,rejected,True,Wide spread: 0.41 (0.277% > 0.2%)
9894,candidate_validation,LLOYDSENGG-EQ,rejected,rejected,True,Volume fading: current 112248 vs avg 244310 (ratio 0.46 < 1.2)
9895,candidate_validation,AVADHSUGAR-EQ,accepted,accepted,True,All checks passed
9896,position_sized,AVADHSUGAR-EQ,73,73,True,risk-based position sizing
9904,position_evaluated,AVADHSUGAR-EQ,hold,hold,True,target and post-trail stop decision
9905,position_evaluated,AVADHSUGAR-EQ,hold,hold,True,target and post-trail stop decision
9906,position_evaluated,AVADHSUGAR-EQ,hold,hold,True,target and post-trail stop decision
9907,position_evaluated,AVADHSUGAR-EQ,hold,hold,True,target and post-trail stop decision
9908,position_evaluated,AVADHSUGAR-EQ,hold,hold,True,target and post-trail stop decision
9909,position_evaluated,AVADHSUGAR-EQ,hold,hold,True,target and post-trail stop decision
9910,position_evaluated,AVADHSUGAR-EQ,hold,hold,True,target and post-trail stop decision
9911,position_evaluated,AVADHSUGAR-EQ,hold,hold,True,target and post-trail stop decision
9912,position_evaluated,AVADHSUGAR-EQ,hold,hold,True,target and post-trail stop decision
9913,position_evaluated,AVADHSUGAR-EQ,hold,hold,True,target and post-trail stop decision
9914,position_evaluated,AVADHSUGAR-EQ,hold,hold,True,target and post-trail stop decision
9915,position_evaluated,AVADHSUGAR-EQ,hold,hold,True,target and post-trail stop decision
9916,position_evaluated,AVADHSUGAR-EQ,hold,hold,True,target and post-trail stop decision
9917,position_evaluated,AVADHSUGAR-EQ,hold,hold,True,target and post-trail stop decision
9918,position_evaluated,AVADHSUGAR-EQ,hold,hold,True,target and post-trail stop decision
9920,position_evaluated,AVADHSUGAR-EQ,hold,hold,True,target and post-trail stop decision
9921,position_evaluated,AVADHSUGAR-EQ,hold,hold,True,target and post-trail stop decision
9922,position_evaluated,AVADHSUGAR-EQ,hold,hold,True,target and post-trail stop decision
9923,position_evaluated,AVADHSUGAR-EQ,hold,hold,True,target and post-trail stop decision
9924,position_evaluated,AVADHSUGAR-EQ,hold,hold,True,target and post-trail stop decision
9925,position_evaluated,AVADHSUGAR-EQ,hold,hold,True,target and post-trail stop decision
9926,position_evaluated,AVADHSUGAR-EQ,hold,hold,True,target and post-trail stop decision
9927,position_evaluated,AVADHSUGAR-EQ,hold,hold,True,target and post-trail stop decision
9928,position_evaluated,AVADHSUGAR-EQ,hold,hold,True,target and post-trail stop decision
9929,position_evaluated,AVADHSUGAR-EQ,hold,hold,True,target and post-trail stop decision
9930,position_evaluated,AVADHSUGAR-EQ,hold,hold,True,target and post-trail stop decision
9931,position_evaluated,AVADHSUGAR-EQ,hold,hold,True,target and post-trail stop decision
9932,position_evaluated,AVADHSUGAR-EQ,hold,hold,True,target and post-trail stop decision
9933,position_evaluated,AVADHSUGAR-EQ,hold,hold,True,target and post-trail stop decision
9934,position_evaluated,AVADHSUGAR-EQ,hold,hold,True,target and post-trail stop decision
9935,position_evaluated,AVADHSUGAR-EQ,hold,hold,True,target and post-trail stop decision
9936,position_evaluated,AVADHSUGAR-EQ,hold,hold,True,target and post-trail stop decision
9937,position_evaluated,AVADHSUGAR-EQ,hold,hold,True,target and post-trail stop decision
9938,position_evaluated,AVADHSUGAR-EQ,hold,hold,True,target and post-trail stop decision
9939,position_evaluated,AVADHSUGAR-EQ,hold,hold,True,target and post-trail stop decision
9940,position_evaluated,AVADHSUGAR-EQ,hold,hold,True,target and post-trail stop decision
9941,position_evaluated,AVADHSUGAR-EQ,hold,hold,True,target and post-trail stop decision
9942,position_evaluated,AVADHSUGAR-EQ,hold,hold,True,target and post-trail stop decision
9943,position_evaluated,AVADHSUGAR-EQ,hold,hold,True,target and post-trail stop decision
9944,position_evaluated,AVADHSUGAR-EQ,hold,hold,True,target and post-trail stop decision
9945,position_evaluated,AVADHSUGAR-EQ,hold,hold,True,target and post-trail stop decision
9946,position_evaluated,AVADHSUGAR-EQ,hold,hold,True,target and post-trail stop decision
9947,position_evaluated,AVADHSUGAR-EQ,hold,hold,True,target and post-trail stop decision
9948,position_evaluated,AVADHSUGAR-EQ,hold,hold,True,target and post-trail stop decision
9949,position_evaluated,AVADHSUGAR-EQ,hold,hold,True,target and post-trail stop decision
9950,position_evaluated,AVADHSUGAR-EQ,hold,hold,True,target and post-trail stop decision
9951,position_evaluated,AVADHSUGAR-EQ,hold,hold,True,target and post-trail stop decision
9952,position_evaluated,AVADHSUGAR-EQ,hold,hold,True,target and post-trail stop decision
9953,position_evaluated,AVADHSUGAR-EQ,hold,hold,True,target and post-trail stop decision
9954,position_evaluated,AVADHSUGAR-EQ,hold,hold,True,target and post-trail stop decision
9955,position_evaluated,AVADHSUGAR-EQ,hold,hold,True,target and post-trail stop decision
9956,position_evaluated,AVADHSUGAR-EQ,hold,hold,True,target and post-trail stop decision
9957,position_evaluated,AVADHSUGAR-EQ,hold,hold,True,target and post-trail stop decision
9958,position_evaluated,AVADHSUGAR-EQ,hold,hold,True,target and post-trail stop decision
9959,position_evaluated,AVADHSUGAR-EQ,hold,hold,True,target and post-trail stop decision
9960,position_evaluated,AVADHSUGAR-EQ,hold,hold,True,target and post-trail stop decision
9961,position_evaluated,AVADHSUGAR-EQ,hold,hold,True,target and post-trail stop decision
9962,position_evaluated,AVADHSUGAR-EQ,hold,hold,True,target and post-trail stop decision
9963,position_evaluated,AVADHSUGAR-EQ,hold,hold,True,target and post-trail stop decision
9964,position_evaluated,AVADHSUGAR-EQ,hold,hold,True,target and post-trail stop decision
9965,position_evaluated,AVADHSUGAR-EQ,hold,hold,True,target and post-trail stop decision
9966,position_evaluated,AVADHSUGAR-EQ,hold,hold,True,target and post-trail stop decision
9967,position_evaluated,AVADHSUGAR-EQ,hold,hold,True,target and post-trail stop decision
9968,position_evaluated,AVADHSUGAR-EQ,hold,hold,True,target and post-trail stop decision
9969,position_evaluated,AVADHSUGAR-EQ,hold,hold,True,target and post-trail stop decision
9970,position_evaluated,AVADHSUGAR-EQ,hold,hold,True,target and post-trail stop decision
9971,position_evaluated,AVADHSUGAR-EQ,hold,hold,True,target and post-trail stop decision
9972,position_evaluated,AVADHSUGAR-EQ,hold,hold,True,target and post-trail stop decision
9973,position_evaluated,AVADHSUGAR-EQ,hold,hold,True,target and post-trail stop decision
9974,position_evaluated,AVADHSUGAR-EQ,hold,hold,True,target and post-trail stop decision
9975,position_evaluated,AVADHSUGAR-EQ,hold,hold,True,target and post-trail stop decision
9976,position_evaluated,AVADHSUGAR-EQ,hold,hold,True,target and post-trail stop decision
9977,position_evaluated,AVADHSUGAR-EQ,hold,hold,True,target and post-trail stop decision
9978,position_evaluated,AVADHSUGAR-EQ,hold,hold,True,target and post-trail stop decision
9979,position_evaluated,AVADHSUGAR-EQ,hold,hold,True,target and post-trail stop decision
9980,position_evaluated,AVADHSUGAR-EQ,hold,hold,True,target and post-trail stop decision
9981,position_evaluated,AVADHSUGAR-EQ,hold,hold,True,target and post-trail stop decision
9982,position_evaluated,AVADHSUGAR-EQ,hold,hold,True,target and post-trail stop decision
9983,position_evaluated,AVADHSUGAR-EQ,hold,hold,True,target and post-trail stop decision
9984,position_evaluated,AVADHSUGAR-EQ,hold,hold,True,target and post-trail stop decision
9985,position_evaluated,AVADHSUGAR-EQ,hold,hold,True,target and post-trail stop decision
9986,position_evaluated,AVADHSUGAR-EQ,hold,hold,True,target and post-trail stop decision
9987,position_evaluated,AVADHSUGAR-EQ,hold,hold,True,target and post-trail stop decision
9988,position_evaluated,AVADHSUGAR-EQ,hold,hold,True,target and post-trail stop decision
9989,position_evaluated,AVADHSUGAR-EQ,hold,hold,True,target and post-trail stop decision
9990,position_evaluated,AVADHSUGAR-EQ,hold,hold,True,target and post-trail stop decision
9991,position_evaluated,AVADHSUGAR-EQ,hold,hold,True,target and post-trail stop decision
9992,position_evaluated,AVADHSUGAR-EQ,hold,hold,True,target and post-trail stop decision
9993,position_evaluated,AVADHSUGAR-EQ,hold,hold,True,target and post-trail stop decision
9994,position_evaluated,AVADHSUGAR-EQ,hold,hold,True,target and post-trail stop decision
9995,position_evaluated,AVADHSUGAR-EQ,hold,hold,True,target and post-trail stop decision
9996,position_evaluated,AVADHSUGAR-EQ,hold,hold,True,target and post-trail stop decision
9997,position_evaluated,AVADHSUGAR-EQ,hold,hold,True,target and post-trail stop decision
9998,position_evaluated,AVADHSUGAR-EQ,hold,hold,True,target and post-trail stop decision
9999,position_evaluated,AVADHSUGAR-EQ,hold,hold,True,target and post-trail stop decision
10000,position_evaluated,AVADHSUGAR-EQ,hold,hold,True,target and post-trail stop decision
10001,position_evaluated,AVADHSUGAR-EQ,hold,hold,True,target and post-trail stop decision
10002,position_evaluated,AVADHSUGAR-EQ,hold,hold,True,target and post-trail stop decision
10003,position_evaluated,AVADHSUGAR-EQ,hold,hold,True,target and post-trail stop decision
10004,position_evaluated,AVADHSUGAR-EQ,hold,hold,True,target and post-trail stop decision
10005,position_evaluated,AVADHSUGAR-EQ,hold,hold,True,target and post-trail stop decision
10006,position_evaluated,AVADHSUGAR-EQ,hold,hold,True,target and post-trail stop decision
10007,position_evaluated,AVADHSUGAR-EQ,hold,hold,True,target and post-trail stop decision
10008,position_evaluated,AVADHSUGAR-EQ,hold,hold,True,target and post-trail stop decision
10009,position_evaluated,AVADHSUGAR-EQ,hold,hold,True,target and post-trail stop decision
10010,position_evaluated,AVADHSUGAR-EQ,hold,hold,True,target and post-trail stop decision
10011,position_evaluated,AVADHSUGAR-EQ,hold,hold,True,target and post-trail stop decision
10012,position_evaluated,AVADHSUGAR-EQ,hold,hold,True,target and post-trail stop decision
10013,position_evaluated,AVADHSUGAR-EQ,hold,hold,True,target and post-trail stop decision
10014,position_evaluated,AVADHSUGAR-EQ,hold,hold,True,target and post-trail stop decision
10015,position_evaluated,AVADHSUGAR-EQ,hold,hold,True,target and post-trail stop decision
10016,position_evaluated,AVADHSUGAR-EQ,hold,hold,True,target and post-trail stop decision
10017,position_evaluated,AVADHSUGAR-EQ,hold,hold,True,target and post-trail stop decision
10018,position_evaluated,AVADHSUGAR-EQ,hold,hold,True,target and post-trail stop decision
10019,position_evaluated,AVADHSUGAR-EQ,hold,hold,True,target and post-trail stop decision
10020,position_evaluated,AVADHSUGAR-EQ,hold,hold,True,target and post-trail stop decision
10021,position_evaluated,AVADHSUGAR-EQ,hold,hold,True,target and post-trail stop decision
10022,position_evaluated,AVADHSUGAR-EQ,hold,hold,True,target and post-trail stop decision
10023,position_evaluated,AVADHSUGAR-EQ,hold,hold,True,target and post-trail stop decision
10024,position_evaluated,AVADHSUGAR-EQ,hold,hold,True,target and post-trail stop decision
10025,position_evaluated,AVADHSUGAR-EQ,hold,hold,True,target and post-trail stop decision
10026,position_evaluated,AVADHSUGAR-EQ,hold,hold,True,target and post-trail stop decision
10027,position_evaluated,AVADHSUGAR-EQ,hold,hold,True,target and post-trail stop decision
10028,position_evaluated,AVADHSUGAR-EQ,hold,hold,True,target and post-trail stop decision
10029,position_evaluated,AVADHSUGAR-EQ,hold,hold,True,target and post-trail stop decision
10030,position_evaluated,AVADHSUGAR-EQ,hold,hold,True,target and post-trail stop decision
10031,position_evaluated,AVADHSUGAR-EQ,hold,hold,True,target and post-trail stop decision
10032,position_evaluated,AVADHSUGAR-EQ,hold,hold,True,target and post-trail stop decision
10033,position_evaluated,AVADHSUGAR-EQ,hold,hold,True,target and post-trail stop decision
10034,position_evaluated,AVADHSUGAR-EQ,hold,hold,True,target and post-trail stop decision
10035,position_evaluated,AVADHSUGAR-EQ,hold,hold,True,target and post-trail stop decision
10036,position_evaluated,AVADHSUGAR-EQ,hold,hold,True,target and post-trail stop decision
10037,position_evaluated,AVADHSUGAR-EQ,hold,hold,True,target and post-trail stop decision
10038,position_evaluated,AVADHSUGAR-EQ,hold,hold,True,target and post-trail stop decision
10039,position_evaluated,AVADHSUGAR-EQ,hold,hold,True,target and post-trail stop decision
10040,position_evaluated,AVADHSUGAR-EQ,hold,hold,True,target and post-trail stop decision
10041,position_evaluated,AVADHSUGAR-EQ,hold,hold,True,target and post-trail stop decision
10042,position_evaluated,AVADHSUGAR-EQ,hold,hold,True,target and post-trail stop decision
10043,position_evaluated,AVADHSUGAR-EQ,hold,hold,True,target and post-trail stop decision
10044,position_evaluated,AVADHSUGAR-EQ,hold,hold,True,target and post-trail stop decision
10045,position_evaluated,AVADHSUGAR-EQ,hold,hold,True,target and post-trail stop decision
10046,position_evaluated,AVADHSUGAR-EQ,hold,hold,True,target and post-trail stop decision
10047,position_evaluated,AVADHSUGAR-EQ,hold,hold,True,target and post-trail stop decision
10048,position_evaluated,AVADHSUGAR-EQ,hold,hold,True,target and post-trail stop decision
10049,position_evaluated,AVADHSUGAR-EQ,hold,hold,True,target and post-trail stop decision
10050,position_evaluated,AVADHSUGAR-EQ,hold,hold,True,target and post-trail stop decision
10051,position_evaluated,AVADHSUGAR-EQ,hold,hold,True,target and post-trail stop decision
10052,position_evaluated,AVADHSUGAR-EQ,hold,hold,True,target and post-trail stop decision
10053,position_evaluated,AVADHSUGAR-EQ,hold,hold,True,target and post-trail stop decision
10054,position_evaluated,AVADHSUGAR-EQ,hold,hold,True,target and post-trail stop decision
10055,position_evaluated,AVADHSUGAR-EQ,hold,hold,True,target and post-trail stop decision
10056,position_evaluated,AVADHSUGAR-EQ,hold,hold,True,target and post-trail stop decision
10057,position_evaluated,AVADHSUGAR-EQ,hold,hold,True,target and post-trail stop decision
10058,position_evaluated,AVADHSUGAR-EQ,hold,hold,True,target and post-trail stop decision
10059,position_evaluated,AVADHSUGAR-EQ,hold,hold,True,target and post-trail stop decision
10060,position_evaluated,AVADHSUGAR-EQ,hold,hold,True,target and post-trail stop decision
10061,position_evaluated,AVADHSUGAR-EQ,hold,hold,True,target and post-trail stop decision
10062,position_evaluated,AVADHSUGAR-EQ,hold,hold,True,target and post-trail stop decision
10063,position_evaluated,AVADHSUGAR-EQ,hold,hold,True,target and post-trail stop decision
10064,position_evaluated,AVADHSUGAR-EQ,hold,hold,True,target and post-trail stop decision
10065,position_evaluated,AVADHSUGAR-EQ,hold,hold,True,target and post-trail stop decision
10066,position_evaluated,AVADHSUGAR-EQ,hold,hold,True,target and post-trail stop decision
10067,position_evaluated,AVADHSUGAR-EQ,hold,hold,True,target and post-trail stop decision
10068,position_evaluated,AVADHSUGAR-EQ,hold,hold,True,target and post-trail stop decision
10069,position_evaluated,AVADHSUGAR-EQ,hold,hold,True,target and post-trail stop decision
10070,position_evaluated,AVADHSUGAR-EQ,hold,hold,True,target and post-trail stop decision
10071,position_evaluated,AVADHSUGAR-EQ,hold,hold,True,target and post-trail stop decision
10072,position_evaluated,AVADHSUGAR-EQ,hold,hold,True,target and post-trail stop decision
10073,position_evaluated,AVADHSUGAR-EQ,hold,hold,True,target and post-trail stop decision
10074,position_evaluated,AVADHSUGAR-EQ,hold,hold,True,target and post-trail stop decision
10075,position_evaluated,AVADHSUGAR-EQ,hold,hold,True,target and post-trail stop decision
10076,position_evaluated,AVADHSUGAR-EQ,hold,hold,True,target and post-trail stop decision
10077,position_evaluated,AVADHSUGAR-EQ,hold,hold,True,target and post-trail stop decision
10078,position_evaluated,AVADHSUGAR-EQ,hold,hold,True,target and post-trail stop decision
10079,position_evaluated,AVADHSUGAR-EQ,hold,hold,True,target and post-trail stop decision
10080,position_evaluated,AVADHSUGAR-EQ,hold,hold,True,target and post-trail stop decision
10081,position_evaluated,AVADHSUGAR-EQ,hold,hold,True,target and post-trail stop decision
10082,position_evaluated,AVADHSUGAR-EQ,hold,hold,True,target and post-trail stop decision
10083,position_evaluated,AVADHSUGAR-EQ,hold,hold,True,target and post-trail stop decision
10084,position_evaluated,AVADHSUGAR-EQ,hold,hold,True,target and post-trail stop decision
10085,position_evaluated,AVADHSUGAR-EQ,hold,hold,True,target and post-trail stop decision
10086,position_evaluated,AVADHSUGAR-EQ,hold,hold,True,target and post-trail stop decision
10087,position_evaluated,AVADHSUGAR-EQ,hold,hold,True,target and post-trail stop decision
10088,position_evaluated,AVADHSUGAR-EQ,hold,hold,True,target and post-trail stop decision
10089,position_evaluated,AVADHSUGAR-EQ,hold,hold,True,target and post-trail stop decision
10090,position_evaluated,AVADHSUGAR-EQ,hold,hold,True,target and post-trail stop decision
10091,position_evaluated,AVADHSUGAR-EQ,hold,hold,True,target and post-trail stop decision
10092,position_evaluated,AVADHSUGAR-EQ,hold,hold,True,target and post-trail stop decision
10093,position_evaluated,AVADHSUGAR-EQ,hold,hold,True,target and post-trail stop decision
10094,position_evaluated,AVADHSUGAR-EQ,hold,hold,True,target and post-trail stop decision
10095,position_evaluated,AVADHSUGAR-EQ,hold,hold,True,target and post-trail stop decision
10096,position_evaluated,AVADHSUGAR-EQ,hold,hold,True,target and post-trail stop decision
10097,position_evaluated,AVADHSUGAR-EQ,hold,hold,True,target and post-trail stop decision
10098,position_evaluated,AVADHSUGAR-EQ,hold,hold,True,target and post-trail stop decision
10099,position_evaluated,AVADHSUGAR-EQ,hold,hold,True,target and post-trail stop decision
10100,position_evaluated,AVADHSUGAR-EQ,hold,hold,True,target and post-trail stop decision
10101,position_evaluated,AVADHSUGAR-EQ,hold,hold,True,target and post-trail stop decision
10102,position_evaluated,AVADHSUGAR-EQ,hold,hold,True,target and post-trail stop decision
10103,position_evaluated,AVADHSUGAR-EQ,hold,hold,True,target and post-trail stop decision
10104,position_evaluated,AVADHSUGAR-EQ,hold,hold,True,target and post-trail stop decision
10105,position_evaluated,AVADHSUGAR-EQ,hold,hold,True,target and post-trail stop decision
10106,position_evaluated,AVADHSUGAR-EQ,hold,hold,True,target and post-trail stop decision
10107,position_evaluated,AVADHSUGAR-EQ,hold,hold,True,target and post-trail stop decision
10108,position_evaluated,AVADHSUGAR-EQ,hold,hold,True,target and post-trail stop decision
10109,position_evaluated,AVADHSUGAR-EQ,hold,hold,True,target and post-trail stop decision
10110,position_evaluated,AVADHSUGAR-EQ,hold,hold,True,target and post-trail stop decision
10111,position_evaluated,AVADHSUGAR-EQ,hold,hold,True,target and post-trail stop decision
10112,position_evaluated,AVADHSUGAR-EQ,hold,hold,True,target and post-trail stop decision
10113,position_evaluated,AVADHSUGAR-EQ,hold,hold,True,target and post-trail stop decision
10114,position_evaluated,AVADHSUGAR-EQ,hold,hold,True,target and post-trail stop decision
10115,position_evaluated,AVADHSUGAR-EQ,hold,hold,True,target and post-trail stop decision
10116,position_evaluated,AVADHSUGAR-EQ,hold,hold,True,target and post-trail stop decision
10117,position_evaluated,AVADHSUGAR-EQ,hold,hold,True,target and post-trail stop decision
10118,position_evaluated,AVADHSUGAR-EQ,hold,hold,True,target and post-trail stop decision
10119,position_evaluated,AVADHSUGAR-EQ,hold,hold,True,target and post-trail stop decision
10120,position_evaluated,AVADHSUGAR-EQ,hold,hold,True,target and post-trail stop decision
10121,position_evaluated,AVADHSUGAR-EQ,hold,hold,True,target and post-trail stop decision
10122,position_evaluated,AVADHSUGAR-EQ,hold,hold,True,target and post-trail stop decision
10123,position_evaluated,AVADHSUGAR-EQ,hold,hold,True,target and post-trail stop decision
10124,position_evaluated,AVADHSUGAR-EQ,hold,hold,True,target and post-trail stop decision
10125,position_evaluated,AVADHSUGAR-EQ,hold,hold,True,target and post-trail stop decision
10126,position_evaluated,AVADHSUGAR-EQ,hold,hold,True,target and post-trail stop decision
10127,position_evaluated,AVADHSUGAR-EQ,hold,hold,True,target and post-trail stop decision
10128,position_evaluated,AVADHSUGAR-EQ,hold,hold,True,target and post-trail stop decision
10129,position_evaluated,AVADHSUGAR-EQ,hold,hold,True,target and post-trail stop decision
10130,position_evaluated,AVADHSUGAR-EQ,hold,hold,True,target and post-trail stop decision
10131,position_evaluated,AVADHSUGAR-EQ,hold,hold,True,target and post-trail stop decision
10132,position_evaluated,AVADHSUGAR-EQ,hold,hold,True,target and post-trail stop decision
10133,position_evaluated,AVADHSUGAR-EQ,hold,hold,True,target and post-trail stop decision
10134,position_evaluated,AVADHSUGAR-EQ,hold,hold,True,target and post-trail stop decision
10135,position_evaluated,AVADHSUGAR-EQ,hold,hold,True,target and post-trail stop decision
10136,position_evaluated,AVADHSUGAR-EQ,hold,hold,True,target and post-trail stop decision
10137,position_evaluated,AVADHSUGAR-EQ,hold,hold,True,target and post-trail stop decision
10138,position_evaluated,AVADHSUGAR-EQ,hold,hold,True,target and post-trail stop decision
10139,position_evaluated,AVADHSUGAR-EQ,hold,hold,True,target and post-trail stop decision
10140,position_evaluated,AVADHSUGAR-EQ,hold,hold,True,target and post-trail stop decision
10141,position_evaluated,AVADHSUGAR-EQ,hold,hold,True,target and post-trail stop decision
10142,position_evaluated,AVADHSUGAR-EQ,hold,hold,True,target and post-trail stop decision
10143,position_evaluated,AVADHSUGAR-EQ,hold,hold,True,target and post-trail stop decision
10144,position_evaluated,AVADHSUGAR-EQ,hold,hold,True,target and post-trail stop decision
10145,position_evaluated,AVADHSUGAR-EQ,hold,hold,True,target and post-trail stop decision
10146,position_evaluated,AVADHSUGAR-EQ,hold,hold,True,target and post-trail stop decision
10147,position_evaluated,AVADHSUGAR-EQ,hold,hold,True,target and post-trail stop decision
10148,position_evaluated,AVADHSUGAR-EQ,hold,hold,True,target and post-trail stop decision
10149,position_evaluated,AVADHSUGAR-EQ,hold,hold,True,target and post-trail stop decision
10150,position_evaluated,AVADHSUGAR-EQ,hold,hold,True,target and post-trail stop decision
10151,position_evaluated,AVADHSUGAR-EQ,hold,hold,True,target and post-trail stop decision
10152,position_evaluated,AVADHSUGAR-EQ,hold,hold,True,target and post-trail stop decision
10153,position_evaluated,AVADHSUGAR-EQ,hold,hold,True,target and post-trail stop decision
10154,position_evaluated,AVADHSUGAR-EQ,hold,hold,True,target and post-trail stop decision
10155,position_evaluated,AVADHSUGAR-EQ,hold,hold,True,target and post-trail stop decision
10156,position_evaluated,AVADHSUGAR-EQ,hold,hold,True,target and post-trail stop decision
10157,position_evaluated,AVADHSUGAR-EQ,hold,hold,True,target and post-trail stop decision
10158,position_evaluated,AVADHSUGAR-EQ,hold,hold,True,target and post-trail stop decision
10159,position_evaluated,AVADHSUGAR-EQ,hold,hold,True,target and post-trail stop decision
10160,position_evaluated,AVADHSUGAR-EQ,hold,hold,True,target and post-trail stop decision
10161,position_evaluated,AVADHSUGAR-EQ,hold,hold,True,target and post-trail stop decision
10162,position_evaluated,AVADHSUGAR-EQ,hold,hold,True,target and post-trail stop decision
10163,position_evaluated,AVADHSUGAR-EQ,hold,hold,True,target and post-trail stop decision
10164,position_evaluated,AVADHSUGAR-EQ,hold,hold,True,target and post-trail stop decision
10165,position_evaluated,AVADHSUGAR-EQ,hold,hold,True,target and post-trail stop decision
10166,position_evaluated,AVADHSUGAR-EQ,hold,hold,True,target and post-trail stop decision
10167,position_evaluated,AVADHSUGAR-EQ,hold,hold,True,target and post-trail stop decision
10168,position_evaluated,AVADHSUGAR-EQ,hold,hold,True,target and post-trail stop decision
10169,position_evaluated,AVADHSUGAR-EQ,hold,hold,True,target and post-trail stop decision
10170,position_evaluated,AVADHSUGAR-EQ,hold,hold,True,target and post-trail stop decision
10171,position_evaluated,AVADHSUGAR-EQ,hold,hold,True,target and post-trail stop decision
10172,position_evaluated,AVADHSUGAR-EQ,hold,hold,True,target and post-trail stop decision
10173,position_evaluated,AVADHSUGAR-EQ,hold,hold,True,target and post-trail stop decision
10174,position_evaluated,AVADHSUGAR-EQ,hold,hold,True,target and post-trail stop decision
10175,position_evaluated,AVADHSUGAR-EQ,hold,hold,True,target and post-trail stop decision
10176,position_evaluated,AVADHSUGAR-EQ,hold,hold,True,target and post-trail stop decision
10177,position_evaluated,AVADHSUGAR-EQ,hold,hold,True,target and post-trail stop decision
10178,position_evaluated,AVADHSUGAR-EQ,hold,hold,True,target and post-trail stop decision
10179,position_evaluated,AVADHSUGAR-EQ,hold,hold,True,target and post-trail stop decision
10180,position_evaluated,AVADHSUGAR-EQ,hold,hold,True,target and post-trail stop decision
10181,position_evaluated,AVADHSUGAR-EQ,hold,hold,True,target and post-trail stop decision
10182,position_evaluated,AVADHSUGAR-EQ,hold,hold,True,target and post-trail stop decision
10183,position_evaluated,AVADHSUGAR-EQ,hold,hold,True,target and post-trail stop decision
10184,position_evaluated,AVADHSUGAR-EQ,hold,hold,True,target and post-trail stop decision
10185,position_evaluated,AVADHSUGAR-EQ,hold,hold,True,target and post-trail stop decision
10186,position_evaluated,AVADHSUGAR-EQ,hold,hold,True,target and post-trail stop decision
10187,position_evaluated,AVADHSUGAR-EQ,hold,hold,True,target and post-trail stop decision
10188,position_evaluated,AVADHSUGAR-EQ,hold,hold,True,target and post-trail stop decision
10189,position_evaluated,AVADHSUGAR-EQ,hold,hold,True,target and post-trail stop decision
10190,position_evaluated,AVADHSUGAR-EQ,hold,hold,True,target and post-trail stop decision
10191,position_evaluated,AVADHSUGAR-EQ,hold,hold,True,target and post-trail stop decision
10192,position_evaluated,AVADHSUGAR-EQ,hold,hold,True,target and post-trail stop decision
10193,position_evaluated,AVADHSUGAR-EQ,hold,hold,True,target and post-trail stop decision
10194,position_evaluated,AVADHSUGAR-EQ,hold,hold,True,target and post-trail stop decision
10195,position_evaluated,AVADHSUGAR-EQ,hold,hold,True,target and post-trail stop decision
10196,position_evaluated,AVADHSUGAR-EQ,hold,hold,True,target and post-trail stop decision
10197,position_evaluated,AVADHSUGAR-EQ,hold,hold,True,target and post-trail stop decision
10198,position_evaluated,AVADHSUGAR-EQ,hold,hold,True,target and post-trail stop decision
10199,position_evaluated,AVADHSUGAR-EQ,hold,hold,True,target and post-trail stop decision
10200,position_evaluated,AVADHSUGAR-EQ,hold,hold,True,target and post-trail stop decision
10201,position_evaluated,AVADHSUGAR-EQ,hold,hold,True,target and post-trail stop decision
10202,position_evaluated,AVADHSUGAR-EQ,hold,hold,True,target and post-trail stop decision
10203,position_evaluated,AVADHSUGAR-EQ,hold,hold,True,target and post-trail stop decision
10204,position_evaluated,AVADHSUGAR-EQ,hold,hold,True,target and post-trail stop decision
10205,position_evaluated,AVADHSUGAR-EQ,hold,hold,True,target and post-trail stop decision
10206,position_evaluated,AVADHSUGAR-EQ,hold,hold,True,target and post-trail stop decision
10207,position_evaluated,AVADHSUGAR-EQ,hold,hold,True,target and post-trail stop decision
10208,position_evaluated,AVADHSUGAR-EQ,hold,hold,True,target and post-trail stop decision
10209,position_evaluated,AVADHSUGAR-EQ,hold,hold,True,target and post-trail stop decision
10210,position_evaluated,AVADHSUGAR-EQ,hold,hold,True,target and post-trail stop decision
10211,position_evaluated,AVADHSUGAR-EQ,hold,hold,True,target and post-trail stop decision
10212,position_evaluated,AVADHSUGAR-EQ,hold,hold,True,target and post-trail stop decision
10213,position_evaluated,AVADHSUGAR-EQ,hold,hold,True,target and post-trail stop decision
10214,position_evaluated,AVADHSUGAR-EQ,hold,hold,True,target and post-trail stop decision
10215,position_evaluated,AVADHSUGAR-EQ,hold,hold,True,target and post-trail stop decision
10216,position_evaluated,AVADHSUGAR-EQ,hold,hold,True,target and post-trail stop decision
10217,position_evaluated,AVADHSUGAR-EQ,hold,hold,True,target and post-trail stop decision
10218,position_evaluated,AVADHSUGAR-EQ,hold,hold,True,target and post-trail stop decision
10219,position_evaluated,AVADHSUGAR-EQ,hold,hold,True,target and post-trail stop decision
10220,position_evaluated,AVADHSUGAR-EQ,hold,hold,True,target and post-trail stop decision
10221,position_evaluated,AVADHSUGAR-EQ,hold,hold,True,target and post-trail stop decision
10222,position_evaluated,AVADHSUGAR-EQ,hold,hold,True,target and post-trail stop decision
10223,position_evaluated,AVADHSUGAR-EQ,hold,hold,True,target and post-trail stop decision
10224,position_evaluated,AVADHSUGAR-EQ,hold,hold,True,target and post-trail stop decision
10225,position_evaluated,AVADHSUGAR-EQ,hold,hold,True,target and post-trail stop decision
10226,position_evaluated,AVADHSUGAR-EQ,hold,hold,True,target and post-trail stop decision
10227,position_evaluated,AVADHSUGAR-EQ,hold,hold,True,target and post-trail stop decision
10228,position_evaluated,AVADHSUGAR-EQ,hold,hold,True,target and post-trail stop decision
10229,position_evaluated,AVADHSUGAR-EQ,hold,hold,True,target and post-trail stop decision
10230,position_evaluated,AVADHSUGAR-EQ,hold,hold,True,target and post-trail stop decision
10231,position_evaluated,AVADHSUGAR-EQ,hold,hold,True,target and post-trail stop decision
10232,position_evaluated,AVADHSUGAR-EQ,hold,hold,True,target and post-trail stop decision
10233,position_evaluated,AVADHSUGAR-EQ,hold,hold,True,target and post-trail stop decision
10234,position_evaluated,AVADHSUGAR-EQ,hold,hold,True,target and post-trail stop decision
10235,position_evaluated,AVADHSUGAR-EQ,hold,hold,True,target and post-trail stop decision
10236,position_evaluated,AVADHSUGAR-EQ,hold,hold,True,target and post-trail stop decision
10237,position_evaluated,AVADHSUGAR-EQ,hold,hold,True,target and post-trail stop decision
10238,position_evaluated,AVADHSUGAR-EQ,hold,hold,True,target and post-trail stop decision
10239,position_evaluated,AVADHSUGAR-EQ,hold,hold,True,target and post-trail stop decision
10240,position_evaluated,AVADHSUGAR-EQ,hold,hold,True,target and post-trail stop decision
10241,position_evaluated,AVADHSUGAR-EQ,hold,hold,True,target and post-trail stop decision
10242,position_evaluated,AVADHSUGAR-EQ,hold,hold,True,target and post-trail stop decision
10243,position_evaluated,AVADHSUGAR-EQ,hold,hold,True,target and post-trail stop decision
10244,position_evaluated,AVADHSUGAR-EQ,hold,hold,True,target and post-trail stop decision
10245,position_evaluated,AVADHSUGAR-EQ,hold,hold,True,target and post-trail stop decision
10246,position_evaluated,AVADHSUGAR-EQ,hold,hold,True,target and post-trail stop decision
10247,position_evaluated,AVADHSUGAR-EQ,hold,hold,True,target and post-trail stop decision
10248,position_evaluated,AVADHSUGAR-EQ,hold,hold,True,target and post-trail stop decision
10249,position_evaluated,AVADHSUGAR-EQ,hold,hold,True,target and post-trail stop decision
10250,position_evaluated,AVADHSUGAR-EQ,hold,hold,True,target and post-trail stop decision
10251,position_evaluated,AVADHSUGAR-EQ,hold,hold,True,target and post-trail stop decision
10252,position_evaluated,AVADHSUGAR-EQ,hold,hold,True,target and post-trail stop decision
10253,position_evaluated,AVADHSUGAR-EQ,hold,hold,True,target and post-trail stop decision
10254,position_evaluated,AVADHSUGAR-EQ,hold,hold,True,target and post-trail stop decision
10255,position_evaluated,AVADHSUGAR-EQ,hold,hold,True,target and post-trail stop decision
10256,position_evaluated,AVADHSUGAR-EQ,hold,hold,True,target and post-trail stop decision
10257,position_evaluated,AVADHSUGAR-EQ,hold,hold,True,target and post-trail stop decision
10258,position_evaluated,AVADHSUGAR-EQ,hold,hold,True,target and post-trail stop decision
10259,position_evaluated,AVADHSUGAR-EQ,hold,hold,True,target and post-trail stop decision
10260,position_evaluated,AVADHSUGAR-EQ,hold,hold,True,target and post-trail stop decision
10261,position_evaluated,AVADHSUGAR-EQ,hold,hold,True,target and post-trail stop decision
10262,position_evaluated,AVADHSUGAR-EQ,hold,hold,True,target and post-trail stop decision
10263,position_evaluated,AVADHSUGAR-EQ,hold,hold,True,target and post-trail stop decision
10264,position_evaluated,AVADHSUGAR-EQ,hold,hold,True,target and post-trail stop decision
10265,position_evaluated,AVADHSUGAR-EQ,hold,hold,True,target and post-trail stop decision
10266,position_evaluated,AVADHSUGAR-EQ,hold,hold,True,target and post-trail stop decision
10267,position_evaluated,AVADHSUGAR-EQ,hold,hold,True,target and post-trail stop decision
10268,position_evaluated,AVADHSUGAR-EQ,hold,hold,True,target and post-trail stop decision
10269,position_evaluated,AVADHSUGAR-EQ,hold,hold,True,target and post-trail stop decision
10270,position_evaluated,AVADHSUGAR-EQ,hold,hold,True,target and post-trail stop decision
10271,position_evaluated,AVADHSUGAR-EQ,hold,hold,True,target and post-trail stop decision
10272,position_evaluated,AVADHSUGAR-EQ,hold,hold,True,target and post-trail stop decision
10273,position_evaluated,AVADHSUGAR-EQ,hold,hold,True,target and post-trail stop decision
10274,position_evaluated,AVADHSUGAR-EQ,hold,hold,True,target and post-trail stop decision
10275,position_evaluated,AVADHSUGAR-EQ,hold,hold,True,target and post-trail stop decision
10276,position_evaluated,AVADHSUGAR-EQ,hold,hold,True,target and post-trail stop decision
10277,position_evaluated,AVADHSUGAR-EQ,hold,hold,True,target and post-trail stop decision
10278,position_evaluated,AVADHSUGAR-EQ,hold,hold,True,target and post-trail stop decision
10279,position_evaluated,AVADHSUGAR-EQ,hold,hold,True,target and post-trail stop decision
10280,position_evaluated,AVADHSUGAR-EQ,hold,hold,True,target and post-trail stop decision
10281,position_evaluated,AVADHSUGAR-EQ,hold,hold,True,target and post-trail stop decision
10282,position_evaluated,AVADHSUGAR-EQ,hold,hold,True,target and post-trail stop decision
10283,position_evaluated,AVADHSUGAR-EQ,hold,hold,True,target and post-trail stop decision
10284,position_evaluated,AVADHSUGAR-EQ,hold,hold,True,target and post-trail stop decision
10285,position_evaluated,AVADHSUGAR-EQ,hold,hold,True,target and post-trail stop decision
10286,position_evaluated,AVADHSUGAR-EQ,hold,hold,True,target and post-trail stop decision
10287,position_evaluated,AVADHSUGAR-EQ,hold,hold,True,target and post-trail stop decision
10288,position_evaluated,AVADHSUGAR-EQ,hold,hold,True,target and post-trail stop decision
10289,position_evaluated,AVADHSUGAR-EQ,hold,hold,True,target and post-trail stop decision
10290,position_evaluated,AVADHSUGAR-EQ,hold,hold,True,target and post-trail stop decision
10291,position_evaluated,AVADHSUGAR-EQ,hold,hold,True,target and post-trail stop decision
10292,position_evaluated,AVADHSUGAR-EQ,hold,hold,True,target and post-trail stop decision
10293,position_evaluated,AVADHSUGAR-EQ,hold,hold,True,target and post-trail stop decision
10294,position_evaluated,AVADHSUGAR-EQ,hold,hold,True,target and post-trail stop decision
10295,position_evaluated,AVADHSUGAR-EQ,hold,hold,True,target and post-trail stop decision
10296,position_evaluated,AVADHSUGAR-EQ,hold,hold,True,target and post-trail stop decision
10297,position_evaluated,AVADHSUGAR-EQ,hold,hold,True,target and post-trail stop decision
10298,position_evaluated,AVADHSUGAR-EQ,hold,hold,True,target and post-trail stop decision
10299,position_evaluated,AVADHSUGAR-EQ,hold,hold,True,target and post-trail stop decision
10300,position_evaluated,AVADHSUGAR-EQ,hold,hold,True,target and post-trail stop decision
10301,position_evaluated,AVADHSUGAR-EQ,hold,hold,True,target and post-trail stop decision
10302,position_evaluated,AVADHSUGAR-EQ,hold,hold,True,target and post-trail stop decision
10303,position_evaluated,AVADHSUGAR-EQ,hold,hold,True,target and post-trail stop decision
10304,position_evaluated,AVADHSUGAR-EQ,hold,hold,True,target and post-trail stop decision
10305,position_evaluated,AVADHSUGAR-EQ,hold,hold,True,target and post-trail stop decision
10306,position_evaluated,AVADHSUGAR-EQ,hold,hold,True,target and post-trail stop decision
10307,position_evaluated,AVADHSUGAR-EQ,hold,hold,True,target and post-trail stop decision
10308,position_evaluated,AVADHSUGAR-EQ,hold,hold,True,target and post-trail stop decision
10309,position_evaluated,AVADHSUGAR-EQ,hold,hold,True,target and post-trail stop decision
10310,position_evaluated,AVADHSUGAR-EQ,hold,hold,True,target and post-trail stop decision
10311,position_evaluated,AVADHSUGAR-EQ,hold,hold,True,target and post-trail stop decision
10312,position_evaluated,AVADHSUGAR-EQ,hold,hold,True,target and post-trail stop decision
10313,position_evaluated,AVADHSUGAR-EQ,hold,hold,True,target and post-trail stop decision
10314,position_evaluated,AVADHSUGAR-EQ,hold,hold,True,target and post-trail stop decision
10315,position_evaluated,AVADHSUGAR-EQ,hold,hold,True,target and post-trail stop decision
10316,position_evaluated,AVADHSUGAR-EQ,hold,hold,True,target and post-trail stop decision
10317,position_evaluated,AVADHSUGAR-EQ,hold,hold,True,target and post-trail stop decision
10318,position_evaluated,AVADHSUGAR-EQ,hold,hold,True,target and post-trail stop decision
10319,position_evaluated,AVADHSUGAR-EQ,hold,hold,True,target and post-trail stop decision
10320,position_evaluated,AVADHSUGAR-EQ,hold,hold,True,target and post-trail stop decision
10321,position_evaluated,AVADHSUGAR-EQ,hold,hold,True,target and post-trail stop decision
10322,position_evaluated,AVADHSUGAR-EQ,hold,hold,True,target and post-trail stop decision
10323,position_evaluated,AVADHSUGAR-EQ,hold,hold,True,target and post-trail stop decision
10324,position_evaluated,AVADHSUGAR-EQ,hold,hold,True,target and post-trail stop decision
10325,position_evaluated,AVADHSUGAR-EQ,hold,hold,True,target and post-trail stop decision
10326,position_evaluated,AVADHSUGAR-EQ,hold,hold,True,target and post-trail stop decision
10327,position_evaluated,AVADHSUGAR-EQ,hold,hold,True,target and post-trail stop decision
10328,position_evaluated,AVADHSUGAR-EQ,hold,hold,True,target and post-trail stop decision
10329,position_evaluated,AVADHSUGAR-EQ,hold,hold,True,target and post-trail stop decision
10330,position_evaluated,AVADHSUGAR-EQ,hold,hold,True,target and post-trail stop decision
10331,position_evaluated,AVADHSUGAR-EQ,hold,hold,True,target and post-trail stop decision
10332,position_evaluated,AVADHSUGAR-EQ,hold,hold,True,target and post-trail stop decision
10333,position_evaluated,AVADHSUGAR-EQ,hold,hold,True,target and post-trail stop decision
10334,position_evaluated,AVADHSUGAR-EQ,hold,hold,True,target and post-trail stop decision
10335,position_evaluated,AVADHSUGAR-EQ,hold,hold,True,target and post-trail stop decision
10336,position_evaluated,AVADHSUGAR-EQ,hold,hold,True,target and post-trail stop decision
10337,position_evaluated,AVADHSUGAR-EQ,hold,hold,True,target and post-trail stop decision
10338,position_evaluated,AVADHSUGAR-EQ,hold,hold,True,target and post-trail stop decision
10339,position_evaluated,AVADHSUGAR-EQ,hold,hold,True,target and post-trail stop decision
10340,position_evaluated,AVADHSUGAR-EQ,hold,hold,True,target and post-trail stop decision
10341,position_evaluated,AVADHSUGAR-EQ,hold,hold,True,target and post-trail stop decision
10342,position_evaluated,AVADHSUGAR-EQ,hold,hold,True,target and post-trail stop decision
10343,position_evaluated,AVADHSUGAR-EQ,hold,hold,True,target and post-trail stop decision
10344,position_evaluated,AVADHSUGAR-EQ,hold,hold,True,target and post-trail stop decision
10345,position_evaluated,AVADHSUGAR-EQ,hold,hold,True,target and post-trail stop decision
10346,position_evaluated,AVADHSUGAR-EQ,hold,hold,True,target and post-trail stop decision
10347,position_evaluated,AVADHSUGAR-EQ,hold,hold,True,target and post-trail stop decision
10348,position_evaluated,AVADHSUGAR-EQ,hold,hold,True,target and post-trail stop decision
10349,position_evaluated,AVADHSUGAR-EQ,hold,hold,True,target and post-trail stop decision
10350,position_evaluated,AVADHSUGAR-EQ,hold,hold,True,target and post-trail stop decision
10351,position_evaluated,AVADHSUGAR-EQ,hold,hold,True,target and post-trail stop decision
10352,position_evaluated,AVADHSUGAR-EQ,hold,hold,True,target and post-trail stop decision
10353,position_evaluated,AVADHSUGAR-EQ,hold,hold,True,target and post-trail stop decision
10354,position_evaluated,AVADHSUGAR-EQ,hold,hold,True,target and post-trail stop decision
10355,position_evaluated,AVADHSUGAR-EQ,hold,hold,True,target and post-trail stop decision
10356,position_evaluated,AVADHSUGAR-EQ,hold,hold,True,target and post-trail stop decision
10357,position_evaluated,AVADHSUGAR-EQ,hold,hold,True,target and post-trail stop decision
10358,position_evaluated,AVADHSUGAR-EQ,hold,hold,True,target and post-trail stop decision
10359,position_evaluated,AVADHSUGAR-EQ,hold,hold,True,target and post-trail stop decision
10360,position_evaluated,AVADHSUGAR-EQ,hold,hold,True,target and post-trail stop decision
10361,position_evaluated,AVADHSUGAR-EQ,hold,hold,True,target and post-trail stop decision
10362,position_evaluated,AVADHSUGAR-EQ,hold,hold,True,target and post-trail stop decision
10363,position_evaluated,AVADHSUGAR-EQ,hold,hold,True,target and post-trail stop decision
10364,position_evaluated,AVADHSUGAR-EQ,hold,hold,True,target and post-trail stop decision
10365,position_evaluated,AVADHSUGAR-EQ,hold,hold,True,target and post-trail stop decision
10366,position_evaluated,AVADHSUGAR-EQ,hold,hold,True,target and post-trail stop decision
10367,position_evaluated,AVADHSUGAR-EQ,hold,hold,True,target and post-trail stop decision
10368,position_evaluated,AVADHSUGAR-EQ,hold,hold,True,target and post-trail stop decision
10369,position_evaluated,AVADHSUGAR-EQ,hold,hold,True,target and post-trail stop decision
10370,position_evaluated,AVADHSUGAR-EQ,hold,hold,True,target and post-trail stop decision
10371,position_evaluated,AVADHSUGAR-EQ,hold,hold,True,target and post-trail stop decision
10372,position_evaluated,AVADHSUGAR-EQ,hold,hold,True,target and post-trail stop decision
10373,position_evaluated,AVADHSUGAR-EQ,hold,hold,True,target and post-trail stop decision
10374,position_evaluated,AVADHSUGAR-EQ,hold,hold,True,target and post-trail stop decision
10375,position_evaluated,AVADHSUGAR-EQ,hold,hold,True,target and post-trail stop decision
10376,position_evaluated,AVADHSUGAR-EQ,hold,hold,True,target and post-trail stop decision
10377,position_evaluated,AVADHSUGAR-EQ,hold,hold,True,target and post-trail stop decision
10378,position_evaluated,AVADHSUGAR-EQ,hold,hold,True,target and post-trail stop decision
10379,position_evaluated,AVADHSUGAR-EQ,hold,hold,True,target and post-trail stop decision
10380,position_evaluated,AVADHSUGAR-EQ,hold,hold,True,target and post-trail stop decision
10381,position_evaluated,AVADHSUGAR-EQ,hold,hold,True,target and post-trail stop decision
10382,position_evaluated,AVADHSUGAR-EQ,hold,hold,True,target and post-trail stop decision
10383,position_evaluated,AVADHSUGAR-EQ,hold,hold,True,target and post-trail stop decision
10384,position_evaluated,AVADHSUGAR-EQ,hold,hold,True,target and post-trail stop decision
10385,position_evaluated,AVADHSUGAR-EQ,hold,hold,True,target and post-trail stop decision
10386,position_evaluated,AVADHSUGAR-EQ,hold,hold,True,target and post-trail stop decision
10387,position_evaluated,AVADHSUGAR-EQ,hold,hold,True,target and post-trail stop decision
10388,position_evaluated,AVADHSUGAR-EQ,hold,hold,True,target and post-trail stop decision
10389,position_evaluated,AVADHSUGAR-EQ,hold,hold,True,target and post-trail stop decision
10390,position_evaluated,AVADHSUGAR-EQ,hold,hold,True,target and post-trail stop decision
10391,position_evaluated,AVADHSUGAR-EQ,hold,hold,True,target and post-trail stop decision
10392,position_evaluated,AVADHSUGAR-EQ,hold,hold,True,target and post-trail stop decision
10393,position_evaluated,AVADHSUGAR-EQ,hold,hold,True,target and post-trail stop decision
10394,position_evaluated,AVADHSUGAR-EQ,hold,hold,True,target and post-trail stop decision
10395,position_evaluated,AVADHSUGAR-EQ,hold,hold,True,target and post-trail stop decision
10396,position_evaluated,AVADHSUGAR-EQ,hold,hold,True,target and post-trail stop decision
10397,position_evaluated,AVADHSUGAR-EQ,hold,hold,True,target and post-trail stop decision
10398,position_evaluated,AVADHSUGAR-EQ,hold,hold,True,target and post-trail stop decision
10399,position_evaluated,AVADHSUGAR-EQ,hold,hold,True,target and post-trail stop decision
10400,position_evaluated,AVADHSUGAR-EQ,hold,hold,True,target and post-trail stop decision
10401,position_evaluated,AVADHSUGAR-EQ,hold,hold,True,target and post-trail stop decision
10402,position_evaluated,AVADHSUGAR-EQ,hold,hold,True,target and post-trail stop decision
10403,position_evaluated,AVADHSUGAR-EQ,hold,hold,True,target and post-trail stop decision
10404,position_evaluated,AVADHSUGAR-EQ,hold,hold,True,target and post-trail stop decision
10405,position_evaluated,AVADHSUGAR-EQ,hold,hold,True,target and post-trail stop decision
10406,position_evaluated,AVADHSUGAR-EQ,hold,hold,True,target and post-trail stop decision
10407,position_evaluated,AVADHSUGAR-EQ,hold,hold,True,target and post-trail stop decision
10408,position_evaluated,AVADHSUGAR-EQ,hold,hold,True,target and post-trail stop decision
10409,position_evaluated,AVADHSUGAR-EQ,hold,hold,True,target and post-trail stop decision
10410,position_evaluated,AVADHSUGAR-EQ,hold,hold,True,target and post-trail stop decision
10411,position_evaluated,AVADHSUGAR-EQ,hold,hold,True,target and post-trail stop decision
10412,position_evaluated,AVADHSUGAR-EQ,hold,hold,True,target and post-trail stop decision
10413,position_evaluated,AVADHSUGAR-EQ,hold,hold,True,target and post-trail stop decision
10414,position_evaluated,AVADHSUGAR-EQ,hold,hold,True,target and post-trail stop decision
10415,position_evaluated,AVADHSUGAR-EQ,hold,hold,True,target and post-trail stop decision
10416,position_evaluated,AVADHSUGAR-EQ,hold,hold,True,target and post-trail stop decision
10417,position_evaluated,AVADHSUGAR-EQ,hold,hold,True,target and post-trail stop decision
10418,position_evaluated,AVADHSUGAR-EQ,hold,hold,True,target and post-trail stop decision
10419,position_evaluated,AVADHSUGAR-EQ,hold,hold,True,target and post-trail stop decision
10420,position_evaluated,AVADHSUGAR-EQ,hold,hold,True,target and post-trail stop decision
10421,position_evaluated,AVADHSUGAR-EQ,hold,hold,True,target and post-trail stop decision
10422,position_evaluated,AVADHSUGAR-EQ,hold,hold,True,target and post-trail stop decision
10423,position_evaluated,AVADHSUGAR-EQ,hold,hold,True,target and post-trail stop decision
10424,position_evaluated,AVADHSUGAR-EQ,hold,hold,True,target and post-trail stop decision
10425,position_evaluated,AVADHSUGAR-EQ,hold,hold,True,target and post-trail stop decision
10426,position_evaluated,AVADHSUGAR-EQ,hold,hold,True,target and post-trail stop decision
10427,position_evaluated,AVADHSUGAR-EQ,hold,hold,True,target and post-trail stop decision
10428,position_evaluated,AVADHSUGAR-EQ,hold,hold,True,target and post-trail stop decision
10429,position_evaluated,AVADHSUGAR-EQ,hold,hold,True,target and post-trail stop decision
10430,position_evaluated,AVADHSUGAR-EQ,hold,hold,True,target and post-trail stop decision
10431,position_evaluated,AVADHSUGAR-EQ,hold,hold,True,target and post-trail stop decision
10432,position_evaluated,AVADHSUGAR-EQ,hold,hold,True,target and post-trail stop decision
10433,position_evaluated,AVADHSUGAR-EQ,hold,hold,True,target and post-trail stop decision
10434,position_evaluated,AVADHSUGAR-EQ,hold,hold,True,target and post-trail stop decision
10435,position_evaluated,AVADHSUGAR-EQ,hold,hold,True,target and post-trail stop decision
10436,position_evaluated,AVADHSUGAR-EQ,hold,hold,True,target and post-trail stop decision
10437,position_evaluated,AVADHSUGAR-EQ,hold,hold,True,target and post-trail stop decision
10438,position_evaluated,AVADHSUGAR-EQ,hold,hold,True,target and post-trail stop decision
10439,position_evaluated,AVADHSUGAR-EQ,hold,hold,True,target and post-trail stop decision
10440,position_evaluated,AVADHSUGAR-EQ,hold,hold,True,target and post-trail stop decision
10441,position_evaluated,AVADHSUGAR-EQ,hold,hold,True,target and post-trail stop decision
10442,position_evaluated,AVADHSUGAR-EQ,hold,hold,True,target and post-trail stop decision
10443,position_evaluated,AVADHSUGAR-EQ,hold,hold,True,target and post-trail stop decision
10444,position_evaluated,AVADHSUGAR-EQ,hold,hold,True,target and post-trail stop decision
10445,position_evaluated,AVADHSUGAR-EQ,hold,hold,True,target and post-trail stop decision
10446,position_evaluated,AVADHSUGAR-EQ,hold,hold,True,target and post-trail stop decision
10447,position_evaluated,AVADHSUGAR-EQ,hold,hold,True,target and post-trail stop decision
10448,position_evaluated,AVADHSUGAR-EQ,hold,hold,True,target and post-trail stop decision
10449,position_evaluated,AVADHSUGAR-EQ,hold,hold,True,target and post-trail stop decision
10450,position_evaluated,AVADHSUGAR-EQ,hold,hold,True,target and post-trail stop decision
10451,position_evaluated,AVADHSUGAR-EQ,hold,hold,True,target and post-trail stop decision
10452,position_evaluated,AVADHSUGAR-EQ,hold,hold,True,target and post-trail stop decision
10453,position_evaluated,AVADHSUGAR-EQ,hold,hold,True,target and post-trail stop decision
10454,position_evaluated,AVADHSUGAR-EQ,hold,hold,True,target and post-trail stop decision
10455,position_evaluated,AVADHSUGAR-EQ,hold,hold,True,target and post-trail stop decision
10456,position_evaluated,AVADHSUGAR-EQ,hold,hold,True,target and post-trail stop decision
10457,position_evaluated,AVADHSUGAR-EQ,hold,hold,True,target and post-trail stop decision
10458,position_evaluated,AVADHSUGAR-EQ,hold,hold,True,target and post-trail stop decision
10459,position_evaluated,AVADHSUGAR-EQ,hold,hold,True,target and post-trail stop decision
10460,position_evaluated,AVADHSUGAR-EQ,hold,hold,True,target and post-trail stop decision
10461,position_evaluated,AVADHSUGAR-EQ,hold,hold,True,target and post-trail stop decision
10462,position_evaluated,AVADHSUGAR-EQ,hold,hold,True,target and post-trail stop decision
10463,position_evaluated,AVADHSUGAR-EQ,hold,hold,True,target and post-trail stop decision
10464,position_evaluated,AVADHSUGAR-EQ,hold,hold,True,target and post-trail stop decision
10465,position_evaluated,AVADHSUGAR-EQ,hold,hold,True,target and post-trail stop decision
10466,position_evaluated,AVADHSUGAR-EQ,hold,hold,True,target and post-trail stop decision
10467,position_evaluated,AVADHSUGAR-EQ,hold,hold,True,target and post-trail stop decision
10468,position_evaluated,AVADHSUGAR-EQ,hold,hold,True,target and post-trail stop decision
10469,position_evaluated,AVADHSUGAR-EQ,hold,hold,True,target and post-trail stop decision
10470,position_evaluated,AVADHSUGAR-EQ,hold,hold,True,target and post-trail stop decision
10471,position_evaluated,AVADHSUGAR-EQ,hold,hold,True,target and post-trail stop decision
10472,position_evaluated,AVADHSUGAR-EQ,hold,hold,True,target and post-trail stop decision
10473,position_evaluated,AVADHSUGAR-EQ,hold,hold,True,target and post-trail stop decision
10474,position_evaluated,AVADHSUGAR-EQ,hold,hold,True,target and post-trail stop decision
10475,position_evaluated,AVADHSUGAR-EQ,hold,hold,True,target and post-trail stop decision
10476,position_evaluated,AVADHSUGAR-EQ,hold,hold,True,target and post-trail stop decision
10477,position_evaluated,AVADHSUGAR-EQ,hold,hold,True,target and post-trail stop decision
10478,position_evaluated,AVADHSUGAR-EQ,hold,hold,True,target and post-trail stop decision
10479,position_evaluated,AVADHSUGAR-EQ,hold,hold,True,target and post-trail stop decision
10480,position_evaluated,AVADHSUGAR-EQ,hold,hold,True,target and post-trail stop decision
10481,position_evaluated,AVADHSUGAR-EQ,hold,hold,True,target and post-trail stop decision
10482,position_evaluated,AVADHSUGAR-EQ,hold,hold,True,target and post-trail stop decision
10483,position_evaluated,AVADHSUGAR-EQ,hold,hold,True,target and post-trail stop decision
10484,position_evaluated,AVADHSUGAR-EQ,hold,hold,True,target and post-trail stop decision
10485,position_evaluated,AVADHSUGAR-EQ,hold,hold,True,target and post-trail stop decision
10486,position_evaluated,AVADHSUGAR-EQ,hold,hold,True,target and post-trail stop decision
10487,position_evaluated,AVADHSUGAR-EQ,hold,hold,True,target and post-trail stop decision
10488,position_evaluated,AVADHSUGAR-EQ,hold,hold,True,target and post-trail stop decision
10489,position_evaluated,AVADHSUGAR-EQ,hold,hold,True,target and post-trail stop decision
10490,position_evaluated,AVADHSUGAR-EQ,hold,hold,True,target and post-trail stop decision
10491,position_evaluated,AVADHSUGAR-EQ,hold,hold,True,target and post-trail stop decision
10492,position_evaluated,AVADHSUGAR-EQ,hold,hold,True,target and post-trail stop decision
10493,position_evaluated,AVADHSUGAR-EQ,hold,hold,True,target and post-trail stop decision
10494,position_evaluated,AVADHSUGAR-EQ,hold,hold,True,target and post-trail stop decision
10495,position_evaluated,AVADHSUGAR-EQ,hold,hold,True,target and post-trail stop decision
10496,position_evaluated,AVADHSUGAR-EQ,hold,hold,True,target and post-trail stop decision
10497,position_evaluated,AVADHSUGAR-EQ,hold,hold,True,target and post-trail stop decision
10498,position_evaluated,AVADHSUGAR-EQ,hold,hold,True,target and post-trail stop decision
10499,position_evaluated,AVADHSUGAR-EQ,hold,hold,True,target and post-trail stop decision
10500,position_evaluated,AVADHSUGAR-EQ,hold,hold,True,target and post-trail stop decision
10501,position_evaluated,AVADHSUGAR-EQ,hold,hold,True,target and post-trail stop decision
10502,position_evaluated,AVADHSUGAR-EQ,hold,hold,True,target and post-trail stop decision
10503,position_evaluated,AVADHSUGAR-EQ,hold,hold,True,target and post-trail stop decision
10504,position_evaluated,AVADHSUGAR-EQ,hold,hold,True,target and post-trail stop decision
10505,position_evaluated,AVADHSUGAR-EQ,hold,hold,True,target and post-trail stop decision
10506,position_evaluated,AVADHSUGAR-EQ,hold,hold,True,target and post-trail stop decision
10507,position_evaluated,AVADHSUGAR-EQ,hold,hold,True,target and post-trail stop decision
10508,position_evaluated,AVADHSUGAR-EQ,hold,hold,True,target and post-trail stop decision
10509,position_evaluated,AVADHSUGAR-EQ,hold,hold,True,target and post-trail stop decision
10510,position_evaluated,AVADHSUGAR-EQ,hold,hold,True,target and post-trail stop decision
10511,position_evaluated,AVADHSUGAR-EQ,hold,hold,True,target and post-trail stop decision
10512,position_evaluated,AVADHSUGAR-EQ,hold,hold,True,target and post-trail stop decision
10513,position_evaluated,AVADHSUGAR-EQ,hold,hold,True,target and post-trail stop decision
10514,position_evaluated,AVADHSUGAR-EQ,hold,hold,True,target and post-trail stop decision
10515,position_evaluated,AVADHSUGAR-EQ,hold,hold,True,target and post-trail stop decision
10516,position_evaluated,AVADHSUGAR-EQ,hold,hold,True,target and post-trail stop decision
10517,position_evaluated,AVADHSUGAR-EQ,hold,hold,True,target and post-trail stop decision
10518,position_evaluated,AVADHSUGAR-EQ,hold,hold,True,target and post-trail stop decision
10519,position_evaluated,AVADHSUGAR-EQ,hold,hold,True,target and post-trail stop decision
10520,position_evaluated,AVADHSUGAR-EQ,hold,hold,True,target and post-trail stop decision
10521,position_evaluated,AVADHSUGAR-EQ,hold,hold,True,target and post-trail stop decision
10522,position_evaluated,AVADHSUGAR-EQ,hold,hold,True,target and post-trail stop decision
10523,position_evaluated,AVADHSUGAR-EQ,hold,hold,True,target and post-trail stop decision
10524,position_evaluated,AVADHSUGAR-EQ,hold,hold,True,target and post-trail stop decision
10525,position_evaluated,AVADHSUGAR-EQ,hold,hold,True,target and post-trail stop decision
10526,position_evaluated,AVADHSUGAR-EQ,hold,hold,True,target and post-trail stop decision
10527,position_evaluated,AVADHSUGAR-EQ,hold,hold,True,target and post-trail stop decision
10528,position_evaluated,AVADHSUGAR-EQ,hold,hold,True,target and post-trail stop decision
10529,position_evaluated,AVADHSUGAR-EQ,hold,hold,True,target and post-trail stop decision
10530,position_evaluated,AVADHSUGAR-EQ,hold,hold,True,target and post-trail stop decision
10531,position_evaluated,AVADHSUGAR-EQ,hold,hold,True,target and post-trail stop decision
10532,position_evaluated,AVADHSUGAR-EQ,hold,hold,True,target and post-trail stop decision
10533,position_evaluated,AVADHSUGAR-EQ,hold,hold,True,target and post-trail stop decision
10534,position_evaluated,AVADHSUGAR-EQ,hold,hold,True,target and post-trail stop decision
10535,position_evaluated,AVADHSUGAR-EQ,hold,hold,True,target and post-trail stop decision
10536,position_evaluated,AVADHSUGAR-EQ,hold,hold,True,target and post-trail stop decision
10537,position_evaluated,AVADHSUGAR-EQ,hold,hold,True,target and post-trail stop decision
10538,position_evaluated,AVADHSUGAR-EQ,hold,hold,True,target and post-trail stop decision
10539,position_evaluated,AVADHSUGAR-EQ,hold,hold,True,target and post-trail stop decision
10540,position_evaluated,AVADHSUGAR-EQ,hold,hold,True,target and post-trail stop decision
10541,position_evaluated,AVADHSUGAR-EQ,hold,hold,True,target and post-trail stop decision
10542,position_evaluated,AVADHSUGAR-EQ,hold,hold,True,target and post-trail stop decision
10543,position_evaluated,AVADHSUGAR-EQ,hold,hold,True,target and post-trail stop decision
10544,position_evaluated,AVADHSUGAR-EQ,hold,hold,True,target and post-trail stop decision
10545,position_evaluated,AVADHSUGAR-EQ,hold,hold,True,target and post-trail stop decision
10546,position_evaluated,AVADHSUGAR-EQ,hold,hold,True,target and post-trail stop decision
10547,position_evaluated,AVADHSUGAR-EQ,hold,hold,True,target and post-trail stop decision
10548,position_evaluated,AVADHSUGAR-EQ,hold,hold,True,target and post-trail stop decision
10549,position_evaluated,AVADHSUGAR-EQ,hold,hold,True,target and post-trail stop decision
10550,position_evaluated,AVADHSUGAR-EQ,hold,hold,True,target and post-trail stop decision
10551,position_evaluated,AVADHSUGAR-EQ,hold,hold,True,target and post-trail stop decision
10552,position_evaluated,AVADHSUGAR-EQ,hold,hold,True,target and post-trail stop decision
10553,position_evaluated,AVADHSUGAR-EQ,hold,hold,True,target and post-trail stop decision
10554,position_evaluated,AVADHSUGAR-EQ,hold,hold,True,target and post-trail stop decision
10555,position_evaluated,AVADHSUGAR-EQ,hold,hold,True,target and post-trail stop decision
10556,position_evaluated,AVADHSUGAR-EQ,hold,hold,True,target and post-trail stop decision
10557,position_evaluated,AVADHSUGAR-EQ,hold,hold,True,target and post-trail stop decision
10558,position_evaluated,AVADHSUGAR-EQ,hold,hold,True,target and post-trail stop decision
10559,position_evaluated,AVADHSUGAR-EQ,hold,hold,True,target and post-trail stop decision
10560,position_evaluated,AVADHSUGAR-EQ,hold,hold,True,target and post-trail stop decision
10561,position_evaluated,AVADHSUGAR-EQ,hold,hold,True,target and post-trail stop decision
10562,position_evaluated,AVADHSUGAR-EQ,hold,hold,True,target and post-trail stop decision
10563,position_evaluated,AVADHSUGAR-EQ,hold,hold,True,target and post-trail stop decision
10564,position_evaluated,AVADHSUGAR-EQ,hold,hold,True,target and post-trail stop decision
10565,position_evaluated,AVADHSUGAR-EQ,hold,hold,True,target and post-trail stop decision
10566,position_evaluated,AVADHSUGAR-EQ,hold,hold,True,target and post-trail stop decision
10567,position_evaluated,AVADHSUGAR-EQ,hold,hold,True,target and post-trail stop decision
10568,position_evaluated,AVADHSUGAR-EQ,hold,hold,True,target and post-trail stop decision
10569,position_evaluated,AVADHSUGAR-EQ,hold,hold,True,target and post-trail stop decision
10570,position_evaluated,AVADHSUGAR-EQ,hold,hold,True,target and post-trail stop decision
10571,position_evaluated,AVADHSUGAR-EQ,hold,hold,True,target and post-trail stop decision
10572,position_evaluated,AVADHSUGAR-EQ,hold,hold,True,target and post-trail stop decision
10573,position_evaluated,AVADHSUGAR-EQ,hold,hold,True,target and post-trail stop decision
10574,position_evaluated,AVADHSUGAR-EQ,hold,hold,True,target and post-trail stop decision
10575,position_evaluated,AVADHSUGAR-EQ,hold,hold,True,target and post-trail stop decision
10576,position_evaluated,AVADHSUGAR-EQ,hold,hold,True,target and post-trail stop decision
10577,position_evaluated,AVADHSUGAR-EQ,hold,hold,True,target and post-trail stop decision
10578,position_evaluated,AVADHSUGAR-EQ,hold,hold,True,target and post-trail stop decision
10579,position_evaluated,AVADHSUGAR-EQ,hold,hold,True,target and post-trail stop decision
10580,position_evaluated,AVADHSUGAR-EQ,hold,hold,True,target and post-trail stop decision
10581,position_evaluated,AVADHSUGAR-EQ,hold,hold,True,target and post-trail stop decision
10582,position_evaluated,AVADHSUGAR-EQ,hold,hold,True,target and post-trail stop decision
10583,position_evaluated,AVADHSUGAR-EQ,hold,hold,True,target and post-trail stop decision
10584,position_evaluated,AVADHSUGAR-EQ,hold,hold,True,target and post-trail stop decision
10585,position_evaluated,AVADHSUGAR-EQ,hold,hold,True,target and post-trail stop decision
10586,position_evaluated,AVADHSUGAR-EQ,hold,hold,True,target and post-trail stop decision
10587,position_evaluated,AVADHSUGAR-EQ,hold,hold,True,target and post-trail stop decision
10588,position_evaluated,AVADHSUGAR-EQ,hold,hold,True,target and post-trail stop decision
10589,position_evaluated,AVADHSUGAR-EQ,hold,hold,True,target and post-trail stop decision
10590,position_evaluated,AVADHSUGAR-EQ,hold,hold,True,target and post-trail stop decision
10591,position_evaluated,AVADHSUGAR-EQ,hold,hold,True,target and post-trail stop decision
10592,position_evaluated,AVADHSUGAR-EQ,hold,hold,True,target and post-trail stop decision
10593,position_evaluated,AVADHSUGAR-EQ,hold,hold,True,target and post-trail stop decision
10594,position_evaluated,AVADHSUGAR-EQ,hold,hold,True,target and post-trail stop decision
10595,position_evaluated,AVADHSUGAR-EQ,hold,hold,True,target and post-trail stop decision
10596,position_evaluated,AVADHSUGAR-EQ,hold,hold,True,target and post-trail stop decision
10597,position_evaluated,AVADHSUGAR-EQ,hold,hold,True,target and post-trail stop decision
10598,position_evaluated,AVADHSUGAR-EQ,hold,hold,True,target and post-trail stop decision
10599,position_evaluated,AVADHSUGAR-EQ,hold,hold,True,target and post-trail stop decision
10600,position_evaluated,AVADHSUGAR-EQ,hold,hold,True,target and post-trail stop decision
10601,position_evaluated,AVADHSUGAR-EQ,hold,hold,True,target and post-trail stop decision
10602,position_evaluated,AVADHSUGAR-EQ,hold,hold,True,target and post-trail stop decision
10603,position_evaluated,AVADHSUGAR-EQ,hold,hold,True,target and post-trail stop decision
10604,position_evaluated,AVADHSUGAR-EQ,hold,hold,True,target and post-trail stop decision
10605,position_evaluated,AVADHSUGAR-EQ,hold,hold,True,target and post-trail stop decision
10606,position_evaluated,AVADHSUGAR-EQ,hold,hold,True,target and post-trail stop decision
10607,position_evaluated,AVADHSUGAR-EQ,hold,hold,True,target and post-trail stop decision
10608,position_evaluated,AVADHSUGAR-EQ,hold,hold,True,target and post-trail stop decision
10609,position_evaluated,AVADHSUGAR-EQ,hold,hold,True,target and post-trail stop decision
10610,position_evaluated,AVADHSUGAR-EQ,hold,hold,True,target and post-trail stop decision
10611,position_evaluated,AVADHSUGAR-EQ,hold,hold,True,target and post-trail stop decision
10612,position_evaluated,AVADHSUGAR-EQ,hold,hold,True,target and post-trail stop decision
10613,position_evaluated,AVADHSUGAR-EQ,hold,hold,True,target and post-trail stop decision
10614,position_evaluated,AVADHSUGAR-EQ,hold,hold,True,target and post-trail stop decision
10615,position_evaluated,AVADHSUGAR-EQ,hold,hold,True,target and post-trail stop decision
10616,position_evaluated,AVADHSUGAR-EQ,hold,hold,True,target and post-trail stop decision
10617,position_evaluated,AVADHSUGAR-EQ,hold,hold,True,target and post-trail stop decision
10618,position_evaluated,AVADHSUGAR-EQ,hold,hold,True,target and post-trail stop decision
10619,position_evaluated,AVADHSUGAR-EQ,hold,hold,True,target and post-trail stop decision
10620,position_evaluated,AVADHSUGAR-EQ,hold,hold,True,target and post-trail stop decision
10621,position_evaluated,AVADHSUGAR-EQ,hold,hold,True,target and post-trail stop decision
10622,position_evaluated,AVADHSUGAR-EQ,hold,hold,True,target and post-trail stop decision
10623,position_evaluated,AVADHSUGAR-EQ,hold,hold,True,target and post-trail stop decision
10624,position_evaluated,AVADHSUGAR-EQ,hold,hold,True,target and post-trail stop decision
10625,position_evaluated,AVADHSUGAR-EQ,hold,hold,True,target and post-trail stop decision
10626,position_evaluated,AVADHSUGAR-EQ,hold,hold,True,target and post-trail stop decision
10627,position_evaluated,AVADHSUGAR-EQ,hold,hold,True,target and post-trail stop decision
10628,position_evaluated,AVADHSUGAR-EQ,hold,hold,True,target and post-trail stop decision
10629,position_evaluated,AVADHSUGAR-EQ,hold,hold,True,target and post-trail stop decision
10630,position_evaluated,AVADHSUGAR-EQ,hold,hold,True,target and post-trail stop decision
10631,position_evaluated,AVADHSUGAR-EQ,hold,hold,True,target and post-trail stop decision
10632,position_evaluated,AVADHSUGAR-EQ,hold,hold,True,target and post-trail stop decision
10633,position_evaluated,AVADHSUGAR-EQ,hold,hold,True,target and post-trail stop decision
10634,position_evaluated,AVADHSUGAR-EQ,hold,hold,True,target and post-trail stop decision
10635,position_evaluated,AVADHSUGAR-EQ,hold,hold,True,target and post-trail stop decision
10636,position_evaluated,AVADHSUGAR-EQ,hold,hold,True,target and post-trail stop decision
10637,position_evaluated,AVADHSUGAR-EQ,hold,hold,True,target and post-trail stop decision
10638,position_evaluated,AVADHSUGAR-EQ,hold,hold,True,target and post-trail stop decision
10639,position_evaluated,AVADHSUGAR-EQ,hold,hold,True,target and post-trail stop decision
10640,position_evaluated,AVADHSUGAR-EQ,hold,hold,True,target and post-trail stop decision
10641,position_evaluated,AVADHSUGAR-EQ,hold,hold,True,target and post-trail stop decision
10642,position_evaluated,AVADHSUGAR-EQ,hold,hold,True,target and post-trail stop decision
10643,position_evaluated,AVADHSUGAR-EQ,hold,hold,True,target and post-trail stop decision
10644,position_evaluated,AVADHSUGAR-EQ,hold,hold,True,target and post-trail stop decision
10645,position_evaluated,AVADHSUGAR-EQ,hold,hold,True,target and post-trail stop decision
10646,position_evaluated,AVADHSUGAR-EQ,hold,hold,True,target and post-trail stop decision
10647,position_evaluated,AVADHSUGAR-EQ,hold,hold,True,target and post-trail stop decision
10648,position_evaluated,AVADHSUGAR-EQ,hold,hold,True,target and post-trail stop decision
10649,position_evaluated,AVADHSUGAR-EQ,hold,hold,True,target and post-trail stop decision
10650,position_evaluated,AVADHSUGAR-EQ,hold,hold,True,target and post-trail stop decision
10651,position_evaluated,AVADHSUGAR-EQ,hold,hold,True,target and post-trail stop decision
10652,position_evaluated,AVADHSUGAR-EQ,hold,hold,True,target and post-trail stop decision
10653,position_evaluated,AVADHSUGAR-EQ,hold,hold,True,target and post-trail stop decision
10654,position_evaluated,AVADHSUGAR-EQ,hold,hold,True,target and post-trail stop decision
10655,position_evaluated,AVADHSUGAR-EQ,hold,hold,True,target and post-trail stop decision
10656,position_evaluated,AVADHSUGAR-EQ,hold,hold,True,target and post-trail stop decision
10657,position_evaluated,AVADHSUGAR-EQ,hold,hold,True,target and post-trail stop decision
10658,position_evaluated,AVADHSUGAR-EQ,hold,hold,True,target and post-trail stop decision
10659,position_evaluated,AVADHSUGAR-EQ,hold,hold,True,target and post-trail stop decision
10660,position_evaluated,AVADHSUGAR-EQ,hold,hold,True,target and post-trail stop decision
10661,position_evaluated,AVADHSUGAR-EQ,hold,hold,True,target and post-trail stop decision
10662,position_evaluated,AVADHSUGAR-EQ,hold,hold,True,target and post-trail stop decision
10663,position_evaluated,AVADHSUGAR-EQ,hold,hold,True,target and post-trail stop decision
10664,position_evaluated,AVADHSUGAR-EQ,hold,hold,True,target and post-trail stop decision
10665,position_evaluated,AVADHSUGAR-EQ,hold,hold,True,target and post-trail stop decision
10666,position_evaluated,AVADHSUGAR-EQ,hold,hold,True,target and post-trail stop decision
10667,position_evaluated,AVADHSUGAR-EQ,hold,hold,True,target and post-trail stop decision
10668,position_evaluated,AVADHSUGAR-EQ,hold,hold,True,target and post-trail stop decision
10669,position_evaluated,AVADHSUGAR-EQ,hold,hold,True,target and post-trail stop decision
10670,position_evaluated,AVADHSUGAR-EQ,hold,hold,True,target and post-trail stop decision
10671,position_evaluated,AVADHSUGAR-EQ,hold,hold,True,target and post-trail stop decision
10672,position_evaluated,AVADHSUGAR-EQ,hold,hold,True,target and post-trail stop decision
10673,position_evaluated,AVADHSUGAR-EQ,hold,hold,True,target and post-trail stop decision
10674,position_evaluated,AVADHSUGAR-EQ,hold,hold,True,target and post-trail stop decision
10675,position_evaluated,AVADHSUGAR-EQ,hold,hold,True,target and post-trail stop decision
10676,position_evaluated,AVADHSUGAR-EQ,hold,hold,True,target and post-trail stop decision
10677,position_evaluated,AVADHSUGAR-EQ,hold,hold,True,target and post-trail stop decision
10678,position_evaluated,AVADHSUGAR-EQ,hold,hold,True,target and post-trail stop decision
10679,position_evaluated,AVADHSUGAR-EQ,hold,hold,True,target and post-trail stop decision
10680,position_evaluated,AVADHSUGAR-EQ,hold,hold,True,target and post-trail stop decision
10681,position_evaluated,AVADHSUGAR-EQ,hold,hold,True,target and post-trail stop decision
10682,position_evaluated,AVADHSUGAR-EQ,hold,hold,True,target and post-trail stop decision
10683,position_evaluated,AVADHSUGAR-EQ,hold,hold,True,target and post-trail stop decision
10684,position_evaluated,AVADHSUGAR-EQ,hold,hold,True,target and post-trail stop decision
10685,position_evaluated,AVADHSUGAR-EQ,hold,hold,True,target and post-trail stop decision
10686,position_evaluated,AVADHSUGAR-EQ,hold,hold,True,target and post-trail stop decision
10687,position_evaluated,AVADHSUGAR-EQ,hold,hold,True,target and post-trail stop decision
10688,position_evaluated,AVADHSUGAR-EQ,hold,hold,True,target and post-trail stop decision
10689,position_evaluated,AVADHSUGAR-EQ,hold,hold,True,target and post-trail stop decision
10690,position_evaluated,AVADHSUGAR-EQ,hold,hold,True,target and post-trail stop decision
10691,position_evaluated,AVADHSUGAR-EQ,hold,hold,True,target and post-trail stop decision
10692,position_evaluated,AVADHSUGAR-EQ,hold,hold,True,target and post-trail stop decision
10693,position_evaluated,AVADHSUGAR-EQ,hold,hold,True,target and post-trail stop decision
10694,position_evaluated,AVADHSUGAR-EQ,hold,hold,True,target and post-trail stop decision
10695,position_evaluated,AVADHSUGAR-EQ,hold,hold,True,target and post-trail stop decision
10696,position_evaluated,AVADHSUGAR-EQ,hold,hold,True,target and post-trail stop decision
10697,position_evaluated,AVADHSUGAR-EQ,hold,hold,True,target and post-trail stop decision
10698,position_evaluated,AVADHSUGAR-EQ,hold,hold,True,target and post-trail stop decision
10699,position_evaluated,AVADHSUGAR-EQ,hold,hold,True,target and post-trail stop decision
10700,position_evaluated,AVADHSUGAR-EQ,hold,hold,True,target and post-trail stop decision
10701,position_evaluated,AVADHSUGAR-EQ,hold,hold,True,target and post-trail stop decision
10702,position_evaluated,AVADHSUGAR-EQ,hold,hold,True,target and post-trail stop decision
10703,position_evaluated,AVADHSUGAR-EQ,hold,hold,True,target and post-trail stop decision
10704,position_evaluated,AVADHSUGAR-EQ,hold,hold,True,target and post-trail stop decision
10705,position_evaluated,AVADHSUGAR-EQ,hold,hold,True,target and post-trail stop decision
10706,position_evaluated,AVADHSUGAR-EQ,hold,hold,True,target and post-trail stop decision
10707,position_evaluated,AVADHSUGAR-EQ,hold,hold,True,target and post-trail stop decision
10708,position_evaluated,AVADHSUGAR-EQ,hold,hold,True,target and post-trail stop decision
10709,position_evaluated,AVADHSUGAR-EQ,hold,hold,True,target and post-trail stop decision
10710,position_evaluated,AVADHSUGAR-EQ,hold,hold,True,target and post-trail stop decision
10711,position_evaluated,AVADHSUGAR-EQ,hold,hold,True,target and post-trail stop decision
10712,position_evaluated,AVADHSUGAR-EQ,hold,hold,True,target and post-trail stop decision
10713,position_evaluated,AVADHSUGAR-EQ,hold,hold,True,target and post-trail stop decision
10714,position_evaluated,AVADHSUGAR-EQ,hold,hold,True,target and post-trail stop decision
10715,position_evaluated,AVADHSUGAR-EQ,hold,hold,True,target and post-trail stop decision
10716,position_evaluated,AVADHSUGAR-EQ,hold,hold,True,target and post-trail stop decision
10717,position_evaluated,AVADHSUGAR-EQ,hold,hold,True,target and post-trail stop decision
10718,position_evaluated,AVADHSUGAR-EQ,hold,hold,True,target and post-trail stop decision
10719,position_evaluated,AVADHSUGAR-EQ,hold,hold,True,target and post-trail stop decision
10720,position_evaluated,AVADHSUGAR-EQ,hold,hold,True,target and post-trail stop decision
10721,position_evaluated,AVADHSUGAR-EQ,hold,hold,True,target and post-trail stop decision
10722,position_evaluated,AVADHSUGAR-EQ,hold,hold,True,target and post-trail stop decision
10723,position_evaluated,AVADHSUGAR-EQ,hold,hold,True,target and post-trail stop decision
10724,position_evaluated,AVADHSUGAR-EQ,hold,hold,True,target and post-trail stop decision
10725,position_evaluated,AVADHSUGAR-EQ,hold,hold,True,target and post-trail stop decision
10726,position_evaluated,AVADHSUGAR-EQ,hold,hold,True,target and post-trail stop decision
10727,position_evaluated,AVADHSUGAR-EQ,hold,hold,True,target and post-trail stop decision
10728,position_evaluated,AVADHSUGAR-EQ,hold,hold,True,target and post-trail stop decision
10729,position_evaluated,AVADHSUGAR-EQ,hold,hold,True,target and post-trail stop decision
10730,position_evaluated,AVADHSUGAR-EQ,hold,hold,True,target and post-trail stop decision
10731,position_evaluated,AVADHSUGAR-EQ,hold,hold,True,target and post-trail stop decision
10732,position_evaluated,AVADHSUGAR-EQ,hold,hold,True,target and post-trail stop decision
10733,position_evaluated,AVADHSUGAR-EQ,hold,hold,True,target and post-trail stop decision
10734,position_evaluated,AVADHSUGAR-EQ,hold,hold,True,target and post-trail stop decision
10735,position_evaluated,AVADHSUGAR-EQ,hold,hold,True,target and post-trail stop decision
10736,position_evaluated,AVADHSUGAR-EQ,hold,hold,True,target and post-trail stop decision
10737,position_evaluated,AVADHSUGAR-EQ,hold,hold,True,target and post-trail stop decision
10738,position_evaluated,AVADHSUGAR-EQ,hold,hold,True,target and post-trail stop decision
10739,position_evaluated,AVADHSUGAR-EQ,hold,hold,True,target and post-trail stop decision
10740,position_evaluated,AVADHSUGAR-EQ,hold,hold,True,target and post-trail stop decision
10741,position_evaluated,AVADHSUGAR-EQ,hold,hold,True,target and post-trail stop decision
10742,position_evaluated,AVADHSUGAR-EQ,hold,hold,True,target and post-trail stop decision
10743,position_evaluated,AVADHSUGAR-EQ,hold,hold,True,target and post-trail stop decision
10744,position_evaluated,AVADHSUGAR-EQ,hold,hold,True,target and post-trail stop decision
10745,position_evaluated,AVADHSUGAR-EQ,hold,hold,True,target and post-trail stop decision
10746,position_evaluated,AVADHSUGAR-EQ,hold,hold,True,target and post-trail stop decision
10747,position_evaluated,AVADHSUGAR-EQ,hold,hold,True,target and post-trail stop decision
10748,position_evaluated,AVADHSUGAR-EQ,hold,hold,True,target and post-trail stop decision
10749,position_evaluated,AVADHSUGAR-EQ,hold,hold,True,target and post-trail stop decision
10750,position_evaluated,AVADHSUGAR-EQ,hold,hold,True,target and post-trail stop decision
10751,position_evaluated,AVADHSUGAR-EQ,hold,hold,True,target and post-trail stop decision
10752,position_evaluated,AVADHSUGAR-EQ,hold,hold,True,target and post-trail stop decision
10753,position_evaluated,AVADHSUGAR-EQ,hold,hold,True,target and post-trail stop decision
10754,position_evaluated,AVADHSUGAR-EQ,hold,hold,True,target and post-trail stop decision
10755,position_evaluated,AVADHSUGAR-EQ,hold,hold,True,target and post-trail stop decision
10756,position_evaluated,AVADHSUGAR-EQ,hold,hold,True,target and post-trail stop decision
10757,position_evaluated,AVADHSUGAR-EQ,hold,hold,True,target and post-trail stop decision
10758,position_evaluated,AVADHSUGAR-EQ,hold,hold,True,target and post-trail stop decision
10759,position_evaluated,AVADHSUGAR-EQ,hold,hold,True,target and post-trail stop decision
10760,position_evaluated,AVADHSUGAR-EQ,hold,hold,True,target and post-trail stop decision
10761,position_evaluated,AVADHSUGAR-EQ,hold,hold,True,target and post-trail stop decision
10762,position_evaluated,AVADHSUGAR-EQ,hold,hold,True,target and post-trail stop decision
10763,position_evaluated,AVADHSUGAR-EQ,hold,hold,True,target and post-trail stop decision
10764,position_evaluated,AVADHSUGAR-EQ,hold,hold,True,target and post-trail stop decision
10765,position_evaluated,AVADHSUGAR-EQ,hold,hold,True,target and post-trail stop decision
10766,position_evaluated,AVADHSUGAR-EQ,hold,hold,True,target and post-trail stop decision
10767,position_evaluated,AVADHSUGAR-EQ,hold,hold,True,target and post-trail stop decision
10768,position_evaluated,AVADHSUGAR-EQ,hold,hold,True,target and post-trail stop decision
10769,position_evaluated,AVADHSUGAR-EQ,hold,hold,True,target and post-trail stop decision
10770,position_evaluated,AVADHSUGAR-EQ,hold,hold,True,target and post-trail stop decision
10771,position_evaluated,AVADHSUGAR-EQ,hold,hold,True,target and post-trail stop decision
10772,position_evaluated,AVADHSUGAR-EQ,hold,hold,True,target and post-trail stop decision
10773,position_evaluated,AVADHSUGAR-EQ,hold,hold,True,target and post-trail stop decision
10774,position_evaluated,AVADHSUGAR-EQ,hold,hold,True,target and post-trail stop decision
10775,position_evaluated,AVADHSUGAR-EQ,hold,hold,True,target and post-trail stop decision
10776,position_evaluated,AVADHSUGAR-EQ,hold,hold,True,target and post-trail stop decision
10777,position_evaluated,AVADHSUGAR-EQ,hold,hold,True,target and post-trail stop decision
10778,position_evaluated,AVADHSUGAR-EQ,hold,hold,True,target and post-trail stop decision
10779,position_evaluated,AVADHSUGAR-EQ,hold,hold,True,target and post-trail stop decision
10780,position_evaluated,AVADHSUGAR-EQ,hold,hold,True,target and post-trail stop decision
10781,position_evaluated,AVADHSUGAR-EQ,hold,hold,True,target and post-trail stop decision
10782,position_evaluated,AVADHSUGAR-EQ,hold,hold,True,target and post-trail stop decision
10783,position_evaluated,AVADHSUGAR-EQ,hold,hold,True,target and post-trail stop decision
10784,position_evaluated,AVADHSUGAR-EQ,hold,hold,True,target and post-trail stop decision
10785,position_evaluated,AVADHSUGAR-EQ,hold,hold,True,target and post-trail stop decision
10786,position_evaluated,AVADHSUGAR-EQ,hold,hold,True,target and post-trail stop decision
10787,position_evaluated,AVADHSUGAR-EQ,hold,hold,True,target and post-trail stop decision
10788,position_evaluated,AVADHSUGAR-EQ,hold,hold,True,target and post-trail stop decision
10789,position_evaluated,AVADHSUGAR-EQ,hold,hold,True,target and post-trail stop decision
10790,position_evaluated,AVADHSUGAR-EQ,hold,hold,True,target and post-trail stop decision
10791,position_evaluated,AVADHSUGAR-EQ,hold,hold,True,target and post-trail stop decision
10792,position_evaluated,AVADHSUGAR-EQ,hold,hold,True,target and post-trail stop decision
10793,position_evaluated,AVADHSUGAR-EQ,hold,hold,True,target and post-trail stop decision
10794,position_evaluated,AVADHSUGAR-EQ,hold,hold,True,target and post-trail stop decision
10795,position_evaluated,AVADHSUGAR-EQ,hold,hold,True,target and post-trail stop decision
10796,position_evaluated,AVADHSUGAR-EQ,hold,hold,True,target and post-trail stop decision
10797,position_evaluated,AVADHSUGAR-EQ,hold,hold,True,target and post-trail stop decision
10798,position_evaluated,AVADHSUGAR-EQ,hold,hold,True,target and post-trail stop decision
10799,position_evaluated,AVADHSUGAR-EQ,hold,hold,True,target and post-trail stop decision
10800,position_evaluated,AVADHSUGAR-EQ,hold,hold,True,target and post-trail stop decision
10801,position_evaluated,AVADHSUGAR-EQ,hold,hold,True,target and post-trail stop decision
10802,position_evaluated,AVADHSUGAR-EQ,hold,hold,True,target and post-trail stop decision
10803,position_evaluated,AVADHSUGAR-EQ,hold,hold,True,target and post-trail stop decision
10804,position_evaluated,AVADHSUGAR-EQ,hold,hold,True,target and post-trail stop decision
10805,position_evaluated,AVADHSUGAR-EQ,hold,hold,True,target and post-trail stop decision
10806,position_evaluated,AVADHSUGAR-EQ,hold,hold,True,target and post-trail stop decision
10807,position_evaluated,AVADHSUGAR-EQ,hold,hold,True,target and post-trail stop decision
10808,position_evaluated,AVADHSUGAR-EQ,hold,hold,True,target and post-trail stop decision
10809,position_evaluated,AVADHSUGAR-EQ,hold,hold,True,target and post-trail stop decision
10810,position_evaluated,AVADHSUGAR-EQ,hold,hold,True,target and post-trail stop decision
10811,position_evaluated,AVADHSUGAR-EQ,hold,hold,True,target and post-trail stop decision
10812,position_evaluated,AVADHSUGAR-EQ,hold,hold,True,target and post-trail stop decision
10813,position_evaluated,AVADHSUGAR-EQ,hold,hold,True,target and post-trail stop decision
10814,position_evaluated,AVADHSUGAR-EQ,hold,hold,True,target and post-trail stop decision
10815,position_evaluated,AVADHSUGAR-EQ,hold,hold,True,target and post-trail stop decision
10816,position_evaluated,AVADHSUGAR-EQ,hold,hold,True,target and post-trail stop decision
10817,position_evaluated,AVADHSUGAR-EQ,hold,hold,True,target and post-trail stop decision
10818,position_evaluated,AVADHSUGAR-EQ,hold,hold,True,target and post-trail stop decision
10819,position_evaluated,AVADHSUGAR-EQ,hold,hold,True,target and post-trail stop decision
10820,position_evaluated,AVADHSUGAR-EQ,hold,hold,True,target and post-trail stop decision
10821,position_evaluated,AVADHSUGAR-EQ,hold,hold,True,target and post-trail stop decision
10822,position_evaluated,AVADHSUGAR-EQ,hold,hold,True,target and post-trail stop decision
10823,position_evaluated,AVADHSUGAR-EQ,hold,hold,True,target and post-trail stop decision
10824,position_evaluated,AVADHSUGAR-EQ,hold,hold,True,target and post-trail stop decision
10825,position_evaluated,AVADHSUGAR-EQ,hold,hold,True,target and post-trail stop decision
10826,position_evaluated,AVADHSUGAR-EQ,hold,hold,True,target and post-trail stop decision
10827,position_evaluated,AVADHSUGAR-EQ,hold,hold,True,target and post-trail stop decision
10828,position_evaluated,AVADHSUGAR-EQ,hold,hold,True,target and post-trail stop decision
10829,position_evaluated,AVADHSUGAR-EQ,hold,hold,True,target and post-trail stop decision
10830,position_evaluated,AVADHSUGAR-EQ,hold,hold,True,target and post-trail stop decision
10831,position_evaluated,AVADHSUGAR-EQ,hold,hold,True,target and post-trail stop decision
10832,position_evaluated,AVADHSUGAR-EQ,hold,hold,True,target and post-trail stop decision
10833,position_evaluated,AVADHSUGAR-EQ,hold,hold,True,target and post-trail stop decision
10834,position_evaluated,AVADHSUGAR-EQ,hold,hold,True,target and post-trail stop decision
10835,position_evaluated,AVADHSUGAR-EQ,hold,hold,True,target and post-trail stop decision
10836,position_evaluated,AVADHSUGAR-EQ,hold,hold,True,target and post-trail stop decision
10837,position_evaluated,AVADHSUGAR-EQ,hold,hold,True,target and post-trail stop decision
10838,position_evaluated,AVADHSUGAR-EQ,hold,hold,True,target and post-trail stop decision
10839,position_evaluated,AVADHSUGAR-EQ,hold,hold,True,target and post-trail stop decision
10840,position_evaluated,AVADHSUGAR-EQ,hold,hold,True,target and post-trail stop decision
10841,position_evaluated,AVADHSUGAR-EQ,hold,hold,True,target and post-trail stop decision
10842,position_evaluated,AVADHSUGAR-EQ,hold,hold,True,target and post-trail stop decision
10843,position_evaluated,AVADHSUGAR-EQ,hold,hold,True,target and post-trail stop decision
10844,position_evaluated,AVADHSUGAR-EQ,hold,hold,True,target and post-trail stop decision
10845,position_evaluated,AVADHSUGAR-EQ,hold,hold,True,target and post-trail stop decision
10846,position_evaluated,AVADHSUGAR-EQ,hold,hold,True,target and post-trail stop decision
10847,position_evaluated,AVADHSUGAR-EQ,hold,hold,True,target and post-trail stop decision
10848,position_evaluated,AVADHSUGAR-EQ,hold,hold,True,target and post-trail stop decision
10849,position_evaluated,AVADHSUGAR-EQ,hold,hold,True,target and post-trail stop decision
10850,position_evaluated,AVADHSUGAR-EQ,hold,hold,True,target and post-trail stop decision
10851,position_evaluated,AVADHSUGAR-EQ,hold,hold,True,target and post-trail stop decision
10852,position_evaluated,AVADHSUGAR-EQ,hold,hold,True,target and post-trail stop decision
10853,position_evaluated,AVADHSUGAR-EQ,hold,hold,True,target and post-trail stop decision
10854,position_evaluated,AVADHSUGAR-EQ,hold,hold,True,target and post-trail stop decision
10855,position_evaluated,AVADHSUGAR-EQ,hold,hold,True,target and post-trail stop decision
10856,position_evaluated,AVADHSUGAR-EQ,hold,hold,True,target and post-trail stop decision
10857,position_evaluated,AVADHSUGAR-EQ,hold,hold,True,target and post-trail stop decision
10858,position_evaluated,AVADHSUGAR-EQ,hold,hold,True,target and post-trail stop decision
10859,position_evaluated,AVADHSUGAR-EQ,hold,hold,True,target and post-trail stop decision
10860,position_evaluated,AVADHSUGAR-EQ,hold,hold,True,target and post-trail stop decision
10861,position_evaluated,AVADHSUGAR-EQ,hold,hold,True,target and post-trail stop decision
10862,position_evaluated,AVADHSUGAR-EQ,hold,hold,True,target and post-trail stop decision
10863,position_evaluated,AVADHSUGAR-EQ,hold,hold,True,target and post-trail stop decision
10864,position_evaluated,AVADHSUGAR-EQ,hold,hold,True,target and post-trail stop decision
10865,position_evaluated,AVADHSUGAR-EQ,hold,hold,True,target and post-trail stop decision
10866,position_evaluated,AVADHSUGAR-EQ,hold,hold,True,target and post-trail stop decision
10867,position_evaluated,AVADHSUGAR-EQ,hold,hold,True,target and post-trail stop decision
10868,position_evaluated,AVADHSUGAR-EQ,hold,hold,True,target and post-trail stop decision
10869,position_evaluated,AVADHSUGAR-EQ,hold,hold,True,target and post-trail stop decision
10870,position_evaluated,AVADHSUGAR-EQ,hold,hold,True,target and post-trail stop decision
10871,position_evaluated,AVADHSUGAR-EQ,hold,hold,True,target and post-trail stop decision
10872,position_evaluated,AVADHSUGAR-EQ,hold,hold,True,target and post-trail stop decision
10873,position_evaluated,AVADHSUGAR-EQ,hold,hold,True,target and post-trail stop decision
10874,position_evaluated,AVADHSUGAR-EQ,hold,hold,True,target and post-trail stop decision
10875,position_evaluated,AVADHSUGAR-EQ,hold,hold,True,target and post-trail stop decision
10876,position_evaluated,AVADHSUGAR-EQ,hold,hold,True,target and post-trail stop decision
10877,position_evaluated,AVADHSUGAR-EQ,hold,hold,True,target and post-trail stop decision
10878,position_evaluated,AVADHSUGAR-EQ,hold,hold,True,target and post-trail stop decision
10879,position_evaluated,AVADHSUGAR-EQ,hold,hold,True,target and post-trail stop decision
10880,position_evaluated,AVADHSUGAR-EQ,hold,hold,True,target and post-trail stop decision
10881,position_evaluated,AVADHSUGAR-EQ,hold,hold,True,target and post-trail stop decision
10882,position_evaluated,AVADHSUGAR-EQ,hold,hold,True,target and post-trail stop decision
10883,position_evaluated,AVADHSUGAR-EQ,hold,hold,True,target and post-trail stop decision
10884,position_evaluated,AVADHSUGAR-EQ,hold,hold,True,target and post-trail stop decision
10885,position_evaluated,AVADHSUGAR-EQ,hold,hold,True,target and post-trail stop decision
10886,position_evaluated,AVADHSUGAR-EQ,hold,hold,True,target and post-trail stop decision
10887,position_evaluated,AVADHSUGAR-EQ,hold,hold,True,target and post-trail stop decision
10888,position_evaluated,AVADHSUGAR-EQ,hold,hold,True,target and post-trail stop decision
10889,position_evaluated,AVADHSUGAR-EQ,hold,hold,True,target and post-trail stop decision
10890,position_evaluated,AVADHSUGAR-EQ,hold,hold,True,target and post-trail stop decision
10891,position_evaluated,AVADHSUGAR-EQ,hold,hold,True,target and post-trail stop decision
10892,position_evaluated,AVADHSUGAR-EQ,hold,hold,True,target and post-trail stop decision
10893,position_evaluated,AVADHSUGAR-EQ,hold,hold,True,target and post-trail stop decision
10894,position_evaluated,AVADHSUGAR-EQ,hold,hold,True,target and post-trail stop decision
10895,position_evaluated,AVADHSUGAR-EQ,hold,hold,True,target and post-trail stop decision
10896,position_evaluated,AVADHSUGAR-EQ,hold,hold,True,target and post-trail stop decision
10897,position_evaluated,AVADHSUGAR-EQ,hold,hold,True,target and post-trail stop decision
10898,position_evaluated,AVADHSUGAR-EQ,hold,hold,True,target and post-trail stop decision
10899,position_evaluated,AVADHSUGAR-EQ,hold,hold,True,target and post-trail stop decision
10900,position_evaluated,AVADHSUGAR-EQ,hold,hold,True,target and post-trail stop decision
10901,position_evaluated,AVADHSUGAR-EQ,hold,hold,True,target and post-trail stop decision
10902,position_evaluated,AVADHSUGAR-EQ,hold,hold,True,target and post-trail stop decision
10903,position_evaluated,AVADHSUGAR-EQ,hold,hold,True,target and post-trail stop decision
10904,position_evaluated,AVADHSUGAR-EQ,hold,hold,True,target and post-trail stop decision
10905,position_evaluated,AVADHSUGAR-EQ,hold,hold,True,target and post-trail stop decision
10906,position_evaluated,AVADHSUGAR-EQ,hold,hold,True,target and post-trail stop decision
10907,position_evaluated,AVADHSUGAR-EQ,hold,hold,True,target and post-trail stop decision
10908,position_evaluated,AVADHSUGAR-EQ,hold,hold,True,target and post-trail stop decision
10909,position_evaluated,AVADHSUGAR-EQ,hold,hold,True,target and post-trail stop decision
10910,position_evaluated,AVADHSUGAR-EQ,hold,hold,True,target and post-trail stop decision
10911,position_evaluated,AVADHSUGAR-EQ,hold,hold,True,target and post-trail stop decision
10912,position_evaluated,AVADHSUGAR-EQ,hold,hold,True,target and post-trail stop decision
10913,position_evaluated,AVADHSUGAR-EQ,hold,hold,True,target and post-trail stop decision
10914,position_evaluated,AVADHSUGAR-EQ,hold,hold,True,target and post-trail stop decision
10915,position_evaluated,AVADHSUGAR-EQ,hold,hold,True,target and post-trail stop decision
10916,position_evaluated,AVADHSUGAR-EQ,hold,hold,True,target and post-trail stop decision
10917,position_evaluated,AVADHSUGAR-EQ,hold,hold,True,target and post-trail stop decision
10918,position_evaluated,AVADHSUGAR-EQ,hold,hold,True,target and post-trail stop decision
10919,position_evaluated,AVADHSUGAR-EQ,hold,hold,True,target and post-trail stop decision
10920,position_evaluated,AVADHSUGAR-EQ,hold,hold,True,target and post-trail stop decision
10921,position_evaluated,AVADHSUGAR-EQ,hold,hold,True,target and post-trail stop decision
10922,position_evaluated,AVADHSUGAR-EQ,hold,hold,True,target and post-trail stop decision
10923,position_evaluated,AVADHSUGAR-EQ,hold,hold,True,target and post-trail stop decision
10924,position_evaluated,AVADHSUGAR-EQ,hold,hold,True,target and post-trail stop decision
10925,position_evaluated,AVADHSUGAR-EQ,hold,hold,True,target and post-trail stop decision
10926,position_evaluated,AVADHSUGAR-EQ,hold,hold,True,target and post-trail stop decision
10927,position_evaluated,AVADHSUGAR-EQ,hold,hold,True,target and post-trail stop decision
10928,position_evaluated,AVADHSUGAR-EQ,hold,hold,True,target and post-trail stop decision
10929,position_evaluated,AVADHSUGAR-EQ,hold,hold,True,target and post-trail stop decision
10930,position_evaluated,AVADHSUGAR-EQ,hold,hold,True,target and post-trail stop decision
10931,position_evaluated,AVADHSUGAR-EQ,hold,hold,True,target and post-trail stop decision
10932,position_evaluated,AVADHSUGAR-EQ,hold,hold,True,target and post-trail stop decision
10933,position_evaluated,AVADHSUGAR-EQ,hold,hold,True,target and post-trail stop decision
10934,position_evaluated,AVADHSUGAR-EQ,hold,hold,True,target and post-trail stop decision
10935,position_evaluated,AVADHSUGAR-EQ,hold,hold,True,target and post-trail stop decision
10936,position_evaluated,AVADHSUGAR-EQ,hold,hold,True,target and post-trail stop decision
10937,position_evaluated,AVADHSUGAR-EQ,hold,hold,True,target and post-trail stop decision
10938,position_evaluated,AVADHSUGAR-EQ,hold,hold,True,target and post-trail stop decision
10939,position_evaluated,AVADHSUGAR-EQ,hold,hold,True,target and post-trail stop decision
10940,position_evaluated,AVADHSUGAR-EQ,hold,hold,True,target and post-trail stop decision
10941,position_evaluated,AVADHSUGAR-EQ,hold,hold,True,target and post-trail stop decision
10942,position_evaluated,AVADHSUGAR-EQ,hold,hold,True,target and post-trail stop decision
10943,position_evaluated,AVADHSUGAR-EQ,hold,hold,True,target and post-trail stop decision
10944,position_evaluated,AVADHSUGAR-EQ,hold,hold,True,target and post-trail stop decision
10945,position_evaluated,AVADHSUGAR-EQ,hold,hold,True,target and post-trail stop decision
10946,position_evaluated,AVADHSUGAR-EQ,hold,hold,True,target and post-trail stop decision
10947,position_evaluated,AVADHSUGAR-EQ,hold,hold,True,target and post-trail stop decision
10948,position_evaluated,AVADHSUGAR-EQ,hold,hold,True,target and post-trail stop decision
10949,position_evaluated,AVADHSUGAR-EQ,hold,hold,True,target and post-trail stop decision
10950,position_evaluated,AVADHSUGAR-EQ,hold,hold,True,target and post-trail stop decision
10951,position_evaluated,AVADHSUGAR-EQ,hold,hold,True,target and post-trail stop decision
10952,position_evaluated,AVADHSUGAR-EQ,hold,hold,True,target and post-trail stop decision
10953,position_evaluated,AVADHSUGAR-EQ,hold,hold,True,target and post-trail stop decision
10954,position_evaluated,AVADHSUGAR-EQ,hold,hold,True,target and post-trail stop decision
10955,position_evaluated,AVADHSUGAR-EQ,hold,hold,True,target and post-trail stop decision
10956,position_evaluated,AVADHSUGAR-EQ,hold,hold,True,target and post-trail stop decision
10957,position_evaluated,AVADHSUGAR-EQ,hold,hold,True,target and post-trail stop decision
10958,position_evaluated,AVADHSUGAR-EQ,hold,hold,True,target and post-trail stop decision
10959,position_evaluated,AVADHSUGAR-EQ,hold,hold,True,target and post-trail stop decision
10960,position_evaluated,AVADHSUGAR-EQ,hold,hold,True,target and post-trail stop decision
10961,position_evaluated,AVADHSUGAR-EQ,hold,hold,True,target and post-trail stop decision
10962,position_evaluated,AVADHSUGAR-EQ,hold,hold,True,target and post-trail stop decision
10963,position_evaluated,AVADHSUGAR-EQ,hold,hold,True,target and post-trail stop decision
10964,position_evaluated,AVADHSUGAR-EQ,hold,hold,True,target and post-trail stop decision
10965,position_evaluated,AVADHSUGAR-EQ,hold,hold,True,target and post-trail stop decision
10966,position_evaluated,AVADHSUGAR-EQ,hold,hold,True,target and post-trail stop decision
10967,position_evaluated,AVADHSUGAR-EQ,hold,hold,True,target and post-trail stop decision
10968,position_evaluated,AVADHSUGAR-EQ,hold,hold,True,target and post-trail stop decision
10969,position_evaluated,AVADHSUGAR-EQ,hold,hold,True,target and post-trail stop decision
10970,position_evaluated,AVADHSUGAR-EQ,hold,hold,True,target and post-trail stop decision
10971,position_evaluated,AVADHSUGAR-EQ,hold,hold,True,target and post-trail stop decision
10972,position_evaluated,AVADHSUGAR-EQ,hold,hold,True,target and post-trail stop decision
10973,position_evaluated,AVADHSUGAR-EQ,hold,hold,True,target and post-trail stop decision
10974,position_evaluated,AVADHSUGAR-EQ,hold,hold,True,target and post-trail stop decision
10975,position_evaluated,AVADHSUGAR-EQ,hold,hold,True,target and post-trail stop decision
10976,position_evaluated,AVADHSUGAR-EQ,hold,hold,True,target and post-trail stop decision
10977,position_evaluated,AVADHSUGAR-EQ,hold,hold,True,target and post-trail stop decision
10978,position_evaluated,AVADHSUGAR-EQ,hold,hold,True,target and post-trail stop decision
10979,position_evaluated,AVADHSUGAR-EQ,hold,hold,True,target and post-trail stop decision
10980,position_evaluated,AVADHSUGAR-EQ,hold,hold,True,target and post-trail stop decision
10981,position_evaluated,AVADHSUGAR-EQ,hold,hold,True,target and post-trail stop decision
10982,position_evaluated,AVADHSUGAR-EQ,hold,hold,True,target and post-trail stop decision
10983,position_evaluated,AVADHSUGAR-EQ,hold,hold,True,target and post-trail stop decision
10984,position_evaluated,AVADHSUGAR-EQ,hold,hold,True,target and post-trail stop decision
10985,position_evaluated,AVADHSUGAR-EQ,hold,hold,True,target and post-trail stop decision
10986,position_evaluated,AVADHSUGAR-EQ,hold,hold,True,target and post-trail stop decision
10987,position_evaluated,AVADHSUGAR-EQ,hold,hold,True,target and post-trail stop decision
10988,position_evaluated,AVADHSUGAR-EQ,hold,hold,True,target and post-trail stop decision
10989,position_evaluated,AVADHSUGAR-EQ,hold,hold,True,target and post-trail stop decision
10990,position_evaluated,AVADHSUGAR-EQ,hold,hold,True,target and post-trail stop decision
10991,position_evaluated,AVADHSUGAR-EQ,hold,hold,True,target and post-trail stop decision
10992,position_evaluated,AVADHSUGAR-EQ,hold,hold,True,target and post-trail stop decision
10993,position_evaluated,AVADHSUGAR-EQ,hold,hold,True,target and post-trail stop decision
10994,position_evaluated,AVADHSUGAR-EQ,hold,hold,True,target and post-trail stop decision
10995,position_evaluated,AVADHSUGAR-EQ,hold,hold,True,target and post-trail stop decision
10996,position_evaluated,AVADHSUGAR-EQ,hold,hold,True,target and post-trail stop decision
10997,position_evaluated,AVADHSUGAR-EQ,hold,hold,True,target and post-trail stop decision
10998,position_evaluated,AVADHSUGAR-EQ,hold,hold,True,target and post-trail stop decision
10999,position_evaluated,AVADHSUGAR-EQ,hold,hold,True,target and post-trail stop decision
11000,position_evaluated,AVADHSUGAR-EQ,hold,hold,True,target and post-trail stop decision
11001,position_evaluated,AVADHSUGAR-EQ,hold,hold,True,target and post-trail stop decision
11002,position_evaluated,AVADHSUGAR-EQ,hold,hold,True,target and post-trail stop decision
11003,position_evaluated,AVADHSUGAR-EQ,hold,hold,True,target and post-trail stop decision
11004,position_evaluated,AVADHSUGAR-EQ,hold,hold,True,target and post-trail stop decision
11005,position_evaluated,AVADHSUGAR-EQ,hold,hold,True,target and post-trail stop decision
11006,position_evaluated,AVADHSUGAR-EQ,hold,hold,True,target and post-trail stop decision
11007,position_evaluated,AVADHSUGAR-EQ,hold,hold,True,target and post-trail stop decision
11008,position_evaluated,AVADHSUGAR-EQ,hold,hold,True,target and post-trail stop decision
11009,position_evaluated,AVADHSUGAR-EQ,hold,hold,True,target and post-trail stop decision
11010,position_evaluated,AVADHSUGAR-EQ,hold,hold,True,target and post-trail stop decision
11011,position_evaluated,AVADHSUGAR-EQ,hold,hold,True,target and post-trail stop decision
11012,position_evaluated,AVADHSUGAR-EQ,hold,hold,True,target and post-trail stop decision
11013,position_evaluated,AVADHSUGAR-EQ,hold,hold,True,target and post-trail stop decision
11014,position_evaluated,AVADHSUGAR-EQ,hold,hold,True,target and post-trail stop decision
11015,position_evaluated,AVADHSUGAR-EQ,hold,hold,True,target and post-trail stop decision
11016,position_evaluated,AVADHSUGAR-EQ,hold,hold,True,target and post-trail stop decision
11017,position_evaluated,AVADHSUGAR-EQ,hold,hold,True,target and post-trail stop decision
11018,position_evaluated,AVADHSUGAR-EQ,hold,hold,True,target and post-trail stop decision
11019,position_evaluated,AVADHSUGAR-EQ,hold,hold,True,target and post-trail stop decision
11020,position_evaluated,AVADHSUGAR-EQ,hold,hold,True,target and post-trail stop decision
11021,position_evaluated,AVADHSUGAR-EQ,hold,hold,True,target and post-trail stop decision
11022,position_evaluated,AVADHSUGAR-EQ,hold,hold,True,target and post-trail stop decision
11023,position_evaluated,AVADHSUGAR-EQ,hold,hold,True,target and post-trail stop decision
11024,position_evaluated,AVADHSUGAR-EQ,hold,hold,True,target and post-trail stop decision
11025,position_evaluated,AVADHSUGAR-EQ,hold,hold,True,target and post-trail stop decision
11026,position_evaluated,AVADHSUGAR-EQ,hold,hold,True,target and post-trail stop decision
11027,position_evaluated,AVADHSUGAR-EQ,hold,hold,True,target and post-trail stop decision
11028,position_evaluated,AVADHSUGAR-EQ,hold,hold,True,target and post-trail stop decision
11029,position_evaluated,AVADHSUGAR-EQ,hold,hold,True,target and post-trail stop decision
11030,position_evaluated,AVADHSUGAR-EQ,hold,hold,True,target and post-trail stop decision
11031,position_evaluated,AVADHSUGAR-EQ,hold,hold,True,target and post-trail stop decision
11032,position_evaluated,AVADHSUGAR-EQ,hold,hold,True,target and post-trail stop decision
11033,position_evaluated,AVADHSUGAR-EQ,hold,hold,True,target and post-trail stop decision
11034,position_evaluated,AVADHSUGAR-EQ,hold,hold,True,target and post-trail stop decision
11035,position_evaluated,AVADHSUGAR-EQ,hold,hold,True,target and post-trail stop decision
11036,position_evaluated,AVADHSUGAR-EQ,hold,hold,True,target and post-trail stop decision
11037,position_evaluated,AVADHSUGAR-EQ,hold,hold,True,target and post-trail stop decision
11038,position_evaluated,AVADHSUGAR-EQ,hold,hold,True,target and post-trail stop decision
11039,position_evaluated,AVADHSUGAR-EQ,hold,hold,True,target and post-trail stop decision
11040,position_evaluated,AVADHSUGAR-EQ,hold,hold,True,target and post-trail stop decision
11041,position_evaluated,AVADHSUGAR-EQ,hold,hold,True,target and post-trail stop decision
11042,position_evaluated,AVADHSUGAR-EQ,hold,hold,True,target and post-trail stop decision
11043,position_evaluated,AVADHSUGAR-EQ,hold,hold,True,target and post-trail stop decision
11044,position_evaluated,AVADHSUGAR-EQ,hold,hold,True,target and post-trail stop decision
11045,position_evaluated,AVADHSUGAR-EQ,hold,hold,True,target and post-trail stop decision
11046,position_evaluated,AVADHSUGAR-EQ,hold,hold,True,target and post-trail stop decision
11047,position_evaluated,AVADHSUGAR-EQ,hold,hold,True,target and post-trail stop decision
11048,position_evaluated,AVADHSUGAR-EQ,hold,hold,True,target and post-trail stop decision
11049,position_evaluated,AVADHSUGAR-EQ,hold,hold,True,target and post-trail stop decision
11050,position_evaluated,AVADHSUGAR-EQ,hold,hold,True,target and post-trail stop decision
11051,position_evaluated,AVADHSUGAR-EQ,hold,hold,True,target and post-trail stop decision
11052,position_evaluated,AVADHSUGAR-EQ,hold,hold,True,target and post-trail stop decision
11053,position_evaluated,AVADHSUGAR-EQ,hold,hold,True,target and post-trail stop decision
11054,position_evaluated,AVADHSUGAR-EQ,hold,hold,True,target and post-trail stop decision
11055,position_evaluated,AVADHSUGAR-EQ,hold,hold,True,target and post-trail stop decision
11056,position_evaluated,AVADHSUGAR-EQ,hold,hold,True,target and post-trail stop decision
11057,position_evaluated,AVADHSUGAR-EQ,hold,hold,True,target and post-trail stop decision
11058,position_evaluated,AVADHSUGAR-EQ,hold,hold,True,target and post-trail stop decision
11059,position_evaluated,AVADHSUGAR-EQ,hold,hold,True,target and post-trail stop decision
11060,position_evaluated,AVADHSUGAR-EQ,hold,hold,True,target and post-trail stop decision
11061,position_evaluated,AVADHSUGAR-EQ,hold,hold,True,target and post-trail stop decision
11062,position_evaluated,AVADHSUGAR-EQ,hold,hold,True,target and post-trail stop decision
11063,position_evaluated,AVADHSUGAR-EQ,hold,hold,True,target and post-trail stop decision
11064,position_evaluated,AVADHSUGAR-EQ,hold,hold,True,target and post-trail stop decision
11065,position_evaluated,AVADHSUGAR-EQ,hold,hold,True,target and post-trail stop decision
11066,position_evaluated,AVADHSUGAR-EQ,hold,hold,True,target and post-trail stop decision
11067,position_evaluated,AVADHSUGAR-EQ,hold,hold,True,target and post-trail stop decision
11068,position_evaluated,AVADHSUGAR-EQ,hold,hold,True,target and post-trail stop decision
11069,position_evaluated,AVADHSUGAR-EQ,hold,hold,True,target and post-trail stop decision
11070,position_evaluated,AVADHSUGAR-EQ,hold,hold,True,target and post-trail stop decision
11071,position_evaluated,AVADHSUGAR-EQ,hold,hold,True,target and post-trail stop decision
11072,position_evaluated,AVADHSUGAR-EQ,hold,hold,True,target and post-trail stop decision
11073,position_evaluated,AVADHSUGAR-EQ,hold,hold,True,target and post-trail stop decision
11074,position_evaluated,AVADHSUGAR-EQ,hold,hold,True,target and post-trail stop decision
11075,position_evaluated,AVADHSUGAR-EQ,hold,hold,True,target and post-trail stop decision
11076,position_evaluated,AVADHSUGAR-EQ,hold,hold,True,target and post-trail stop decision
11077,position_evaluated,AVADHSUGAR-EQ,hold,hold,True,target and post-trail stop decision
11078,position_evaluated,AVADHSUGAR-EQ,hold,hold,True,target and post-trail stop decision
11079,position_evaluated,AVADHSUGAR-EQ,hold,hold,True,target and post-trail stop decision
11080,position_evaluated,AVADHSUGAR-EQ,hold,hold,True,target and post-trail stop decision
11081,position_evaluated,AVADHSUGAR-EQ,hold,hold,True,target and post-trail stop decision
11082,position_evaluated,AVADHSUGAR-EQ,hold,hold,True,target and post-trail stop decision
11083,position_evaluated,AVADHSUGAR-EQ,hold,hold,True,target and post-trail stop decision
11084,position_evaluated,AVADHSUGAR-EQ,hold,hold,True,target and post-trail stop decision
11085,position_evaluated,AVADHSUGAR-EQ,hold,hold,True,target and post-trail stop decision
11086,position_evaluated,AVADHSUGAR-EQ,hold,hold,True,target and post-trail stop decision
11087,position_evaluated,AVADHSUGAR-EQ,hold,hold,True,target and post-trail stop decision
11088,position_evaluated,AVADHSUGAR-EQ,hold,hold,True,target and post-trail stop decision
11089,position_evaluated,AVADHSUGAR-EQ,hold,hold,True,target and post-trail stop decision
11090,position_evaluated,AVADHSUGAR-EQ,hold,hold,True,target and post-trail stop decision
11091,position_evaluated,AVADHSUGAR-EQ,hold,hold,True,target and post-trail stop decision
11092,position_evaluated,AVADHSUGAR-EQ,hold,hold,True,target and post-trail stop decision
11093,position_evaluated,AVADHSUGAR-EQ,hold,hold,True,target and post-trail stop decision
11094,position_evaluated,AVADHSUGAR-EQ,hold,hold,True,target and post-trail stop decision
11095,position_evaluated,AVADHSUGAR-EQ,hold,hold,True,target and post-trail stop decision
11096,position_evaluated,AVADHSUGAR-EQ,hold,hold,True,target and post-trail stop decision
11097,position_evaluated,AVADHSUGAR-EQ,hold,hold,True,target and post-trail stop decision
11098,position_evaluated,AVADHSUGAR-EQ,hold,hold,True,target and post-trail stop decision
11099,position_evaluated,AVADHSUGAR-EQ,hold,hold,True,target and post-trail stop decision
11100,position_evaluated,AVADHSUGAR-EQ,hold,hold,True,target and post-trail stop decision
11101,position_evaluated,AVADHSUGAR-EQ,hold,hold,True,target and post-trail stop decision
11102,position_evaluated,AVADHSUGAR-EQ,hold,hold,True,target and post-trail stop decision
11103,position_evaluated,AVADHSUGAR-EQ,hold,hold,True,target and post-trail stop decision
11104,position_evaluated,AVADHSUGAR-EQ,hold,hold,True,target and post-trail stop decision
11105,position_evaluated,AVADHSUGAR-EQ,hold,hold,True,target and post-trail stop decision
11106,position_evaluated,AVADHSUGAR-EQ,hold,hold,True,target and post-trail stop decision
11107,position_evaluated,AVADHSUGAR-EQ,hold,hold,True,target and post-trail stop decision
11108,position_evaluated,AVADHSUGAR-EQ,hold,hold,True,target and post-trail stop decision
11109,position_evaluated,AVADHSUGAR-EQ,hold,hold,True,target and post-trail stop decision
11110,position_evaluated,AVADHSUGAR-EQ,hold,hold,True,target and post-trail stop decision
11111,position_evaluated,AVADHSUGAR-EQ,hold,hold,True,target and post-trail stop decision
11112,position_evaluated,AVADHSUGAR-EQ,hold,hold,True,target and post-trail stop decision
11113,position_evaluated,AVADHSUGAR-EQ,hold,hold,True,target and post-trail stop decision
11114,position_evaluated,AVADHSUGAR-EQ,hold,hold,True,target and post-trail stop decision
11115,position_evaluated,AVADHSUGAR-EQ,hold,hold,True,target and post-trail stop decision
11116,position_evaluated,AVADHSUGAR-EQ,hold,hold,True,target and post-trail stop decision
11117,position_evaluated,AVADHSUGAR-EQ,hold,hold,True,target and post-trail stop decision
11118,position_evaluated,AVADHSUGAR-EQ,hold,hold,True,target and post-trail stop decision
11119,position_evaluated,AVADHSUGAR-EQ,hold,hold,True,target and post-trail stop decision
11120,position_evaluated,AVADHSUGAR-EQ,hold,hold,True,target and post-trail stop decision
11121,position_evaluated,AVADHSUGAR-EQ,hold,hold,True,target and post-trail stop decision
11122,position_evaluated,AVADHSUGAR-EQ,hold,hold,True,target and post-trail stop decision
11123,position_evaluated,AVADHSUGAR-EQ,hold,hold,True,target and post-trail stop decision
11124,position_evaluated,AVADHSUGAR-EQ,hold,hold,True,target and post-trail stop decision
11125,position_evaluated,AVADHSUGAR-EQ,hold,hold,True,target and post-trail stop decision
11126,position_evaluated,AVADHSUGAR-EQ,hold,hold,True,target and post-trail stop decision
11127,position_evaluated,AVADHSUGAR-EQ,hold,hold,True,target and post-trail stop decision
11128,position_evaluated,AVADHSUGAR-EQ,hold,hold,True,target and post-trail stop decision
11129,position_evaluated,AVADHSUGAR-EQ,hold,hold,True,target and post-trail stop decision
11130,position_evaluated,AVADHSUGAR-EQ,hold,hold,True,target and post-trail stop decision
11131,position_evaluated,AVADHSUGAR-EQ,hold,hold,True,target and post-trail stop decision
11132,position_evaluated,AVADHSUGAR-EQ,hold,hold,True,target and post-trail stop decision
11133,position_evaluated,AVADHSUGAR-EQ,hold,hold,True,target and post-trail stop decision
11134,position_evaluated,AVADHSUGAR-EQ,hold,hold,True,target and post-trail stop decision
11135,position_evaluated,AVADHSUGAR-EQ,hold,hold,True,target and post-trail stop decision
11136,position_evaluated,AVADHSUGAR-EQ,hold,hold,True,target and post-trail stop decision
11137,position_evaluated,AVADHSUGAR-EQ,hold,hold,True,target and post-trail stop decision
11138,position_evaluated,AVADHSUGAR-EQ,hold,hold,True,target and post-trail stop decision
11139,position_evaluated,AVADHSUGAR-EQ,hold,hold,True,target and post-trail stop decision
11140,position_evaluated,AVADHSUGAR-EQ,hold,hold,True,target and post-trail stop decision
11141,position_evaluated,AVADHSUGAR-EQ,hold,hold,True,target and post-trail stop decision
11142,position_evaluated,AVADHSUGAR-EQ,hold,hold,True,target and post-trail stop decision
11143,position_evaluated,AVADHSUGAR-EQ,hold,hold,True,target and post-trail stop decision
11144,position_evaluated,AVADHSUGAR-EQ,hold,hold,True,target and post-trail stop decision
11145,position_evaluated,AVADHSUGAR-EQ,hold,hold,True,target and post-trail stop decision
11146,position_evaluated,AVADHSUGAR-EQ,hold,hold,True,target and post-trail stop decision
11147,position_evaluated,AVADHSUGAR-EQ,hold,hold,True,target and post-trail stop decision
11148,position_evaluated,AVADHSUGAR-EQ,hold,hold,True,target and post-trail stop decision
11149,position_evaluated,AVADHSUGAR-EQ,hold,hold,True,target and post-trail stop decision
11150,position_evaluated,AVADHSUGAR-EQ,hold,hold,True,target and post-trail stop decision
11151,position_evaluated,AVADHSUGAR-EQ,hold,hold,True,target and post-trail stop decision
11152,position_evaluated,AVADHSUGAR-EQ,hold,hold,True,target and post-trail stop decision
11153,position_evaluated,AVADHSUGAR-EQ,hold,hold,True,target and post-trail stop decision
11154,position_evaluated,AVADHSUGAR-EQ,hold,hold,True,target and post-trail stop decision
11155,position_evaluated,AVADHSUGAR-EQ,hold,hold,True,target and post-trail stop decision
11156,position_evaluated,AVADHSUGAR-EQ,hold,hold,True,target and post-trail stop decision
11157,position_evaluated,AVADHSUGAR-EQ,hold,hold,True,target and post-trail stop decision
11158,position_evaluated,AVADHSUGAR-EQ,hold,hold,True,target and post-trail stop decision
11159,position_evaluated,AVADHSUGAR-EQ,hold,hold,True,target and post-trail stop decision
11160,position_evaluated,AVADHSUGAR-EQ,hold,hold,True,target and post-trail stop decision
11161,position_evaluated,AVADHSUGAR-EQ,hold,hold,True,target and post-trail stop decision
11162,position_evaluated,AVADHSUGAR-EQ,hold,hold,True,target and post-trail stop decision
11163,position_evaluated,AVADHSUGAR-EQ,hold,hold,True,target and post-trail stop decision
11164,position_evaluated,AVADHSUGAR-EQ,hold,hold,True,target and post-trail stop decision
11165,position_evaluated,AVADHSUGAR-EQ,hold,hold,True,target and post-trail stop decision
11166,position_evaluated,AVADHSUGAR-EQ,hold,hold,True,target and post-trail stop decision
11167,position_evaluated,AVADHSUGAR-EQ,hold,hold,True,target and post-trail stop decision
11168,position_evaluated,AVADHSUGAR-EQ,hold,hold,True,target and post-trail stop decision
11169,position_evaluated,AVADHSUGAR-EQ,hold,hold,True,target and post-trail stop decision
11170,position_evaluated,AVADHSUGAR-EQ,hold,hold,True,target and post-trail stop decision
11171,position_evaluated,AVADHSUGAR-EQ,hold,hold,True,target and post-trail stop decision
11172,position_evaluated,AVADHSUGAR-EQ,hold,hold,True,target and post-trail stop decision
11173,position_evaluated,AVADHSUGAR-EQ,hold,hold,True,target and post-trail stop decision
11174,position_evaluated,AVADHSUGAR-EQ,hold,hold,True,target and post-trail stop decision
11175,position_evaluated,AVADHSUGAR-EQ,hold,hold,True,target and post-trail stop decision
11176,position_evaluated,AVADHSUGAR-EQ,hold,hold,True,target and post-trail stop decision
11177,position_evaluated,AVADHSUGAR-EQ,hold,hold,True,target and post-trail stop decision
11178,position_evaluated,AVADHSUGAR-EQ,hold,hold,True,target and post-trail stop decision
11179,position_evaluated,AVADHSUGAR-EQ,hold,hold,True,target and post-trail stop decision
11180,position_evaluated,AVADHSUGAR-EQ,hold,hold,True,target and post-trail stop decision
11181,position_evaluated,AVADHSUGAR-EQ,hold,hold,True,target and post-trail stop decision
11182,position_evaluated,AVADHSUGAR-EQ,hold,hold,True,target and post-trail stop decision
11183,position_evaluated,AVADHSUGAR-EQ,hold,hold,True,target and post-trail stop decision
11184,position_evaluated,AVADHSUGAR-EQ,hold,hold,True,target and post-trail stop decision
11185,position_evaluated,AVADHSUGAR-EQ,hold,hold,True,target and post-trail stop decision
11186,position_evaluated,AVADHSUGAR-EQ,hold,hold,True,target and post-trail stop decision
11187,position_evaluated,AVADHSUGAR-EQ,hold,hold,True,target and post-trail stop decision
11188,position_evaluated,AVADHSUGAR-EQ,hold,hold,True,target and post-trail stop decision
11189,position_evaluated,AVADHSUGAR-EQ,hold,hold,True,target and post-trail stop decision
